ActivitySiteID,ActivityDescription,BookingEndDate,BookingStartTime,MaxBookees,Number Booked,Price (INR),Month,Day,Hour,TimeSlot,Occupancy Rate,Revenue
BRP,20:20:20  9.30-10.30am,01-06-18,01-01-00 9:30,35,28,499,June,Friday,9,Morning,80,13972
BRP,20:20:20  9.30-10.30am,08-06-18,01-01-00 9:30,35,35,499,June,Friday,9,Morning,100,17465
BRP,20:20:20  9.30-10.30am,15-06-18,01-01-00 9:30,35,31,499,June,Friday,9,Morning,88.57142857,15469
BRP,20:20:20  9.30-10.30am,22-06-18,01-01-00 9:30,35,32,499,June,Friday,9,Morning,91.42857143,15968
BRP,20:20:20  9.30-10.30am,29-06-18,01-01-00 9:30,35,19,499,June,Friday,9,Morning,54.28571429,9481
BRP,20:20:20  10-11 Am,05-06-18,01-01-00 10:00,35,25,499,June,Tuesday,10,Morning,71.42857143,12475
BRP,20:20:20  10-11 Am,12-06-18,01-01-00 10:00,35,23,499,June,Tuesday,10,Morning,65.71428571,11477
BRP,20:20:20  10-11 Am,19-06-18,01-01-00 10:00,35,21,499,June,Tuesday,10,Morning,60,10479
BRP,20:20:20  10-11 Am,26-06-18,01-01-00 10:00,35,18,499,June,Tuesday,10,Morning,51.42857143,8982
BRP,20:20:20  10.00-11.00am,14-06-18,01-01-00 10:00,35,19,499,June,Thursday,10,Morning,54.28571429,9481
BRP,20:20:20  10.00-11.00am,21-06-18,01-01-00 10:00,35,22,499,June,Thursday,10,Morning,62.85714286,10978
BRP,20:20:20  10.00-11.00am,28-06-18,01-01-00 10:00,35,18,499,June,Thursday,10,Morning,51.42857143,8982
BRP,Aerobics,05-06-18,01-01-00 19:30,35,24,799,June,Tuesday,19,Evening,68.57142857,19176
BRP,Aerobics,12-06-18,01-01-00 19:30,35,25,799,June,Tuesday,19,Evening,71.42857143,19975
BRP,Aerobics,19-06-18,01-01-00 19:30,35,19,799,June,Tuesday,19,Evening,54.28571429,15181
BRP,Aerobics,26-06-18,01-01-00 19:30,35,15,799,June,Tuesday,19,Evening,42.85714286,11985
BRP,Aerobics 6.00-7.00pm,04-06-18,01-01-00 18:00,35,35,799,June,Monday,18,Evening,100,27965
BRP,Aerobics 6.00-7.00pm,11-06-18,01-01-00 18:00,35,32,799,June,Monday,18,Evening,91.42857143,25568
BRP,Aerobics 6.00-7.00pm,18-06-18,01-01-00 18:00,35,31,799,June,Monday,18,Evening,88.57142857,24769
BRP,Aerobics 6.00-7.00pm,25-06-18,01-01-00 18:00,35,24,799,June,Monday,18,Evening,68.57142857,19176
BRP,Aqua Fit 2.45 -3.45pm,06-06-18,01-01-00 14:45,35,16,999,June,Wednesday,14,Afternoon,45.71428571,15984
BRP,Aqua Fit 14.45pm,13-06-18,01-01-00 14:30,35,25,999,June,Wednesday,14,Afternoon,71.42857143,24975
BRP,Aqua Fit 14.45pm,20-06-18,01-01-00 14:30,35,27,999,June,Wednesday,14,Afternoon,77.14285714,26973
BRP,Aqua Fit 14.45pm,27-06-18,01-01-00 14:30,35,18,999,June,Wednesday,14,Afternoon,51.42857143,17982
BRP,Aqua Tots 10 -10.30am,02-06-18,01-01-00 10:00,10,6,1499,June,Saturday,10,Morning,60,8994
BRP,Aqua Tots 10 -10.30am,09-06-18,01-01-00 10:00,10,8,1499,June,Saturday,10,Morning,80,11992
BRP,Aqua Tots 10 -10.30am,16-06-18,01-01-00 10:00,10,10,1499,June,Saturday,10,Morning,100,14990
BRP,Aqua Tots 10 -10.30am,23-06-18,01-01-00 10:00,10,10,1499,June,Saturday,10,Morning,100,14990
BRP,Aqua Tots 10 -10.30am,30-06-18,01-01-00 10:00,10,7,1499,June,Saturday,10,Morning,70,10493
BRP,Aqua Tots 11.00-11.30am,06-06-18,01-01-00 11:00,10,3,1499,June,Wednesday,11,Morning,30,4497
BRP,Aqua Tots 11.00-11.30am,13-06-18,01-01-00 11:00,10,6,1499,June,Wednesday,11,Morning,60,8994
BRP,Aqua Tots 11.00-11.30am,20-06-18,01-01-00 11:00,10,7,1499,June,Wednesday,11,Morning,70,10493
BRP,Aqua Tots 11.00-11.30am,27-06-18,01-01-00 11:00,10,9,1499,June,Wednesday,11,Morning,90,13491
BRP,Aquababies 10.00 -10.30am,04-06-18,01-01-00 10:00,10,5,1499,June,Monday,10,Morning,50,7495
BRP,Aquababies 10.00 -10.30am,11-06-18,01-01-00 10:00,10,9,1499,June,Monday,10,Morning,90,13491
BRP,Aquababies 10.00 -10.30am,18-06-18,01-01-00 10:00,10,7,1499,June,Monday,10,Morning,70,10493
BRP,Aquababies 10.00 -10.30am,25-06-18,01-01-00 10:00,10,6,1499,June,Monday,10,Morning,60,8994
BRP,Aquababies 10.30-11.00am,06-06-18,01-01-00 10:30,10,5,1499,June,Wednesday,10,Morning,50,7495
BRP,Aquababies 10.30-11.00am,13-06-18,01-01-00 10:30,10,6,1499,June,Wednesday,10,Morning,60,8994
BRP,Aquababies 10.30-11.00am,20-06-18,01-01-00 10:30,10,3,1499,June,Wednesday,10,Morning,30,4497
BRP,Aquababies 10.30-11.00am,27-06-18,01-01-00 10:30,10,5,1499,June,Wednesday,10,Morning,50,7495
BRP,Aquafit  6.00-7.00pm,07-06-18,01-01-00 18:00,35,32,999,June,Thursday,18,Evening,91.42857143,31968
BRP,Aquafit  6.00-7.00pm,14-06-18,01-01-00 18:00,35,33,999,June,Thursday,18,Evening,94.28571429,32967
BRP,Aquafit  6.00-7.00pm,21-06-18,01-01-00 18:00,35,34,999,June,Thursday,18,Evening,97.14285714,33966
BRP,Aquafit  6.00-7.00pm,28-06-18,01-01-00 18:00,35,31,999,June,Thursday,18,Evening,88.57142857,30969
BRP,Aquafit 7.00-8.00pm,05-06-18,01-01-00 19:00,35,30,999,June,Tuesday,19,Evening,85.71428571,29970
BRP,Aquafit 7.00-8.00pm,12-06-18,01-01-00 19:00,35,28,999,June,Tuesday,19,Evening,80,27972
BRP,Aquafit 7.00-8.00pm,19-06-18,01-01-00 19:00,35,29,999,June,Tuesday,19,Evening,82.85714286,28971
BRP,Aquafit 7.00-8.00pm,26-06-18,01-01-00 19:00,35,34,999,June,Tuesday,19,Evening,97.14285714,33966
BRP,Aquafit 11.00-12.00 Noon,01-06-18,01-01-00 11:00,35,30,999,June,Friday,11,Morning,85.71428571,29970
BRP,Aquafit 11.00-12.00 Noon,08-06-18,01-01-00 11:00,35,27,999,June,Friday,11,Morning,77.14285714,26973
BRP,Aquafit 11.00-12.00 Noon,15-06-18,01-01-00 11:00,35,34,999,June,Friday,11,Morning,97.14285714,33966
BRP,Aquafit 11.00-12.00 Noon,22-06-18,01-01-00 11:00,35,34,999,June,Friday,11,Morning,97.14285714,33966
BRP,Aquafit 11.00-12.00 Noon,29-06-18,01-01-00 11:00,35,32,999,June,Friday,11,Morning,91.42857143,31968
BRP,Aquafit 11am - 12,04-06-18,01-01-00 11:00,35,35,999,June,Monday,11,Morning,100,34965
BRP,Aquafit 11am - 12,11-06-18,01-01-00 11:00,35,32,999,June,Monday,11,Morning,91.42857143,31968
BRP,Aquafit 11am - 12,18-06-18,01-01-00 11:00,35,34,999,June,Monday,11,Morning,97.14285714,33966
BRP,Aquafit 11am - 12,25-06-18,01-01-00 11:00,35,32,999,June,Monday,11,Morning,91.42857143,31968
BRP,Aquatots 10.30-11am,04-06-18,01-01-00 10:30,10,4,1499,June,Monday,10,Morning,40,5996
BRP,Aquatots 10.30-11am,11-06-18,01-01-00 10:30,10,6,1499,June,Monday,10,Morning,60,8994
BRP,Aquatots 10.30-11am,18-06-18,01-01-00 10:30,10,6,1499,June,Monday,10,Morning,60,8994
BRP,Aquatots 10.30-11am,25-06-18,01-01-00 10:30,10,7,1499,June,Monday,10,Morning,70,10493
BRP,Aquatots/baby 11.30-12.00,06-06-18,01-01-00 11:30,10,6,1499,June,Wednesday,11,Morning,60,8994
BRP,Aquatots/baby 11.30-12.00,13-06-18,01-01-00 11:30,10,3,1499,June,Wednesday,11,Morning,30,4497
BRP,Aquatots/baby 11.30-12.00,20-06-18,01-01-00 11:30,10,2,1499,June,Wednesday,11,Morning,20,2998
BRP,Aquatots/baby 11.30-12.00,27-06-18,01-01-00 11:30,10,4,1499,June,Wednesday,11,Morning,40,5996
BRP,Blt Weigh Manage,14-06-18,01-01-00 12:30,30,3,1499,June,Thursday,12,Afternoon,10,4497
BRP,Bodsculp Aero 10.30-11.30,06-06-18,01-01-00 10:30,35,8,1999,June,Wednesday,10,Morning,22.85714286,15992
BRP,Bodsculp Aero 10.30-11.30,13-06-18,01-01-00 10:30,35,9,1999,June,Wednesday,10,Morning,25.71428571,17991
BRP,Bodsculp Aero 10.30-11.30,20-06-18,01-01-00 10:30,35,7,1999,June,Wednesday,10,Morning,20,13993
BRP,Bodsculp Aero 10.30-11.30,27-06-18,01-01-00 10:30,35,9,1999,June,Wednesday,10,Morning,25.71428571,17991
BRP,Body Attack 5.00-6.00pm,04-06-18,01-01-00 17:00,35,32,1999,June,Monday,17,Evening,91.42857143,63968
BRP,Body Attack 5.00-6.00pm,11-06-18,01-01-00 17:00,35,30,1999,June,Monday,17,Evening,85.71428571,59970
BRP,Body Attack 5.00-6.00pm,18-06-18,01-01-00 17:00,35,34,1999,June,Monday,17,Evening,97.14285714,67966
BRP,Body Attack 5.00-6.00pm,25-06-18,01-01-00 17:00,35,23,1999,June,Monday,17,Evening,65.71428571,45977
BRP,Body Attack 5.30 -6.30pm,06-06-18,01-01-00 17:30,35,32,1999,June,Wednesday,17,Evening,91.42857143,63968
BRP,Body Attack 5.30 -6.30pm,13-06-18,01-01-00 17:30,35,27,1999,June,Wednesday,17,Evening,77.14285714,53973
BRP,Body Attack 5.30 -6.30pm,20-06-18,01-01-00 17:30,35,33,1999,June,Wednesday,17,Evening,94.28571429,65967
BRP,Body Attack 5.30 -6.30pm,27-06-18,01-01-00 17:30,35,27,1999,June,Wednesday,17,Evening,77.14285714,53973
BRP,Body Attack 8.00-9.00pm,07-06-18,01-01-00 20:00,35,28,1999,June,Thursday,20,Evening,80,55972
BRP,Body Attack 8.00-9.00pm,14-06-18,01-01-00 20:00,35,31,1999,June,Thursday,20,Evening,88.57142857,61969
BRP,Body Attack 8.00-9.00pm,21-06-18,01-01-00 20:00,35,25,1999,June,Thursday,20,Evening,71.42857143,49975
BRP,Body Attack 8.00-9.00pm,28-06-18,01-01-00 20:00,35,19,1999,June,Thursday,20,Evening,54.28571429,37981
BRP,Body Attack 9-10 Am,30-06-18,01-01-00 9:00,35,21,1999,June,Saturday,9,Morning,60,41979
BRP,Body Attack 10.00-11.00am,11-06-18,01-01-00 10:00,35,7,1999,June,Monday,10,Morning,20,13993
BRP,Body Attack 10.00-11.00am,18-06-18,01-01-00 10:00,35,19,1999,June,Monday,10,Morning,54.28571429,37981
BRP,Body Attack 10.00-11.00am,25-06-18,01-01-00 10:00,35,29,1999,June,Monday,10,Morning,82.85714286,57971
BRP,Body Combat 5-6pm,01-06-18,01-01-00 17:00,35,29,1499,June,Friday,17,Evening,82.85714286,43471
BRP,Body Combat 5-6pm,08-06-18,01-01-00 17:00,35,29,1499,June,Friday,17,Evening,82.85714286,43471
BRP,Body Combat 5-6pm,15-06-18,01-01-00 17:00,35,33,1499,June,Friday,17,Evening,94.28571429,49467
BRP,Body Combat 5-6pm,22-06-18,01-01-00 17:00,35,27,1499,June,Friday,17,Evening,77.14285714,40473
BRP,Body Combat 5-6pm,29-06-18,01-01-00 17:00,35,22,1499,June,Friday,17,Evening,62.85714286,32978
BRP,Body Combat 6.00-7.00pm,07-06-18,01-01-00 18:00,35,27,1499,June,Thursday,18,Evening,77.14285714,40473
BRP,Body Combat 6.00-7.00pm,14-06-18,01-01-00 18:00,35,34,1499,June,Thursday,18,Evening,97.14285714,50966
BRP,Body Combat 6.00-7.00pm,21-06-18,01-01-00 18:00,35,28,1499,June,Thursday,18,Evening,80,41972
BRP,Body Combat 6.00-7.00pm,28-06-18,01-01-00 18:00,35,29,1499,June,Thursday,18,Evening,82.85714286,43471
BRP,Body Combat 7.00-8.00am,04-06-18,01-01-00 7:00,35,10,1499,June,Monday,7,Morning,28.57142857,14990
BRP,Body Combat 7.00-8.00am,11-06-18,01-01-00 7:00,35,13,1499,June,Monday,7,Morning,37.14285714,19487
BRP,Body Combat 7.00-8.00am,18-06-18,01-01-00 7:00,35,14,1499,June,Monday,7,Morning,40,20986
BRP,Body Combat 7.00-8.00am,25-06-18,01-01-00 7:00,35,7,1499,June,Monday,7,Morning,20,10493
BRP,Body Combat 7.00-8.00pm,04-06-18,01-01-00 19:00,35,35,1499,June,Monday,19,Evening,100,52465
BRP,Body Combat 7.00-8.00pm,11-06-18,01-01-00 19:00,35,35,1499,June,Monday,19,Evening,100,52465
BRP,Body Combat 7.00-8.00pm,18-06-18,01-01-00 19:00,35,34,1499,June,Monday,19,Evening,97.14285714,50966
BRP,Body Combat 7.00-8.00pm,25-06-18,01-01-00 19:00,35,32,1499,June,Monday,19,Evening,91.42857143,47968
BRP,Body Combat 9-10am,03-06-18,01-01-00 9:00,35,30,1499,June,Sunday,9,Morning,85.71428571,44970
BRP,Body Combat 9-10am,10-06-18,01-01-00 9:00,35,25,1499,June,Sunday,9,Morning,71.42857143,37475
BRP,Body Combat 9-10am,17-06-18,01-01-00 9:00,35,28,1499,June,Sunday,9,Morning,80,41972
BRP,Body Combat 9-10am,24-06-18,01-01-00 9:00,35,24,1499,June,Sunday,9,Morning,68.57142857,35976
BRP,Body Combat 10-11am,02-06-18,01-01-00 10:00,35,22,1499,June,Saturday,10,Morning,62.85714286,32978
BRP,Body Combat 10-11am,09-06-18,01-01-00 10:00,35,33,1499,June,Saturday,10,Morning,94.28571429,49467
BRP,Body Combat 10-11am,16-06-18,01-01-00 10:00,35,28,1499,June,Saturday,10,Morning,80,41972
BRP,Body Combat 10-11am,23-06-18,01-01-00 10:00,35,32,1499,June,Saturday,10,Morning,91.42857143,47968
BRP,Body Combat 10-11am,30-06-18,01-01-00 10:00,35,29,1499,June,Saturday,10,Morning,82.85714286,43471
BRP,Body Con 4.30-5.30pm,06-06-18,01-01-00 16:30,35,21,1299,June,Wednesday,16,Afternoon,60,27279
BRP,Body Con 4.30-5.30pm,13-06-18,01-01-00 16:30,35,18,1299,June,Wednesday,16,Afternoon,51.42857143,23382
BRP,Body Con 4.30-5.30pm,20-06-18,01-01-00 16:30,35,20,1299,June,Wednesday,16,Afternoon,57.14285714,25980
BRP,Body Con 4.30-5.30pm,27-06-18,01-01-00 16:30,35,15,1299,June,Wednesday,16,Afternoon,42.85714286,19485
BRP,Body Con 9.00-10.00am,02-06-18,01-01-00 9:00,35,32,1299,June,Saturday,9,Morning,91.42857143,41568
BRP,Body Con 9.00-10.00am,09-06-18,01-01-00 9:00,35,30,1299,June,Saturday,9,Morning,85.71428571,38970
BRP,Body Con 9.00-10.00am,16-06-18,01-01-00 9:00,35,31,1299,June,Saturday,9,Morning,88.57142857,40269
BRP,Body Con 9.00-10.00am,23-06-18,01-01-00 9:00,35,18,1299,June,Saturday,9,Morning,51.42857143,23382
BRP,Body Cond 8.00-9.00pm,04-06-18,01-01-00 20:00,35,31,1299,June,Monday,20,Evening,88.57142857,40269
BRP,Body Cond 8.00-9.00pm,11-06-18,01-01-00 20:00,35,31,1299,June,Monday,20,Evening,88.57142857,40269
BRP,Body Cond 8.00-9.00pm,18-06-18,01-01-00 20:00,35,22,1299,June,Monday,20,Evening,62.85714286,28578
BRP,Body Cond 8.00-9.00pm,25-06-18,01-01-00 20:00,35,29,1299,June,Monday,20,Evening,82.85714286,37671
BRP,Body Cond 11-12,02-06-18,01-01-00 11:00,35,13,1299,June,Saturday,11,Morning,37.14285714,16887
BRP,Body Cond 11-12,09-06-18,01-01-00 11:00,35,18,1299,June,Saturday,11,Morning,51.42857143,23382
BRP,Body Cond 11-12,16-06-18,01-01-00 11:00,35,15,1299,June,Saturday,11,Morning,42.85714286,19485
BRP,Body Cond 11-12,23-06-18,01-01-00 11:00,35,21,1299,June,Saturday,11,Morning,60,27279
BRP,Body Cond 11-12,30-06-18,01-01-00 11:00,35,23,1299,June,Saturday,11,Morning,65.71428571,29877
BRP,Body Cond  11-12noon,11-06-18,01-01-00 11:00,35,10,1299,June,Monday,11,Morning,28.57142857,12990
BRP,Body Cond  11-12noon,18-06-18,01-01-00 11:00,35,16,1299,June,Monday,11,Morning,45.71428571,20784
BRP,Body Cond  11-12noon,25-06-18,01-01-00 11:00,35,20,1299,June,Monday,11,Morning,57.14285714,25980
BRP,Body Cond 12.00-12.45pm,06-06-18,01-01-00 12:00,35,15,1299,June,Wednesday,12,Afternoon,42.85714286,19485
BRP,Body Cond 12.00-12.45pm,13-06-18,01-01-00 12:00,35,13,1299,June,Wednesday,12,Afternoon,37.14285714,16887
BRP,Body Cond 12.00-12.45pm,20-06-18,01-01-00 12:00,35,15,1299,June,Wednesday,12,Afternoon,42.85714286,19485
BRP,Body Cond 12.00-12.45pm,27-06-18,01-01-00 12:00,35,15,1299,June,Wednesday,12,Afternoon,42.85714286,19485
BRP,Body Conditioning,05-06-18,01-01-00 18:30,35,26,1299,June,Tuesday,18,Evening,74.28571429,33774
BRP,Body Conditioning,07-06-18,01-01-00 10:00,35,19,1299,June,Thursday,10,Morning,54.28571429,24681
BRP,Body Conditioning,12-06-18,01-01-00 18:30,35,26,1299,June,Tuesday,18,Evening,74.28571429,33774
BRP,Body Conditioning,19-06-18,01-01-00 18:30,35,33,1299,June,Tuesday,18,Evening,94.28571429,42867
BRP,Body Conditioning,26-06-18,01-01-00 18:30,35,32,1299,June,Tuesday,18,Evening,91.42857143,41568
BRP,Fusion 5pm -6pm,07-06-18,01-01-00 17:00,35,27,999,June,Thursday,17,Evening,77.14285714,26973
BRP,Fusion 5pm -6pm,14-06-18,01-01-00 17:00,35,28,999,June,Thursday,17,Evening,80,27972
BRP,Fusion 5pm -6pm,21-06-18,01-01-00 17:00,35,29,999,June,Thursday,17,Evening,82.85714286,28971
BRP,Fusion 5pm -6pm,28-06-18,01-01-00 17:00,35,29,999,June,Thursday,17,Evening,82.85714286,28971
BRP,H.I.I.T 7.00-8.00am,06-06-18,01-01-00 7:00,35,16,2499,June,Wednesday,7,Morning,45.71428571,39984
BRP,H.I.I.T 7.00-8.00am,13-06-18,01-01-00 7:00,35,11,2499,June,Wednesday,7,Morning,31.42857143,27489
BRP,H.I.I.T 7.00-8.00am,20-06-18,01-01-00 7:00,35,9,2499,June,Wednesday,7,Morning,25.71428571,22491
BRP,H.I.I.T 7.00-8.00am,27-06-18,01-01-00 7:00,35,12,2499,June,Wednesday,7,Morning,34.28571429,29988
BRP,H.I.T.T 6pm - 6.45pm,01-06-18,01-01-00 18:00,35,11,2499,June,Friday,18,Evening,31.42857143,27489
BRP,H.I.T.T 6pm - 6.45pm,08-06-18,01-01-00 18:00,35,17,2499,June,Friday,18,Evening,48.57142857,42483
BRP,H.I.T.T 6pm - 6.45pm,15-06-18,01-01-00 18:00,35,12,2499,June,Friday,18,Evening,34.28571429,29988
BRP,H.I.T.T 6pm - 6.45pm,22-06-18,01-01-00 18:00,35,9,2499,June,Friday,18,Evening,25.71428571,22491
BRP,Hatton Abc Box  10-11am,03-06-18,01-01-00 10:00,20,20,1999,June,Sunday,10,Morning,100,39980
BRP,Hatton Abc Box  10-11am,10-06-18,01-01-00 10:00,20,16,1999,June,Sunday,10,Morning,80,31984
BRP,Hatton Abc Box  10-11am,17-06-18,01-01-00 10:00,20,12,1999,June,Sunday,10,Morning,60,23988
BRP,Hatton Abc Box  10-11am,24-06-18,01-01-00 10:00,20,13,1999,June,Sunday,10,Morning,65,25987
BRP,Jnr Gym Ind 3.30-4.00pm,01-06-18,01-01-00 15:30,2,1,2999,June,Friday,15,Afternoon,50,2999
BRP,Jnr Gym Ind 3.30-4.00pm,04-06-18,01-01-00 15:30,2,1,2999,June,Monday,15,Afternoon,50,2999
BRP,Jnr Gym Ind 3.30-4.00pm,11-06-18,01-01-00 15:30,2,1,2999,June,Monday,15,Afternoon,50,2999
BRP,Jnr Gym Ind 3.30-4.00pm,18-06-18,01-01-00 15:30,2,1,2999,June,Monday,15,Afternoon,50,2999
BRP,Jnr Gym Ind 3.30-4.00pm,19-06-18,01-01-00 15:30,2,1,2999,June,Tuesday,15,Afternoon,50,2999
BRP,Jnr Gym Ind 3.30-4.00pm,21-06-18,01-01-00 15:30,2,1,2999,June,Thursday,15,Afternoon,50,2999
BRP,Jnr Gym Ind 3.30-4.00pm,27-06-18,01-01-00 15:30,2,1,2999,June,Wednesday,15,Afternoon,50,2999
BRP,Jnr Gym Ind 3.30-4.00pm,29-06-18,01-01-00 15:30,2,2,2999,June,Friday,15,Afternoon,100,5998
BRP,Jnr Gym Ind 10.30-11.00am,03-06-18,01-01-00 10:30,2,1,2999,June,Sunday,10,Morning,50,2999
BRP,Jnr Gym Ind 10.30-11.00am,10-06-18,01-01-00 10:30,2,2,2999,June,Sunday,10,Morning,100,5998
BRP,Junior Gym 4.00-5.00pm,04-06-18,01-01-00 16:00,10,1,2999,June,Monday,16,Afternoon,10,2999
BRP,Junior Gym 4.00-5.00pm,05-06-18,01-01-00 16:00,10,1,2999,June,Tuesday,16,Afternoon,10,2999
BRP,Junior Gym 4.00-5.00pm,07-06-18,01-01-00 16:00,10,2,2999,June,Thursday,16,Afternoon,20,5998
BRP,Junior Gym 4.00-5.00pm,11-06-18,01-01-00 16:00,10,1,2999,June,Monday,16,Afternoon,10,2999
BRP,Junior Gym 4.00-5.00pm,15-06-18,01-01-00 16:00,10,3,2999,June,Friday,16,Afternoon,30,8997
BRP,Junior Gym 4.00-5.00pm,18-06-18,01-01-00 16:00,10,1,2999,June,Monday,16,Afternoon,10,2999
BRP,Junior Gym 4.00-5.00pm,21-06-18,01-01-00 16:00,10,2,2999,June,Thursday,16,Afternoon,20,5998
BRP,Junior Gym 11.00-12.00,03-06-18,01-01-00 11:00,10,1,2999,June,Sunday,11,Morning,10,2999
BRP,Junior Gym 11.00-12.00,17-06-18,01-01-00 11:00,10,2,2999,June,Sunday,11,Morning,20,5998
BRP,Legs Bums Tums 12.30-1.30,01-06-18,01-01-00 12:30,35,15,1999,June,Friday,12,Afternoon,42.85714286,29985
BRP,Legs Bums Tums 12.30-1.30,08-06-18,01-01-00 12:30,35,18,1999,June,Friday,12,Afternoon,51.42857143,35982
BRP,Legs Bums Tums 12.30-1.30,15-06-18,01-01-00 12:30,35,12,1999,June,Friday,12,Afternoon,34.28571429,23988
BRP,Legs Bums Tums 12.30-1.30,22-06-18,01-01-00 12:30,35,16,1999,June,Friday,12,Afternoon,45.71428571,31984
BRP,Legs Bums Tums 12.30-1.30,29-06-18,01-01-00 12:30,35,12,1999,June,Friday,12,Afternoon,34.28571429,23988
BRP,Nice N Easy 9.30-10.30am,06-06-18,01-01-00 9:30,35,25,999,June,Wednesday,9,Morning,71.42857143,24975
BRP,Nice N Easy 9.30-10.30am,13-06-18,01-01-00 9:30,35,17,999,June,Wednesday,9,Morning,48.57142857,16983
BRP,Nice N Easy 9.30-10.30am,20-06-18,01-01-00 9:30,35,16,999,June,Wednesday,9,Morning,45.71428571,15984
BRP,Nice N Easy 9.30-10.30am,27-06-18,01-01-00 9:30,35,18,999,June,Wednesday,9,Morning,51.42857143,17982
BRP,Pilates 1.45-2.45pm,06-06-18,01-01-00 13:45,35,18,2999,June,Wednesday,13,Afternoon,51.42857143,53982
BRP,Pilates 1.45-2.45pm,20-06-18,01-01-00 13:45,35,16,2999,June,Wednesday,13,Afternoon,45.71428571,47984
BRP,Pilates 1.45-2.45pm,27-06-18,01-01-00 13:45,35,18,2999,June,Wednesday,13,Afternoon,51.42857143,53982
BRP,Pilates 7.30-8.30pm,13-06-18,01-01-00 19:30,35,21,2999,June,Wednesday,19,Evening,60,62979
BRP,Pilates 7.30-8.30pm,20-06-18,01-01-00 19:30,35,20,2999,June,Wednesday,19,Evening,57.14285714,59980
BRP,Pilates 7.30-8.30pm,27-06-18,01-01-00 19:30,35,17,2999,June,Wednesday,19,Evening,48.57142857,50983
BRP,Pilates 11.00-12.00 Noon,05-06-18,01-01-00 11:00,35,30,2999,June,Tuesday,11,Morning,85.71428571,89970
BRP,Pilates 11.00-12.00 Noon,12-06-18,01-01-00 11:00,35,23,2999,June,Tuesday,11,Morning,65.71428571,68977
BRP,Pilates 11.00-12.00 Noon,19-06-18,01-01-00 11:00,35,26,2999,June,Tuesday,11,Morning,74.28571429,77974
BRP,Pilates 11.00-12.00 Noon,26-06-18,01-01-00 11:00,35,24,2999,June,Tuesday,11,Morning,68.57142857,71976
BRP,Pilates 12.15-1.15pm,04-06-18,01-01-00 12:15,35,20,2999,June,Monday,12,Afternoon,57.14285714,59980
BRP,Pilates 12.15-1.15pm,11-06-18,01-01-00 12:15,35,24,2999,June,Monday,12,Afternoon,68.57142857,71976
BRP,Pilates 12.15-1.15pm,18-06-18,01-01-00 12:15,35,23,2999,June,Monday,12,Afternoon,65.71428571,68977
BRP,Pilates 12.15-1.15pm,25-06-18,01-01-00 12:15,35,20,2999,June,Monday,12,Afternoon,57.14285714,59980
BRP,Pure Stretch  11.00 12.00,03-06-18,01-01-00 11:00,35,26,999,June,Sunday,11,Morning,74.28571429,25974
BRP,Pure Stretch  11.00 12.00,10-06-18,01-01-00 11:00,35,22,999,June,Sunday,11,Morning,62.85714286,21978
BRP,Pure Stretch  11.00 12.00,17-06-18,01-01-00 11:00,35,21,999,June,Sunday,11,Morning,60,20979
BRP,Pure Stretch  11.00 12.00,24-06-18,01-01-00 11:00,35,17,999,June,Sunday,11,Morning,48.57142857,16983
BRP,Stretch And Tone 12-1pm,05-06-18,01-01-00 12:00,35,8,1499,June,Tuesday,12,Afternoon,22.85714286,11992
BRP,Stretch And Tone 12-1pm,12-06-18,01-01-00 12:00,35,7,1499,June,Tuesday,12,Afternoon,20,10493
BRP,Stretch And Tone 12-1pm,19-06-18,01-01-00 12:00,35,7,1499,June,Tuesday,12,Afternoon,20,10493
BRP,Stretch And Tone 12-1pm,26-06-18,01-01-00 12:00,35,8,1499,June,Tuesday,12,Afternoon,22.85714286,11992
BRP,Strokeskills 7.15-8.15pm,01-06-18,01-01-00 19:15,10,2,2999,June,Friday,19,Evening,20,5998
BRP,Strokeskills 7.15-8.15pm,08-06-18,01-01-00 19:15,10,3,2999,June,Friday,19,Evening,30,8997
BRP,Strokeskills 7.15-8.15pm,15-06-18,01-01-00 19:15,10,3,2999,June,Friday,19,Evening,30,8997
BRP,Strokeskills 7.15-8.15pm,22-06-18,01-01-00 19:15,10,2,2999,June,Friday,19,Evening,20,5998
BRP,Strokeskills 7.15-8.15pm,29-06-18,01-01-00 19:15,10,3,2999,June,Friday,19,Evening,30,8997
BRP,Strokeskills 7pm -8pm,06-06-18,01-01-00 19:00,10,10,2999,June,Wednesday,19,Evening,100,29990
BRP,Strokeskills 7pm -8pm,13-06-18,01-01-00 19:00,10,9,2999,June,Wednesday,19,Evening,90,26991
BRP,Strokeskills 7pm -8pm,20-06-18,01-01-00 19:00,10,10,2999,June,Wednesday,19,Evening,100,29990
BRP,Strokeskills 7pm -8pm,27-06-18,01-01-00 19:00,10,9,2999,June,Wednesday,19,Evening,90,26991
BRP,Swimfit 7am-8am,05-06-18,01-01-00 7:00,15,5,1499,June,Tuesday,7,Morning,33.33333333,7495
BRP,Swimfit 7am-8am,12-06-18,01-01-00 7:00,15,9,1499,June,Tuesday,7,Morning,60,13491
BRP,Swimfit 7am-8am,19-06-18,01-01-00 7:00,15,7,1499,June,Tuesday,7,Morning,46.66666667,10493
BRP,Swimfit 7am-8am,26-06-18,01-01-00 7:00,15,6,1499,June,Tuesday,7,Morning,40,8994
BRP,Swimfit  8pm - 9pm,06-06-18,01-01-00 20:00,10,9,1499,June,Wednesday,20,Evening,90,13491
BRP,Swimfit  8pm - 9pm,13-06-18,01-01-00 20:00,10,7,1499,June,Wednesday,20,Evening,70,10493
BRP,Swimfit  8pm - 9pm,20-06-18,01-01-00 20:00,10,10,1499,June,Wednesday,20,Evening,100,14990
BRP,Swimfit  8pm - 9pm,27-06-18,01-01-00 20:00,10,10,1499,June,Wednesday,20,Evening,100,14990
BRP,Yogalates  6.30-7.30pm,13-06-18,01-01-00 18:30,35,27,2999,June,Wednesday,18,Evening,77.14285714,80973
BRP,Yogalates  6.30-7.30pm,20-06-18,01-01-00 18:30,35,17,2999,June,Wednesday,18,Evening,48.57142857,50983
BRP,Yogalates  6.30-7.30pm,27-06-18,01-01-00 18:30,35,18,2999,June,Wednesday,18,Evening,51.42857143,53982
BRP,Yogalates 7.00-8.00pm,07-06-18,01-01-00 19:00,35,28,2999,June,Thursday,19,Evening,80,83972
BRP,Yogalates 7.00-8.00pm,14-06-18,01-01-00 19:00,35,33,2999,June,Thursday,19,Evening,94.28571429,98967
BRP,Yogalates 7.00-8.00pm,21-06-18,01-01-00 19:00,35,24,2999,June,Thursday,19,Evening,68.57142857,71976
BRP,Yogalates 7.00-8.00pm,28-06-18,01-01-00 19:00,35,24,2999,June,Thursday,19,Evening,68.57142857,71976
BRP,Yogalates 10.30am,01-06-18,01-01-00 10:30,35,18,2999,June,Friday,10,Morning,51.42857143,53982
BRP,Yogalates 10.30am,08-06-18,01-01-00 10:30,35,17,2999,June,Friday,10,Morning,48.57142857,50983
BRP,Yogalates 10.30am,15-06-18,01-01-00 10:30,35,20,2999,June,Friday,10,Morning,57.14285714,59980
BRP,Yogalates 10.30am,22-06-18,01-01-00 10:30,35,20,2999,June,Friday,10,Morning,57.14285714,59980
BRP,Yogalates 10.30am,29-06-18,01-01-00 10:30,35,19,2999,June,Friday,10,Morning,54.28571429,56981
BRP,Yogalates 11.00-12.00,07-06-18,01-01-00 11:00,35,13,2999,June,Thursday,11,Morning,37.14285714,38987
BRP,Yogalates 11.00-12.00,14-06-18,01-01-00 11:00,35,11,2999,June,Thursday,11,Morning,31.42857143,32989
BRP,Yogalates 11.00-12.00,21-06-18,01-01-00 11:00,35,16,2999,June,Thursday,11,Morning,45.71428571,47984
BRP,Yogalates 11.00-12.00,28-06-18,01-01-00 11:00,35,16,2999,June,Thursday,11,Morning,45.71428571,47984
BRP,Zumba,05-06-18,01-01-00 17:30,35,28,1299,June,Tuesday,17,Evening,80,36372
BRP,Zumba,12-06-18,01-01-00 17:30,35,20,1299,June,Tuesday,17,Evening,57.14285714,25980
BRP,Zumba,19-06-18,01-01-00 17:30,35,20,1299,June,Tuesday,17,Evening,57.14285714,25980
BRP,Zumba,26-06-18,01-01-00 17:30,35,18,1299,June,Tuesday,17,Evening,51.42857143,23382
BRP,Zumba 12.45-1.45pm,06-06-18,01-01-00 12:45,35,16,1299,June,Wednesday,12,Afternoon,45.71428571,20784
BRP,Zumba 12.45-1.45pm,13-06-18,01-01-00 12:45,35,14,1299,June,Wednesday,12,Afternoon,40,18186
BRP,Zumba 12.45-1.45pm,20-06-18,01-01-00 12:45,35,10,1299,June,Wednesday,12,Afternoon,28.57142857,12990
BRP,Zumba 12.45-1.45pm,27-06-18,01-01-00 12:45,35,13,1299,June,Wednesday,12,Afternoon,37.14285714,16887
HXP,Aqua Fit 4pm - 5pm,10-06-18,01-01-00 16:00,25,15,999,June,Sunday,16,Afternoon,60,14985
HXP,Aqua Fit 4pm - 5pm,17-06-18,01-01-00 16:00,25,13,999,June,Sunday,16,Afternoon,52,12987
HXP,Aqua Fit 4pm - 5pm,24-06-18,01-01-00 16:00,25,18,999,June,Sunday,16,Afternoon,72,17982
HXP,Aqua Fit 12.15 -13.15,01-06-18,01-01-00 12:15,25,14,999,June,Friday,12,Afternoon,56,13986
HXP,Aqua Fit 12.15 -13.15,07-06-18,01-01-00 12:15,25,14,999,June,Thursday,12,Afternoon,56,13986
HXP,Aqua Fit 12.15 -13.15,08-06-18,01-01-00 12:15,25,15,999,June,Friday,12,Afternoon,60,14985
HXP,Aqua Fit 12.15 -13.15,14-06-18,01-01-00 12:15,25,19,999,June,Thursday,12,Afternoon,76,18981
HXP,Aqua Fit 12.15 -13.15,15-06-18,01-01-00 12:15,25,15,999,June,Friday,12,Afternoon,60,14985
HXP,Aqua Fit 12.15 -13.15,21-06-18,01-01-00 12:15,25,17,999,June,Thursday,12,Afternoon,68,16983
HXP,Aqua Fit 12.15 -13.15,22-06-18,01-01-00 12:15,25,16,999,June,Friday,12,Afternoon,64,15984
HXP,Aqua Fit 12.15 -13.15,28-06-18,01-01-00 12:15,25,17,999,June,Thursday,12,Afternoon,68,16983
HXP,Aqua Fit 12.15 -13.15,29-06-18,01-01-00 12:15,25,11,999,June,Friday,12,Afternoon,44,10989
HXP,Aqua Fit 12.15-13.00,04-06-18,01-01-00 12:15,25,8,999,June,Monday,12,Afternoon,32,7992
HXP,Aqua Fit 12.15-13.00,11-06-18,01-01-00 12:15,25,13,999,June,Monday,12,Afternoon,52,12987
HXP,Aqua Fit 12.15-13.00,18-06-18,01-01-00 12:15,25,18,999,June,Monday,12,Afternoon,72,17982
HXP,Aqua Fit 12.15-13.00,25-06-18,01-01-00 12:15,25,16,999,June,Monday,12,Afternoon,64,15984
HXP,Aquafit 7.00-8.00pm,05-06-18,01-01-00 19:00,20,15,999,June,Tuesday,19,Evening,75,14985
HXP,Aquafit 7.00-8.00pm,12-06-18,01-01-00 19:00,20,17,999,June,Tuesday,19,Evening,85,16983
HXP,Aquafit 7.00-8.00pm,19-06-18,01-01-00 19:00,20,16,999,June,Tuesday,19,Evening,80,15984
HXP,Aquafit 7.00-8.00pm,26-06-18,01-01-00 19:00,20,20,999,June,Tuesday,19,Evening,100,19980
HXP,Body Con   2.45pm-3.45pm,03-06-18,01-01-00 14:45,25,3,1299,June,Sunday,14,Afternoon,12,3897
HXP,Body Con   2.45pm-3.45pm,10-06-18,01-01-00 14:45,25,9,1299,June,Sunday,14,Afternoon,36,11691
HXP,Body Con   2.45pm-3.45pm,17-06-18,01-01-00 14:45,25,7,1299,June,Sunday,14,Afternoon,28,9093
HXP,Body Con   2.45pm-3.45pm,24-06-18,01-01-00 14:45,25,10,1299,June,Sunday,14,Afternoon,40,12990
HXP,Body Con   11am -12noon,02-06-18,01-01-00 11:00,25,12,1299,June,Saturday,11,Morning,48,15588
HXP,Body Con   11am -12noon,09-06-18,01-01-00 11:00,25,11,1299,June,Saturday,11,Morning,44,14289
HXP,Body Con   11am -12noon,16-06-18,01-01-00 11:00,25,10,1299,June,Saturday,11,Morning,40,12990
HXP,Body Con   11am -12noon,23-06-18,01-01-00 11:00,25,13,1299,June,Saturday,11,Morning,52,16887
HXP,Body Con   11am -12noon,30-06-18,01-01-00 11:00,25,6,1299,June,Saturday,11,Morning,24,7794
HXP,Body Cond 3.50pm - 4.50pm,03-06-18,01-01-00 15:50,25,2,1299,June,Sunday,15,Afternoon,8,2598
HXP,Body Cond 3.50pm - 4.50pm,10-06-18,01-01-00 15:50,25,7,1299,June,Sunday,15,Afternoon,28,9093
HXP,Body Cond 3.50pm - 4.50pm,17-06-18,01-01-00 15:50,25,4,1299,June,Sunday,15,Afternoon,16,5196
HXP,Body Cond 3.50pm - 4.50pm,24-06-18,01-01-00 15:50,25,7,1299,June,Sunday,15,Afternoon,28,9093
HXP,Body Cond 7.30-8.30pm,04-06-18,01-01-00 19:30,25,28,1299,June,Monday,19,Evening,112,36372
HXP,Body Cond 7.30-8.30pm,06-06-18,01-01-00 19:30,25,23,1299,June,Wednesday,19,Evening,92,29877
HXP,Body Cond 7.30-8.30pm,11-06-18,01-01-00 19:30,25,23,1299,June,Monday,19,Evening,92,29877
HXP,Body Cond 7.30-8.30pm,13-06-18,01-01-00 19:30,25,23,1299,June,Wednesday,19,Evening,92,29877
HXP,Body Cond 7.30-8.30pm,18-06-18,01-01-00 19:30,25,25,1299,June,Monday,19,Evening,100,32475
HXP,Body Cond 7.30-8.30pm,20-06-18,01-01-00 19:30,25,22,1299,June,Wednesday,19,Evening,88,28578
HXP,Body Cond 7.30-8.30pm,25-06-18,01-01-00 19:30,25,17,1299,June,Monday,19,Evening,68,22083
HXP,Body Cond 7.30-8.30pm,27-06-18,01-01-00 19:30,25,17,1299,June,Wednesday,19,Evening,68,22083
HXP,Body Cond 12.00 - 1.00pm,01-06-18,01-01-00 12:00,25,21,1299,June,Friday,12,Afternoon,84,27279
HXP,Body Cond 12.00 - 1.00pm,08-06-18,01-01-00 12:00,25,18,1299,June,Friday,12,Afternoon,72,23382
HXP,Body Cond 12.00 - 1.00pm,15-06-18,01-01-00 12:00,25,17,1299,June,Friday,12,Afternoon,68,22083
HXP,Body Cond 12.00 - 1.00pm,22-06-18,01-01-00 12:00,25,24,1299,June,Friday,12,Afternoon,96,31176
HXP,Body Cond 12.00 - 1.00pm,29-06-18,01-01-00 12:00,25,16,1299,June,Friday,12,Afternoon,64,20784
HXP,Body Condition 10 -11am,05-06-18,01-01-00 10:00,25,22,1299,June,Tuesday,10,Morning,88,28578
HXP,Body Condition 10 -11am,12-06-18,01-01-00 10:00,25,19,1299,June,Tuesday,10,Morning,76,24681
HXP,Body Condition 10 -11am,19-06-18,01-01-00 10:00,25,24,1299,June,Tuesday,10,Morning,96,31176
HXP,Body Condition 10 -11am,26-06-18,01-01-00 10:00,25,23,1299,June,Tuesday,10,Morning,92,29877
HXP,Body Conditioning 10-11am,06-06-18,01-01-00 10:00,25,12,1299,June,Wednesday,10,Morning,48,15588
HXP,Body Conditioning 10-11am,13-06-18,01-01-00 10:00,25,15,1299,June,Wednesday,10,Morning,60,19485
HXP,Body Conditioning 10-11am,20-06-18,01-01-00 10:00,25,14,1299,June,Wednesday,10,Morning,56,18186
HXP,Body Conditioning 10-11am,27-06-18,01-01-00 10:00,25,9,1299,June,Wednesday,10,Morning,36,11691
HXP,Bodycondition 12.30-13.30,05-06-18,01-01-00 12:30,25,7,1299,June,Tuesday,12,Afternoon,28,9093
HXP,Bodycondition 12.30-13.30,12-06-18,01-01-00 12:30,25,6,1299,June,Tuesday,12,Afternoon,24,7794
HXP,Bodycondition 12.30-13.30,19-06-18,01-01-00 12:30,25,14,1299,June,Tuesday,12,Afternoon,56,18186
HXP,Bodycondition 12.30-13.30,26-06-18,01-01-00 12:30,25,10,1299,June,Tuesday,12,Afternoon,40,12990
HXP,Gentle Keep Fit 2-3pm,05-06-18,01-01-00 14:00,25,4,999,June,Tuesday,14,Afternoon,16,3996
HXP,Gentle Keep Fit 2-3pm,12-06-18,01-01-00 14:00,25,5,999,June,Tuesday,14,Afternoon,20,4995
HXP,Gentle Keep Fit 2-3pm,19-06-18,01-01-00 14:00,25,7,999,June,Tuesday,14,Afternoon,28,6993
HXP,Gentle Keep Fit 2-3pm,26-06-18,01-01-00 14:00,25,7,999,June,Tuesday,14,Afternoon,28,6993
HXP,Gentle Keep Fit 11.10-12,07-06-18,01-01-00 11:10,27,11,999,June,Thursday,11,Morning,40.74074074,10989
HXP,Gentle Keep Fit 11.10-12,14-06-18,01-01-00 11:10,27,11,999,June,Thursday,11,Morning,40.74074074,10989
HXP,Gentle Keep Fit 11.10-12,21-06-18,01-01-00 11:10,27,12,999,June,Thursday,11,Morning,44.44444444,11988
HXP,Gentle Keep Fit 11.10-12,28-06-18,01-01-00 11:10,27,4,999,June,Thursday,11,Morning,14.81481481,3996
HXP,H.I.I.T. 6.25-7.25pm,06-06-18,01-01-00 18:25,25,15,2499,June,Wednesday,18,Evening,60,37485
HXP,H.I.I.T. 6.25-7.25pm,13-06-18,01-01-00 18:25,25,13,2499,June,Wednesday,18,Evening,52,32487
HXP,H.I.I.T. 6.25-7.25pm,20-06-18,01-01-00 18:25,25,12,2499,June,Wednesday,18,Evening,48,29988
HXP,H.I.I.T. 6.25-7.25pm,27-06-18,01-01-00 18:25,25,14,2499,June,Wednesday,18,Evening,56,34986
HXP,Jnr Gym Appoint 4-5pm,05-06-18,01-01-00 16:00,10,3,2999,June,Tuesday,16,Afternoon,30,8997
HXP,Jnr Gym Appoint 4-5pm,06-06-18,01-01-00 16:00,10,1,2999,June,Wednesday,16,Afternoon,10,2999
HXP,Jnr Gym Appoint 4-5pm,07-06-18,01-01-00 16:00,10,3,2999,June,Thursday,16,Afternoon,30,8997
HXP,Jnr Gym Appoint 4-5pm,08-06-18,01-01-00 16:00,10,1,2999,June,Friday,16,Afternoon,10,2999
HXP,Jnr Gym Appoint 4-5pm,13-06-18,01-01-00 16:00,10,2,2999,June,Wednesday,16,Afternoon,20,5998
HXP,Jnr Gym Appoint 4-5pm,19-06-18,01-01-00 16:00,10,4,2999,June,Tuesday,16,Afternoon,40,11996
HXP,Jnr Gym Appoint 4-5pm,22-06-18,01-01-00 16:00,10,1,2999,June,Friday,16,Afternoon,10,2999
HXP,Jnr Gym Appoint 4-5pm,28-06-18,01-01-00 16:00,10,2,2999,June,Thursday,16,Afternoon,20,5998
HXP,Jnr Gym Appoint 4-5pm,29-06-18,01-01-00 16:00,10,2,2999,June,Friday,16,Afternoon,20,5998
HXP,Jnr Gym Appoint 11-12,02-06-18,01-01-00 11:00,10,5,2999,June,Saturday,11,Morning,50,14995
HXP,Jnr Gym Appoint 11-12,09-06-18,01-01-00 11:00,10,5,2999,June,Saturday,11,Morning,50,14995
HXP,Jnr Gym Appoint 11-12,16-06-18,01-01-00 11:00,10,8,2999,June,Saturday,11,Morning,80,23992
HXP,Jnr Gym Appoint 11-12,23-06-18,01-01-00 11:00,10,6,2999,June,Saturday,11,Morning,60,17994
HXP,Jnr Gym Appoint 11-12,30-06-18,01-01-00 11:00,10,4,2999,June,Saturday,11,Morning,40,11996
HXP,Junior Swimfit 7pm-8pm,15-06-18,01-01-00 19:00,4,2,3999,June,Friday,19,Evening,50,7998
HXP,Junior Swimfit 7pm-8pm,22-06-18,01-01-00 19:00,4,1,3999,June,Friday,19,Evening,25,3999
HXP,Line Dancing 1.15-2.00pm,06-06-18,01-01-00 13:15,21,8,1499,June,Wednesday,13,Afternoon,38.0952381,11992
HXP,Line Dancing 1.15-2.00pm,13-06-18,01-01-00 13:15,21,9,1499,June,Wednesday,13,Afternoon,42.85714286,13491
HXP,Line Dancing 1.15-2.00pm,20-06-18,01-01-00 13:15,21,14,1499,June,Wednesday,13,Afternoon,66.66666667,20986
HXP,Line Dancing 1.15-2.00pm,27-06-18,01-01-00 13:15,21,12,1499,June,Wednesday,13,Afternoon,57.14285714,17988
HXP,Line Dancing 2pm -3pm,06-06-18,01-01-00 14:00,21,7,1499,June,Wednesday,14,Afternoon,33.33333333,10493
HXP,Line Dancing 2pm -3pm,13-06-18,01-01-00 14:00,21,10,1499,June,Wednesday,14,Afternoon,47.61904762,14990
HXP,Line Dancing 2pm -3pm,20-06-18,01-01-00 14:00,21,8,1499,June,Wednesday,14,Afternoon,38.0952381,11992
HXP,Line Dancing 2pm -3pm,27-06-18,01-01-00 14:00,21,14,1499,June,Wednesday,14,Afternoon,66.66666667,20986
HXP,Pilates 9-10am,06-06-18,01-01-00 9:00,25,22,2999,June,Wednesday,9,Morning,88,65978
HXP,Pilates 9-10am,13-06-18,01-01-00 9:00,25,21,2999,June,Wednesday,9,Morning,84,62979
HXP,Pilates 9-10am,20-06-18,01-01-00 9:00,25,20,2999,June,Wednesday,9,Morning,80,59980
HXP,Pilates 9-10am,27-06-18,01-01-00 9:00,25,18,2999,June,Wednesday,9,Morning,72,53982
HXP,Pilates 9.00-9.50am,07-06-18,01-01-00 9:00,25,25,2999,June,Thursday,9,Morning,100,74975
HXP,Pilates 9.00-9.50am,14-06-18,01-01-00 9:00,25,21,2999,June,Thursday,9,Morning,84,62979
HXP,Pilates 9.00-9.50am,21-06-18,01-01-00 9:00,25,25,2999,June,Thursday,9,Morning,100,74975
HXP,Pilates 9.00-9.50am,28-06-18,01-01-00 9:00,25,25,2999,June,Thursday,9,Morning,100,74975
HXP,Pilates   9.00-10.00am,05-06-18,01-01-00 9:00,25,25,2999,June,Tuesday,9,Morning,100,74975
HXP,Pilates   9.00-10.00am,12-06-18,01-01-00 9:00,25,25,2999,June,Tuesday,9,Morning,100,74975
HXP,Pilates   9.00-10.00am,19-06-18,01-01-00 9:00,25,21,2999,June,Tuesday,9,Morning,84,62979
HXP,Pilates   9.00-10.00am,26-06-18,01-01-00 9:00,25,23,2999,June,Tuesday,9,Morning,92,68977
HXP,Pilates 13.45-14.45,04-06-18,01-01-00 13:45,25,10,2999,June,Monday,13,Afternoon,40,29990
HXP,Pilates 13.45-14.45,11-06-18,01-01-00 13:45,25,13,2999,June,Monday,13,Afternoon,52,38987
HXP,Pilates 13.45-14.45,18-06-18,01-01-00 13:45,25,19,2999,June,Monday,13,Afternoon,76,56981
HXP,Pilates 13.45-14.45,25-06-18,01-01-00 13:45,25,13,2999,June,Monday,13,Afternoon,52,38987
HXP,Rock Roll Dancing 3 - 4pm,06-06-18,01-01-00 15:00,24,7,1999,June,Wednesday,15,Afternoon,29.16666667,13993
HXP,Rock Roll Dancing 3 - 4pm,13-06-18,01-01-00 15:00,24,6,1999,June,Wednesday,15,Afternoon,25,11994
HXP,Rock Roll Dancing 3 - 4pm,20-06-18,01-01-00 15:00,24,6,1999,June,Wednesday,15,Afternoon,25,11994
HXP,Rock Roll Dancing 3 - 4pm,27-06-18,01-01-00 15:00,24,10,1999,June,Wednesday,15,Afternoon,41.66666667,19990
HXP,Strokeskills 6pm - 7pm,01-06-18,01-01-00 18:00,10,8,2999,June,Friday,18,Evening,80,23992
HXP,Strokeskills 6pm - 7pm,08-06-18,01-01-00 18:00,10,10,2999,June,Friday,18,Evening,100,29990
HXP,Strokeskills 6pm - 7pm,15-06-18,01-01-00 18:00,10,10,2999,June,Friday,18,Evening,100,29990
HXP,Strokeskills 6pm - 7pm,22-06-18,01-01-00 18:00,10,10,2999,June,Friday,18,Evening,100,29990
HXP,Strokeskills 6pm - 7pm,29-06-18,01-01-00 18:00,10,8,2999,June,Friday,18,Evening,80,23992
HXP,Studio Cyc 1.10 - 2.00pm,01-06-18,01-01-00 13:10,27,23,1999,June,Friday,13,Afternoon,85.18518519,45977
HXP,Studio Cyc 1.10 - 2.00pm,08-06-18,01-01-00 13:10,27,21,1999,June,Friday,13,Afternoon,77.77777778,41979
HXP,Studio Cyc 1.10 - 2.00pm,15-06-18,01-01-00 13:10,27,21,1999,June,Friday,13,Afternoon,77.77777778,41979
HXP,Studio Cyc 1.10 - 2.00pm,22-06-18,01-01-00 13:10,27,23,1999,June,Friday,13,Afternoon,85.18518519,45977
HXP,Studio Cyc 1.10 - 2.00pm,29-06-18,01-01-00 13:10,27,21,1999,June,Friday,13,Afternoon,77.77777778,41979
HXP,Studio Cyc 4.20-5.10pm,06-06-18,01-01-00 16:20,27,24,1999,June,Wednesday,16,Afternoon,88.88888889,47976
HXP,Studio Cyc 4.20-5.10pm,13-06-18,01-01-00 16:20,27,17,1999,June,Wednesday,16,Afternoon,62.96296296,33983
HXP,Studio Cyc 4.20-5.10pm,20-06-18,01-01-00 16:20,27,16,1999,June,Wednesday,16,Afternoon,59.25925926,31984
HXP,Studio Cyc 4.20-5.10pm,27-06-18,01-01-00 16:20,27,22,1999,June,Wednesday,16,Afternoon,81.48148148,43978
HXP,Studio Cyc 5.00-5.50pm,05-06-18,01-01-00 17:00,27,27,1999,June,Tuesday,17,Evening,100,53973
HXP,Studio Cyc 5.00-5.50pm,07-06-18,01-01-00 17:00,27,16,1999,June,Thursday,17,Evening,59.25925926,31984
HXP,Studio Cyc 5.00-5.50pm,12-06-18,01-01-00 17:00,27,20,1999,June,Tuesday,17,Evening,74.07407407,39980
HXP,Studio Cyc 5.00-5.50pm,14-06-18,01-01-00 17:00,27,10,1999,June,Thursday,17,Evening,37.03703704,19990
HXP,Studio Cyc 5.00-5.50pm,19-06-18,01-01-00 17:00,27,26,1999,June,Tuesday,17,Evening,96.2962963,51974
HXP,Studio Cyc 5.00-5.50pm,21-06-18,01-01-00 17:00,27,20,1999,June,Thursday,17,Evening,74.07407407,39980
HXP,Studio Cyc 5.00-5.50pm,26-06-18,01-01-00 17:00,27,25,1999,June,Tuesday,17,Evening,92.59259259,49975
HXP,Studio Cyc 5.00-5.50pm,28-06-18,01-01-00 17:00,27,24,1999,June,Thursday,17,Evening,88.88888889,47976
HXP,Studio Cyc 5.10-6.00pm,01-06-18,01-01-00 17:10,27,26,1999,June,Friday,17,Evening,96.2962963,51974
HXP,Studio Cyc 5.10-6.00pm,08-06-18,01-01-00 17:10,27,25,1999,June,Friday,17,Evening,92.59259259,49975
HXP,Studio Cyc 5.10-6.00pm,15-06-18,01-01-00 17:10,27,27,1999,June,Friday,17,Evening,100,53973
HXP,Studio Cyc 5.10-6.00pm,22-06-18,01-01-00 17:10,27,25,1999,June,Friday,17,Evening,92.59259259,49975
HXP,Studio Cyc 5.10-6.00pm,29-06-18,01-01-00 17:10,27,15,1999,June,Friday,17,Evening,55.55555556,29985
HXP,Studio Cyc 5.20-6.10pm,04-06-18,01-01-00 17:20,27,25,1999,June,Monday,17,Evening,92.59259259,49975
HXP,Studio Cyc 5.20-6.10pm,06-06-18,01-01-00 17:20,27,22,1999,June,Wednesday,17,Evening,81.48148148,43978
HXP,Studio Cyc 5.20-6.10pm,11-06-18,01-01-00 17:20,27,24,1999,June,Monday,17,Evening,88.88888889,47976
HXP,Studio Cyc 5.20-6.10pm,13-06-18,01-01-00 17:20,27,18,1999,June,Wednesday,17,Evening,66.66666667,35982
HXP,Studio Cyc 5.20-6.10pm,18-06-18,01-01-00 17:20,27,21,1999,June,Monday,17,Evening,77.77777778,41979
HXP,Studio Cyc 5.20-6.10pm,20-06-18,01-01-00 17:20,27,24,1999,June,Wednesday,17,Evening,88.88888889,47976
HXP,Studio Cyc 5.20-6.10pm,25-06-18,01-01-00 17:20,27,26,1999,June,Monday,17,Evening,96.2962963,51974
HXP,Studio Cyc 5.20-6.10pm,27-06-18,01-01-00 17:20,27,20,1999,June,Wednesday,17,Evening,74.07407407,39980
HXP,Studio Cyc 5.55-6.45pm,07-06-18,01-01-00 17:55,27,16,1999,June,Thursday,17,Evening,59.25925926,31984
HXP,Studio Cyc 5.55-6.45pm,14-06-18,01-01-00 17:55,27,17,1999,June,Thursday,17,Evening,62.96296296,33983
HXP,Studio Cyc 5.55-6.45pm,21-06-18,01-01-00 17:55,27,15,1999,June,Thursday,17,Evening,55.55555556,29985
HXP,Studio Cyc 5.55-6.45pm,28-06-18,01-01-00 17:55,27,14,1999,June,Thursday,17,Evening,51.85185185,27986
HXP,Studio Cyc 6.10-7.00pm,01-06-18,01-01-00 18:10,27,15,1999,June,Friday,18,Evening,55.55555556,29985
HXP,Studio Cyc 6.10-7.00pm,08-06-18,01-01-00 18:10,27,26,1999,June,Friday,18,Evening,96.2962963,51974
HXP,Studio Cyc 6.10-7.00pm,15-06-18,01-01-00 18:10,27,19,1999,June,Friday,18,Evening,70.37037037,37981
HXP,Studio Cyc 6.10-7.00pm,22-06-18,01-01-00 18:10,27,16,1999,June,Friday,18,Evening,59.25925926,31984
HXP,Studio Cyc 6.10-7.00pm,29-06-18,01-01-00 18:10,27,19,1999,June,Friday,18,Evening,70.37037037,37981
HXP,Studio Cyc 6.15-7.05pm,04-06-18,01-01-00 18:15,27,27,1999,June,Monday,18,Evening,100,53973
HXP,Studio Cyc 6.15-7.05pm,11-06-18,01-01-00 18:15,27,22,1999,June,Monday,18,Evening,81.48148148,43978
HXP,Studio Cyc 6.15-7.05pm,18-06-18,01-01-00 18:15,27,19,1999,June,Monday,18,Evening,70.37037037,37981
HXP,Studio Cyc 6.15-7.05pm,25-06-18,01-01-00 18:15,27,16,1999,June,Monday,18,Evening,59.25925926,31984
HXP,Studio Cyc 7.00-7.50pm,07-06-18,01-01-00 19:00,27,19,1999,June,Thursday,19,Evening,70.37037037,37981
HXP,Studio Cyc 7.00-7.50pm,14-06-18,01-01-00 19:00,27,16,1999,June,Thursday,19,Evening,59.25925926,31984
HXP,Studio Cyc 7.00-7.50pm,21-06-18,01-01-00 19:00,27,21,1999,June,Thursday,19,Evening,77.77777778,41979
HXP,Studio Cyc 7.00-7.50pm,28-06-18,01-01-00 19:00,27,23,1999,June,Thursday,19,Evening,85.18518519,45977
HXP,Studio Cyc 7.05-7.55am,04-06-18,01-01-00 7:05,27,7,1999,June,Monday,7,Morning,25.92592593,13993
HXP,Studio Cyc 7.05-7.55am,06-06-18,01-01-00 7:05,27,15,1999,June,Wednesday,7,Morning,55.55555556,29985
HXP,Studio Cyc 7.05-7.55am,11-06-18,01-01-00 7:05,27,16,1999,June,Monday,7,Morning,59.25925926,31984
HXP,Studio Cyc 7.05-7.55am,13-06-18,01-01-00 7:05,27,15,1999,June,Wednesday,7,Morning,55.55555556,29985
HXP,Studio Cyc 7.05-7.55am,18-06-18,01-01-00 7:05,27,15,1999,June,Monday,7,Morning,55.55555556,29985
HXP,Studio Cyc 7.05-7.55am,20-06-18,01-01-00 7:05,27,10,1999,June,Wednesday,7,Morning,37.03703704,19990
HXP,Studio Cyc 7.05-7.55am,25-06-18,01-01-00 7:05,27,13,1999,June,Monday,7,Morning,48.14814815,25987
HXP,Studio Cyc 7.05-7.55am,27-06-18,01-01-00 7:05,27,19,1999,June,Wednesday,7,Morning,70.37037037,37981
HXP,Studio Cyc 7.30-8.20pm,05-06-18,01-01-00 19:30,27,22,1999,June,Tuesday,19,Evening,81.48148148,43978
HXP,Studio Cyc 7.30-8.20pm,12-06-18,01-01-00 19:30,27,26,1999,June,Tuesday,19,Evening,96.2962963,51974
HXP,Studio Cyc 7.30-8.20pm,19-06-18,01-01-00 19:30,27,17,1999,June,Tuesday,19,Evening,62.96296296,33983
HXP,Studio Cyc 7.30-8.20pm,26-06-18,01-01-00 19:30,27,19,1999,June,Tuesday,19,Evening,70.37037037,37981
HXP,Studio Cyc 8.00-8.50am,02-06-18,01-01-00 8:00,27,26,1999,June,Saturday,8,Morning,96.2962963,51974
HXP,Studio Cyc 8.00-8.50am,09-06-18,01-01-00 8:00,27,23,1999,June,Saturday,8,Morning,85.18518519,45977
HXP,Studio Cyc 8.00-8.50am,16-06-18,01-01-00 8:00,27,25,1999,June,Saturday,8,Morning,92.59259259,49975
HXP,Studio Cyc 8.00-8.50am,23-06-18,01-01-00 8:00,27,26,1999,June,Saturday,8,Morning,96.2962963,51974
HXP,Studio Cyc 8.00-8.50am,30-06-18,01-01-00 8:00,27,27,1999,June,Saturday,8,Morning,100,53973
HXP,Studio Cyc 8.00-8.50pm,07-06-18,01-01-00 20:00,27,23,1999,June,Thursday,20,Evening,85.18518519,45977
HXP,Studio Cyc 8.00-8.50pm,14-06-18,01-01-00 20:00,27,24,1999,June,Thursday,20,Evening,88.88888889,47976
HXP,Studio Cyc 8.00-8.50pm,21-06-18,01-01-00 20:00,27,18,1999,June,Thursday,20,Evening,66.66666667,35982
HXP,Studio Cyc 8.00-8.50pm,28-06-18,01-01-00 20:00,27,16,1999,June,Thursday,20,Evening,59.25925926,31984
HXP,Studio Cyc 8.50-9.40am,02-06-18,01-01-00 8:50,27,22,1999,June,Saturday,8,Morning,81.48148148,43978
HXP,Studio Cyc 8.50-9.40am,09-06-18,01-01-00 8:50,27,16,1999,June,Saturday,8,Morning,59.25925926,31984
HXP,Studio Cyc 8.50-9.40am,16-06-18,01-01-00 8:50,27,22,1999,June,Saturday,8,Morning,81.48148148,43978
HXP,Studio Cyc 8.50-9.40am,23-06-18,01-01-00 8:50,27,17,1999,June,Saturday,8,Morning,62.96296296,33983
HXP,Studio Cyc 8.50-9.40am,30-06-18,01-01-00 8:50,27,18,1999,June,Saturday,8,Morning,66.66666667,35982
HXP,Studio Cyc 9.05 -9.55am,03-06-18,01-01-00 9:00,27,27,1999,June,Sunday,9,Morning,100,53973
HXP,Studio Cyc 9.05 -9.55am,10-06-18,01-01-00 9:00,27,25,1999,June,Sunday,9,Morning,92.59259259,49975
HXP,Studio Cyc 9.05 -9.55am,17-06-18,01-01-00 9:00,27,26,1999,June,Sunday,9,Morning,96.2962963,51974
HXP,Studio Cyc 9.05 -9.55am,24-06-18,01-01-00 9:00,27,20,1999,June,Sunday,9,Morning,74.07407407,39980
HXP,Studio Cyc 10.00 -10.50am,03-06-18,01-01-00 10:00,27,27,1999,June,Sunday,10,Morning,100,53973
HXP,Studio Cyc 10.00 -10.50am,10-06-18,01-01-00 10:00,27,23,1999,June,Sunday,10,Morning,85.18518519,45977
HXP,Studio Cyc 10.00 -10.50am,17-06-18,01-01-00 10:00,27,23,1999,June,Sunday,10,Morning,85.18518519,45977
HXP,Studio Cyc 10.00 -10.50am,24-06-18,01-01-00 10:00,27,20,1999,June,Sunday,10,Morning,74.07407407,39980
HXP,Studio Cyc 10.00-10.50am,07-06-18,01-01-00 10:00,27,25,1999,June,Thursday,10,Morning,92.59259259,49975
HXP,Studio Cyc 10.00-10.50am,14-06-18,01-01-00 10:00,27,20,1999,June,Thursday,10,Morning,74.07407407,39980
HXP,Studio Cyc 10.00-10.50am,21-06-18,01-01-00 10:00,27,23,1999,June,Thursday,10,Morning,85.18518519,45977
HXP,Studio Cyc 10.00-10.50am,28-06-18,01-01-00 10:00,27,24,1999,June,Thursday,10,Morning,88.88888889,47976
HXP,Studio Cyc 11.30 - 12.20,04-06-18,01-01-00 11:30,27,10,1999,June,Monday,11,Morning,37.03703704,19990
HXP,Studio Cyc 11.30 - 12.20,11-06-18,01-01-00 11:30,27,18,1999,June,Monday,11,Morning,66.66666667,35982
HXP,Studio Cyc 11.30 - 12.20,18-06-18,01-01-00 11:30,27,18,1999,June,Monday,11,Morning,66.66666667,35982
HXP,Studio Cyc 11.30 - 12.20,25-06-18,01-01-00 11:30,27,21,1999,June,Monday,11,Morning,77.77777778,41979
HXP,Studio Cyc 12.10-1.00pm,06-06-18,01-01-00 12:10,27,13,1999,June,Wednesday,12,Afternoon,48.14814815,25987
HXP,Studio Cyc 12.10-1.00pm,13-06-18,01-01-00 12:10,27,11,1999,June,Wednesday,12,Afternoon,40.74074074,21989
HXP,Studio Cyc 12.10-1.00pm,20-06-18,01-01-00 12:10,27,19,1999,June,Wednesday,12,Afternoon,70.37037037,37981
HXP,Studio Cyc 12.10-1.00pm,27-06-18,01-01-00 12:10,27,17,1999,June,Wednesday,12,Afternoon,62.96296296,33983
HXP,Studio Cyc 12.30-1.20pm,04-06-18,01-01-00 12:30,27,10,1999,June,Monday,12,Afternoon,37.03703704,19990
HXP,Studio Cyc 12.30-1.20pm,11-06-18,01-01-00 12:30,27,11,1999,June,Monday,12,Afternoon,40.74074074,21989
HXP,Studio Cyc 12.30-1.20pm,18-06-18,01-01-00 12:30,27,15,1999,June,Monday,12,Afternoon,55.55555556,29985
HXP,Studio Cyc 12.30-1.20pm,25-06-18,01-01-00 12:30,27,13,1999,June,Monday,12,Afternoon,48.14814815,25987
HXP,Studio Cycling 7.05 -7.55,05-06-18,01-01-00 7:05,27,10,1999,June,Tuesday,7,Morning,37.03703704,19990
HXP,Studio Cycling 7.05 -7.55,12-06-18,01-01-00 7:05,27,10,1999,June,Tuesday,7,Morning,37.03703704,19990
HXP,Studio Cycling 7.05 -7.55,19-06-18,01-01-00 7:05,27,9,1999,June,Tuesday,7,Morning,33.33333333,17991
HXP,Studio Cycling 7.05 -7.55,26-06-18,01-01-00 7:05,27,13,1999,June,Tuesday,7,Morning,48.14814815,25987
HXP,Swimfit 6.30 -7.30pm,04-06-18,01-01-00 18:30,15,10,1499,June,Monday,18,Evening,66.66666667,14990
HXP,Swimfit 6.30 -7.30pm,11-06-18,01-01-00 18:30,15,14,1499,June,Monday,18,Evening,93.33333333,20986
HXP,Swimfit 6.30 -7.30pm,18-06-18,01-01-00 18:30,15,10,1499,June,Monday,18,Evening,66.66666667,14990
HXP,Swimfit 6.30 -7.30pm,25-06-18,01-01-00 18:30,15,12,1499,June,Monday,18,Evening,80,17988
HXP,Swimfit 6.30-7.30am,04-06-18,01-01-00 6:30,15,5,1499,June,Monday,6,Morning,33.33333333,7495
HXP,Swimfit 6.30-7.30am,11-06-18,01-01-00 6:30,15,7,1499,June,Monday,6,Morning,46.66666667,10493
HXP,Swimfit 6.30-7.30am,18-06-18,01-01-00 6:30,15,10,1499,June,Monday,6,Morning,66.66666667,14990
HXP,Swimfit 6.30-7.30am,25-06-18,01-01-00 6:30,15,12,1499,June,Monday,6,Morning,80,17988
HXP,Swimfit 6.30am -7.30am,06-06-18,01-01-00 6:30,15,9,1499,June,Wednesday,6,Morning,60,13491
HXP,Swimfit 6.30am -7.30am,13-06-18,01-01-00 6:30,15,13,1499,June,Wednesday,6,Morning,86.66666667,19487
HXP,Swimfit 6.30am -7.30am,20-06-18,01-01-00 6:30,15,15,1499,June,Wednesday,6,Morning,100,22485
HXP,Swimfit 6.30am -7.30am,27-06-18,01-01-00 6:30,15,15,1499,June,Wednesday,6,Morning,100,22485
HXP,Swimfit 7pm - 8pm,01-06-18,01-01-00 19:00,15,8,1499,June,Friday,19,Evening,53.33333333,11992
HXP,Swimfit 7pm - 8pm,08-06-18,01-01-00 19:00,15,14,1499,June,Friday,19,Evening,93.33333333,20986
HXP,Swimfit 7pm - 8pm,15-06-18,01-01-00 19:00,15,12,1499,June,Friday,19,Evening,80,17988
HXP,Swimfit 7pm - 8pm,22-06-18,01-01-00 19:00,15,10,1499,June,Friday,19,Evening,66.66666667,14990
HXP,Swimfit 7pm - 8pm,29-06-18,01-01-00 19:00,15,13,1499,June,Friday,19,Evening,86.66666667,19487
HXP,Tai-Chi  12 -1pm,07-06-18,01-01-00 12:00,25,9,3999,June,Thursday,12,Afternoon,36,35991
HXP,Tai-Chi  12 -1pm,14-06-18,01-01-00 12:00,25,7,3999,June,Thursday,12,Afternoon,28,27993
HXP,Tai-Chi  12 -1pm,21-06-18,01-01-00 12:00,25,10,3999,June,Thursday,12,Afternoon,40,39990
HXP,Tai-Chi  12 -1pm,28-06-18,01-01-00 12:00,25,5,3999,June,Thursday,12,Afternoon,20,19995
HXP,Zumba 6.15-7.15pm,05-06-18,01-01-00 18:15,25,21,1299,June,Tuesday,18,Evening,84,27279
HXP,Zumba 6.15-7.15pm,12-06-18,01-01-00 18:15,25,24,1299,June,Tuesday,18,Evening,96,31176
HXP,Zumba 6.15-7.15pm,19-06-18,01-01-00 18:15,25,24,1299,June,Tuesday,18,Evening,96,31176
HXP,Zumba 6.15-7.15pm,26-06-18,01-01-00 18:15,25,22,1299,June,Tuesday,18,Evening,88,28578
HXP,Zumba 10.00-10.50.Am,02-06-18,01-01-00 10:00,25,23,1299,June,Saturday,10,Morning,92,29877
HXP,Zumba 10.00-10.50.Am,09-06-18,01-01-00 10:00,25,23,1299,June,Saturday,10,Morning,92,29877
HXP,Zumba 10.00-10.50.Am,16-06-18,01-01-00 10:00,25,22,1299,June,Saturday,10,Morning,88,28578
HXP,Zumba 10.00-10.50.Am,23-06-18,01-01-00 10:00,25,24,1299,June,Saturday,10,Morning,96,31176
HXP,Zumba 10.00-10.50.Am,30-06-18,01-01-00 10:00,25,18,1299,June,Saturday,10,Morning,72,23382
NBL,20-20-20 9.30-10.30am,05-06-18,01-01-00 9:30,60,29,499,June,Tuesday,9,Morning,48.33333333,14471
NBL,20-20-20 9.30-10.30am,12-06-18,01-01-00 9:30,60,34,499,June,Tuesday,9,Morning,56.66666667,16966
NBL,20-20-20 9.30-10.30am,19-06-18,01-01-00 9:30,60,19,499,June,Tuesday,9,Morning,31.66666667,9481
NBL,20-20-20 9.30-10.30am,26-06-18,01-01-00 9:30,60,23,499,June,Tuesday,9,Morning,38.33333333,11477
NBL,20:20:20 9.30-10.30am,07-06-18,01-01-00 9:30,60,17,499,June,Thursday,9,Morning,28.33333333,8483
NBL,20:20:20 9.30-10.30am,14-06-18,01-01-00 9:30,60,14,499,June,Thursday,9,Morning,23.33333333,6986
NBL,20:20:20 9.30-10.30am,21-06-18,01-01-00 9:30,60,13,499,June,Thursday,9,Morning,21.66666667,6487
NBL,20:20:20 9.30-10.30am,28-06-18,01-01-00 9:30,60,15,499,June,Thursday,9,Morning,25,7485
NBL,B L T Antenatal Mums,20-06-18,01-01-00 9:45,40,1,1499,June,Wednesday,9,Morning,2.5,1499
NBL,B L T Chair Based,07-06-18,01-01-00 12:40,50,10,1499,June,Thursday,12,Afternoon,20,14990
NBL,B L T Exercise,12-06-18,01-01-00 11:00,40,1,1499,June,Tuesday,11,Morning,2.5,1499
NBL,Barre Pilates   12-1pm,02-06-18,01-01-00 12:00,60,15,2999,June,Saturday,12,Afternoon,25,44985
NBL,Barre Pilates   12-1pm,09-06-18,01-01-00 12:00,60,14,2999,June,Saturday,12,Afternoon,23.33333333,41986
NBL,Barre Pilates   12-1pm,16-06-18,01-01-00 12:00,60,9,2999,June,Saturday,12,Afternoon,15,26991
NBL,Barre Pilates   12-1pm,23-06-18,01-01-00 12:00,60,11,2999,June,Saturday,12,Afternoon,18.33333333,32989
NBL,Barre Pilates   12-1pm,30-06-18,01-01-00 12:00,60,9,2999,June,Saturday,12,Afternoon,15,26991
NBL,Body Combat 5.30-6.30pm,07-06-18,01-01-00 17:30,60,16,1499,June,Thursday,17,Evening,26.66666667,23984
NBL,Body Combat 5.30-6.30pm,14-06-18,01-01-00 17:30,60,18,1499,June,Thursday,17,Evening,30,26982
NBL,Body Combat 5.30-6.30pm,21-06-18,01-01-00 17:30,60,16,1499,June,Thursday,17,Evening,26.66666667,23984
NBL,Body Combat 5.30-6.30pm,28-06-18,01-01-00 17:30,60,11,1499,June,Thursday,17,Evening,18.33333333,16489
NBL,Body Combat 6.45-7.45pm,04-06-18,01-01-00 18:45,60,10,1499,June,Monday,18,Evening,16.66666667,14990
NBL,Body Combat 6.45-7.45pm,11-06-18,01-01-00 18:45,60,14,1499,June,Monday,18,Evening,23.33333333,20986
NBL,Body Combat 6.45-7.45pm,18-06-18,01-01-00 18:45,60,22,1499,June,Monday,18,Evening,36.66666667,32978
NBL,Body Cond 5.45-6.45pm,13-06-18,01-01-00 17:45,60,19,1299,June,Wednesday,17,Evening,31.66666667,24681
NBL,Body Cond 5.45-6.45pm,20-06-18,01-01-00 17:45,60,15,1299,June,Wednesday,17,Evening,25,19485
NBL,Body Cond 5.45-6.45pm,27-06-18,01-01-00 17:45,60,10,1299,June,Wednesday,17,Evening,16.66666667,12990
NBL,Body Cond 6.30-7.30pm,05-06-18,01-01-00 18:30,60,27,1299,June,Tuesday,18,Evening,45,35073
NBL,Body Cond 6.30-7.30pm,12-06-18,01-01-00 18:30,60,36,1299,June,Tuesday,18,Evening,60,46764
NBL,Body Cond 6.30-7.30pm,19-06-18,01-01-00 18:30,60,19,1299,June,Tuesday,18,Evening,31.66666667,24681
NBL,Body Cond 6.30-7.30pm,26-06-18,01-01-00 18:30,60,19,1299,June,Tuesday,18,Evening,31.66666667,24681
NBL,Body Cond 12.45-1.45pm,01-06-18,01-01-00 12:45,60,5,1299,June,Friday,12,Afternoon,8.333333333,6495
NBL,Body Cond 12.45-1.45pm,08-06-18,01-01-00 12:45,60,6,1299,June,Friday,12,Afternoon,10,7794
NBL,Body Cond 12.45-1.45pm,15-06-18,01-01-00 12:45,60,9,1299,June,Friday,12,Afternoon,15,11691
NBL,Body Cond 12.45-1.45pm,22-06-18,01-01-00 12:45,60,5,1299,June,Friday,12,Afternoon,8.333333333,6495
NBL,Body Cond 12.45-1.45pm,29-06-18,01-01-00 12:45,60,3,1299,June,Friday,12,Afternoon,5,3897
NBL,Body Cond 1745-1845,06-06-18,01-01-00 17:45,60,11,1299,June,Wednesday,17,Evening,18.33333333,14289
NBL,Body Pump  5.45-6.45pm,04-06-18,01-01-00 17:45,60,35,1999,June,Monday,17,Evening,58.33333333,69965
NBL,Body Pump  5.45-6.45pm,11-06-18,01-01-00 17:45,60,38,1999,June,Monday,17,Evening,63.33333333,75962
NBL,Body Pump  5.45-6.45pm,18-06-18,01-01-00 17:45,60,30,1999,June,Monday,17,Evening,50,59970
NBL,Body Pump  5.45-6.45pm,25-06-18,01-01-00 17:45,60,28,1999,June,Monday,17,Evening,46.66666667,55972
NBL,Body Pump 8.00-9.00pm,07-06-18,01-01-00 20:00,60,21,1999,June,Thursday,20,Evening,35,41979
NBL,Body Pump 8.00-9.00pm,14-06-18,01-01-00 20:00,60,30,1999,June,Thursday,20,Evening,50,59970
NBL,Body Pump 8.00-9.00pm,21-06-18,01-01-00 20:00,60,20,1999,June,Thursday,20,Evening,33.33333333,39980
NBL,Body Pump 8.00-9.00pm,28-06-18,01-01-00 20:00,60,7,1999,June,Thursday,20,Evening,11.66666667,13993
NBL,Body Pump 9.00-10.00am,02-06-18,01-01-00 9:00,60,20,1999,June,Saturday,9,Morning,33.33333333,39980
NBL,Body Pump 9.00-10.00am,09-06-18,01-01-00 9:00,60,22,1999,June,Saturday,9,Morning,36.66666667,43978
NBL,Body Pump 9.00-10.00am,16-06-18,01-01-00 9:00,60,17,1999,June,Saturday,9,Morning,28.33333333,33983
NBL,Body Pump 9.00-10.00am,23-06-18,01-01-00 9:00,60,30,1999,June,Saturday,9,Morning,50,59970
NBL,Body Pump 9.00-10.00am,30-06-18,01-01-00 9:00,60,26,1999,June,Saturday,9,Morning,43.33333333,51974
NBL,Body Pump 12.30-1.30pm,07-06-18,01-01-00 12:30,60,12,1999,June,Thursday,12,Afternoon,20,23988
NBL,Body Pump 12.30-1.30pm,14-06-18,01-01-00 12:30,60,11,1999,June,Thursday,12,Afternoon,18.33333333,21989
NBL,Body Pump 12.30-1.30pm,21-06-18,01-01-00 12:30,60,6,1999,June,Thursday,12,Afternoon,10,11994
NBL,Body Pump 12.30-1.30pm,28-06-18,01-01-00 12:30,60,11,1999,June,Thursday,12,Afternoon,18.33333333,21989
NBL,Chair Based Exercise,14-06-18,01-01-00 13:00,50,3,1999,June,Thursday,13,Afternoon,6,5997
NBL,Chair Based Exercise,28-06-18,01-01-00 13:00,50,5,1999,June,Thursday,13,Afternoon,10,9995
NBL,Circuits 8.00-9.00pm Edit,04-06-18,01-01-00 20:00,60,14,2999,June,Monday,20,Evening,23.33333333,41986
NBL,Circuits 8.00-9.00pm Edit,11-06-18,01-01-00 20:00,60,13,2999,June,Monday,20,Evening,21.66666667,38987
NBL,Circuits 8.00-9.00pm Edit,18-06-18,01-01-00 20:00,60,17,2999,June,Monday,20,Evening,28.33333333,50983
NBL,Circuits 8.00-9.00pm Edit,25-06-18,01-01-00 20:00,60,9,2999,June,Monday,20,Evening,15,26991
NBL,Gentle Keep Fit 11-12pm,04-06-18,01-01-00 11:00,60,11,999,June,Monday,11,Morning,18.33333333,10989
NBL,Gentle Keep Fit 11-12pm,11-06-18,01-01-00 11:00,60,28,999,June,Monday,11,Morning,46.66666667,27972
NBL,Gentle Keep Fit 11-12pm,18-06-18,01-01-00 11:00,60,31,999,June,Monday,11,Morning,51.66666667,30969
NBL,Gentle Keep Fit 11-12pm,25-06-18,01-01-00 11:00,60,30,999,June,Monday,11,Morning,50,29970
NBL,Gentlekeepfit 10.30-11.30,07-06-18,01-01-00 10:30,60,22,999,June,Thursday,10,Morning,36.66666667,21978
NBL,Gentlekeepfit 10.30-11.30,14-06-18,01-01-00 10:30,60,22,999,June,Thursday,10,Morning,36.66666667,21978
NBL,Gentlekeepfit 10.30-11.30,21-06-18,01-01-00 10:30,60,14,999,June,Thursday,10,Morning,23.33333333,13986
NBL,Gentlekeepfit 10.30-11.30,28-06-18,01-01-00 10:30,60,10,999,June,Thursday,10,Morning,16.66666667,9990
NBL,Jnr Gym Ind 3.30-5.00pm,01-06-18,01-01-00 15:30,2,1,2999,June,Friday,15,Afternoon,50,2999
NBL,Jnr Gym Ind 3.30-5.00pm,06-06-18,01-01-00 15:30,2,1,2999,June,Wednesday,15,Afternoon,50,2999
NBL,Jnr Gym Ind 3.30-5.00pm,08-06-18,01-01-00 15:30,2,1,2999,June,Friday,15,Afternoon,50,2999
NBL,Jnr Gym Ind 3.30-5.00pm,15-06-18,01-01-00 15:30,2,1,2999,June,Friday,15,Afternoon,50,2999
NBL,Jnr Gym Ind 3.30-5.00pm,20-06-18,01-01-00 15:30,2,1,2999,June,Wednesday,15,Afternoon,50,2999
NBL,Jnr Gym Ind 3.30-5.00pm,25-06-18,01-01-00 15:30,2,1,2999,June,Monday,15,Afternoon,50,2999
NBL,Line Dance 10.45-11.45am,05-06-18,01-01-00 10:45,70,45,1499,June,Tuesday,10,Morning,64.28571429,67455
NBL,Line Dance 10.45-11.45am,12-06-18,01-01-00 10:45,70,49,1499,June,Tuesday,10,Morning,70,73451
NBL,Line Dance 10.45-11.45am,19-06-18,01-01-00 10:45,70,52,1499,June,Tuesday,10,Morning,74.28571429,77948
NBL,Line Dance 10.45-11.45am,26-06-18,01-01-00 10:45,70,46,1499,June,Tuesday,10,Morning,65.71428571,68954
NBL,Line Dance 11.45-12.45pm,05-06-18,01-01-00 11:45,70,19,1499,June,Tuesday,11,Morning,27.14285714,28481
NBL,Line Dance 11.45-12.45pm,12-06-18,01-01-00 11:45,70,23,1499,June,Tuesday,11,Morning,32.85714286,34477
NBL,Line Dance 11.45-12.45pm,19-06-18,01-01-00 11:45,70,26,1499,June,Tuesday,11,Morning,37.14285714,38974
NBL,Line Dance 11.45-12.45pm,26-06-18,01-01-00 11:45,70,26,1499,June,Tuesday,11,Morning,37.14285714,38974
NBL,Line Dancing  11-12.30pm,01-06-18,01-01-00 11:00,70,11,1499,June,Friday,11,Morning,15.71428571,16489
NBL,Line Dancing  11-12.30pm,08-06-18,01-01-00 11:00,70,16,1499,June,Friday,11,Morning,22.85714286,23984
NBL,Line Dancing  11-12.30pm,15-06-18,01-01-00 11:00,70,21,1499,June,Friday,11,Morning,30,31479
NBL,Line Dancing  11-12.30pm,22-06-18,01-01-00 11:00,70,17,1499,June,Friday,11,Morning,24.28571429,25483
NBL,Line Dancing  11-12.30pm,29-06-18,01-01-00 11:00,70,15,1499,June,Friday,11,Morning,21.42857143,22485
NBL,Nice & Easy 9.15-10.15am,06-06-18,01-01-00 9:15,60,20,999,June,Wednesday,9,Morning,33.33333333,19980
NBL,Nice & Easy 9.15-10.15am,13-06-18,01-01-00 9:15,60,19,999,June,Wednesday,9,Morning,31.66666667,18981
NBL,Nice & Easy 9.15-10.15am,20-06-18,01-01-00 9:15,60,13,999,June,Wednesday,9,Morning,21.66666667,12987
NBL,Nice & Easy 9.15-10.15am,27-06-18,01-01-00 9:15,60,18,999,June,Wednesday,9,Morning,30,17982
NBL,Nice & Easy 10.00-10.45am,05-06-18,01-01-00 10:00,40,19,999,June,Tuesday,10,Morning,47.5,18981
NBL,Nice & Easy 10.00-10.45am,12-06-18,01-01-00 10:00,40,17,999,June,Tuesday,10,Morning,42.5,16983
NBL,Nice & Easy 10.00-10.45am,19-06-18,01-01-00 10:00,40,18,999,June,Tuesday,10,Morning,45,17982
NBL,Nice & Easy 10.00-10.45am,26-06-18,01-01-00 10:00,40,15,999,June,Tuesday,10,Morning,37.5,14985
NBL,Nice & Easy 11.30-12.30pm,07-06-18,01-01-00 11:30,60,11,999,June,Thursday,11,Morning,18.33333333,10989
NBL,Nice & Easy 11.30-12.30pm,14-06-18,01-01-00 11:30,60,15,999,June,Thursday,11,Morning,25,14985
NBL,Nice & Easy 11.30-12.30pm,21-06-18,01-01-00 11:30,60,15,999,June,Thursday,11,Morning,25,14985
NBL,Nice & Easy 11.30-12.30pm,28-06-18,01-01-00 11:30,60,6,999,June,Thursday,11,Morning,10,5994
NBL,Pilates 1.45-2.45pm,05-06-18,01-01-00 13:45,60,38,2999,June,Tuesday,13,Afternoon,63.33333333,113962
NBL,Pilates 1.45-2.45pm,12-06-18,01-01-00 13:45,60,39,2999,June,Tuesday,13,Afternoon,65,116961
NBL,Pilates 1.45-2.45pm,19-06-18,01-01-00 13:45,60,32,2999,June,Tuesday,13,Afternoon,53.33333333,95968
NBL,Pilates 1.45-2.45pm,26-06-18,01-01-00 13:45,60,34,2999,June,Tuesday,13,Afternoon,56.66666667,101966
NBL,Pilates 5.00-5.45pm,06-06-18,01-01-00 17:00,60,20,2999,June,Wednesday,17,Evening,33.33333333,59980
NBL,Pilates 5.00-5.45pm,13-06-18,01-01-00 17:00,60,25,2999,June,Wednesday,17,Evening,41.66666667,74975
NBL,Pilates 5.00-5.45pm,20-06-18,01-01-00 17:00,60,23,2999,June,Wednesday,17,Evening,38.33333333,68977
NBL,Pilates 5.00-5.45pm,27-06-18,01-01-00 17:00,60,22,2999,June,Wednesday,17,Evening,36.66666667,65978
NBL,Pilates 6.45-7.45pm,07-06-18,01-01-00 18:45,60,29,2999,June,Thursday,18,Evening,48.33333333,86971
NBL,Pilates 6.45-7.45pm,14-06-18,01-01-00 18:45,60,20,2999,June,Thursday,18,Evening,33.33333333,59980
NBL,Pilates 6.45-7.45pm,21-06-18,01-01-00 18:45,60,27,2999,June,Thursday,18,Evening,45,80973
NBL,Pilates 6.45-7.45pm,28-06-18,01-01-00 18:45,60,19,2999,June,Thursday,18,Evening,31.66666667,56981
NBL,Pilates 10.00-11.00am,01-06-18,01-01-00 10:00,60,22,2999,June,Friday,10,Morning,36.66666667,65978
NBL,Pilates 10.00-11.00am,08-06-18,01-01-00 10:00,60,22,2999,June,Friday,10,Morning,36.66666667,65978
NBL,Pilates 10.00-11.00am,15-06-18,01-01-00 10:00,60,21,2999,June,Friday,10,Morning,35,62979
NBL,Pilates 10.00-11.00am,22-06-18,01-01-00 10:00,60,22,2999,June,Friday,10,Morning,36.66666667,65978
NBL,Pilates 10.00-11.00am,29-06-18,01-01-00 10:00,60,15,2999,June,Friday,10,Morning,25,44985
NBL,Pilates 14:45- 15:45,07-06-18,01-01-00 14:45,60,8,2999,June,Thursday,14,Afternoon,13.33333333,23992
NBL,Pilates 14:45- 15:45,14-06-18,01-01-00 14:45,60,20,2999,June,Thursday,14,Afternoon,33.33333333,59980
NBL,Pilates 14:45- 15:45,21-06-18,01-01-00 14:45,60,11,2999,June,Thursday,14,Afternoon,18.33333333,32989
NBL,Pilates 14:45- 15:45,28-06-18,01-01-00 14:45,60,12,2999,June,Thursday,14,Afternoon,20,35988
NBL,Power Yoga 10.00-11.00am,04-06-18,01-01-00 10:00,70,10,2499,June,Monday,10,Morning,14.28571429,24990
NBL,Power Yoga 10.00-11.00am,11-06-18,01-01-00 10:00,70,20,2499,June,Monday,10,Morning,28.57142857,49980
NBL,Power Yoga 10.00-11.00am,18-06-18,01-01-00 10:00,70,21,2499,June,Monday,10,Morning,30,52479
NBL,Power Yoga 10.00-11.00am,25-06-18,01-01-00 10:00,70,22,2499,June,Monday,10,Morning,31.42857143,54978
NBL,Power Yoga 10.15-11.15am,06-06-18,01-01-00 10:15,60,20,2499,June,Wednesday,10,Morning,33.33333333,49980
NBL,Power Yoga 10.15-11.15am,13-06-18,01-01-00 10:15,60,2,2499,June,Wednesday,10,Morning,3.333333333,4998
NBL,Power Yoga 10.15-11.15am,20-06-18,01-01-00 10:15,60,29,2499,June,Wednesday,10,Morning,48.33333333,72471
NBL,Power Yoga 10.15-11.15am,27-06-18,01-01-00 10:15,60,13,2499,June,Wednesday,10,Morning,21.66666667,32487
NBL,Pump  8.15-9.15pm,05-06-18,01-01-00 20:15,60,22,2999,June,Tuesday,20,Evening,36.66666667,65978
NBL,Pump  8.15-9.15pm,12-06-18,01-01-00 20:15,60,16,2999,June,Tuesday,20,Evening,26.66666667,47984
NBL,Pump  8.15-9.15pm,19-06-18,01-01-00 20:15,60,13,2999,June,Tuesday,20,Evening,21.66666667,38987
NBL,Pump  8.15-9.15pm,26-06-18,01-01-00 20:15,60,9,2999,June,Tuesday,20,Evening,15,26991
NBL,Purestretch 6.45-7.45pm,25-06-18,01-01-00 18:45,70,19,999,June,Monday,18,Evening,27.14285714,18981
NBL,Sh`Bam   6.30-7.30pm,01-06-18,01-01-00 18:30,70,20,999,June,Friday,18,Evening,28.57142857,19980
NBL,Sh`Bam   6.30-7.30pm,08-06-18,01-01-00 18:30,70,26,999,June,Friday,18,Evening,37.14285714,25974
NBL,Sh`Bam   6.30-7.30pm,15-06-18,01-01-00 18:30,70,17,999,June,Friday,18,Evening,24.28571429,16983
NBL,Sh`Bam   6.30-7.30pm,22-06-18,01-01-00 18:30,70,19,999,June,Friday,18,Evening,27.14285714,18981
NBL,Sh`Bam   6.30-7.30pm,29-06-18,01-01-00 18:30,70,17,999,June,Friday,18,Evening,24.28571429,16983
NBL,Sh`Bam  7.30-8.15pm,05-06-18,01-01-00 19:30,70,35,999,June,Tuesday,19,Evening,50,34965
NBL,Sh`Bam  7.30-8.15pm,12-06-18,01-01-00 19:30,70,35,999,June,Tuesday,19,Evening,50,34965
NBL,Sh`Bam  7.30-8.15pm,19-06-18,01-01-00 19:30,70,23,999,June,Tuesday,19,Evening,32.85714286,22977
NBL,Sh`Bam  7.30-8.15pm,26-06-18,01-01-00 19:30,70,24,999,June,Tuesday,19,Evening,34.28571429,23976
NBL,Sha`Bam  11.00-12.00pm,02-06-18,01-01-00 11:00,70,15,999,June,Saturday,11,Morning,21.42857143,14985
NBL,Sha`Bam  11.00-12.00pm,09-06-18,01-01-00 11:00,70,21,999,June,Saturday,11,Morning,30,20979
NBL,Sha`Bam  11.00-12.00pm,16-06-18,01-01-00 11:00,70,9,999,June,Saturday,11,Morning,12.85714286,8991
NBL,Sha`Bam  11.00-12.00pm,23-06-18,01-01-00 11:00,70,13,999,June,Saturday,11,Morning,18.57142857,12987
NBL,Sha`Bam  11.00-12.00pm,30-06-18,01-01-00 11:00,70,11,999,June,Saturday,11,Morning,15.71428571,10989
NBL,Step Aerobics 5.45-6.30pm,05-06-18,01-01-00 17:45,60,30,1999,June,Tuesday,17,Evening,50,59970
NBL,Step Aerobics 5.45-6.30pm,12-06-18,01-01-00 17:45,60,26,1999,June,Tuesday,17,Evening,43.33333333,51974
NBL,Step Aerobics 5.45-6.30pm,19-06-18,01-01-00 17:45,60,17,1999,June,Tuesday,17,Evening,28.33333333,33983
NBL,Step Aerobics 5.45-6.30pm,26-06-18,01-01-00 17:45,60,19,1999,June,Tuesday,17,Evening,31.66666667,37981
NBL,Step Aerobics 10-11.00am,02-06-18,01-01-00 10:00,60,24,1999,June,Saturday,10,Morning,40,47976
NBL,Step Aerobics 10-11.00am,09-06-18,01-01-00 10:00,60,22,1999,June,Saturday,10,Morning,36.66666667,43978
NBL,Step Aerobics 10-11.00am,16-06-18,01-01-00 10:00,60,15,1999,June,Saturday,10,Morning,25,29985
NBL,Step Aerobics 10-11.00am,23-06-18,01-01-00 10:00,60,22,1999,June,Saturday,10,Morning,36.66666667,43978
NBL,Step Aerobics 10-11.00am,30-06-18,01-01-00 10:00,60,9,1999,June,Saturday,10,Morning,15,17991
NBL,Strength&stretch1230-1330,06-06-18,01-01-00 12:30,60,8,2999,June,Wednesday,12,Afternoon,13.33333333,23992
NBL,Strength&stretch1230-1330,13-06-18,01-01-00 12:30,60,6,2999,June,Wednesday,12,Afternoon,10,17994
NBL,Strength&stretch1230-1330,20-06-18,01-01-00 12:30,60,6,2999,June,Wednesday,12,Afternoon,10,17994
NBL,Strength&stretch1230-1330,27-06-18,01-01-00 12:30,60,5,2999,June,Wednesday,12,Afternoon,8.333333333,14995
NBL,Tai Chi 2.00-3.00pm,04-06-18,01-01-00 14:00,60,12,3999,June,Monday,14,Afternoon,20,47988
NBL,Tai Chi 2.00-3.00pm,11-06-18,01-01-00 14:00,60,20,3999,June,Monday,14,Afternoon,33.33333333,79980
NBL,Tai Chi 2.00-3.00pm,18-06-18,01-01-00 14:00,60,15,3999,June,Monday,14,Afternoon,25,59985
NBL,Tai Chi 2.00-3.00pm,25-06-18,01-01-00 14:00,60,8,3999,June,Monday,14,Afternoon,13.33333333,31992
NBL,Tap Dancing 11.15-12.15pm,06-06-18,01-01-00 11:15,60,11,1999,June,Wednesday,11,Morning,18.33333333,21989
NBL,Tap Dancing 11.15-12.15pm,13-06-18,01-01-00 11:15,60,1,1999,June,Wednesday,11,Morning,1.666666667,1999
NBL,Tap Dancing 11.15-12.15pm,20-06-18,01-01-00 11:15,60,14,1999,June,Wednesday,11,Morning,23.33333333,27986
NBL,Tap Dancing 11.15-12.15pm,27-06-18,01-01-00 11:15,60,12,1999,June,Wednesday,11,Morning,20,23988
NBL,Tap Dancing 12-1.30pm,04-06-18,01-01-00 12:00,60,4,1999,June,Monday,12,Afternoon,6.666666667,7996
NBL,Tap Dancing 12-1.30pm,11-06-18,01-01-00 12:00,60,12,1999,June,Monday,12,Afternoon,20,23988
NBL,Tap Dancing 12-1.30pm,18-06-18,01-01-00 12:00,60,10,1999,June,Monday,12,Afternoon,16.66666667,19990
NBL,Tap Dancing 12-1.30pm,25-06-18,01-01-00 12:00,60,2,1999,June,Monday,12,Afternoon,3.333333333,3998
NBL,Zumba 9.30-10.30am,03-06-18,01-01-00 9:30,60,23,1299,June,Sunday,9,Morning,38.33333333,29877
NBL,Zumba 9.30-10.30am,10-06-18,01-01-00 9:30,60,23,1299,June,Sunday,9,Morning,38.33333333,29877
NBL,Zumba 9.30-10.30am,17-06-18,01-01-00 9:30,60,34,1299,June,Sunday,9,Morning,56.66666667,44166
NBL,Zumba 9.30-10.30am,24-06-18,01-01-00 9:30,60,22,1299,June,Sunday,9,Morning,36.66666667,28578
NBL,Zumba Gold 1.45-2.45pm,07-06-18,01-01-00 13:45,60,18,1999,June,Thursday,13,Afternoon,30,35982
NBL,Zumba Gold 1.45-2.45pm,14-06-18,01-01-00 13:45,60,23,1999,June,Thursday,13,Afternoon,38.33333333,45977
NBL,Zumba Gold 1.45-2.45pm,21-06-18,01-01-00 13:45,60,25,1999,June,Thursday,13,Afternoon,41.66666667,49975
NBL,Zumba Gold 1.45-2.45pm,28-06-18,01-01-00 13:45,60,20,1999,June,Thursday,13,Afternoon,33.33333333,39980
NBL,Zumba Gold 12.45-1.45pm,05-06-18,01-01-00 12:45,60,38,1999,June,Tuesday,12,Afternoon,63.33333333,75962
NBL,Zumba Gold 12.45-1.45pm,12-06-18,01-01-00 12:45,60,39,1999,June,Tuesday,12,Afternoon,65,77961
NBL,Zumba Gold 12.45-1.45pm,19-06-18,01-01-00 12:45,60,33,1999,June,Tuesday,12,Afternoon,55,65967
NBL,Zumba Gold 12.45-1.45pm,26-06-18,01-01-00 12:45,60,36,1999,June,Tuesday,12,Afternoon,60,71964
SBP,20-20-20 9.30-10.30am,06-06-18,01-01-00 9:30,35,15,499,June,Wednesday,9,Morning,42.85714286,7485
SBP,20-20-20 9.30-10.30am,13-06-18,01-01-00 9:30,35,20,499,June,Wednesday,9,Morning,57.14285714,9980
SBP,20-20-20 9.30-10.30am,20-06-18,01-01-00 9:30,35,14,499,June,Wednesday,9,Morning,40,6986
SBP,20-20-20 9.30-10.30am,27-06-18,01-01-00 9:30,35,23,499,June,Wednesday,9,Morning,65.71428571,11477
SBP,45min Madness 9.15-10am,05-06-18,01-01-00 9:15,35,11,1499,June,Tuesday,9,Morning,31.42857143,16489
SBP,45min Madness 9.15-10am,12-06-18,01-01-00 9:15,35,18,1499,June,Tuesday,9,Morning,51.42857143,26982
SBP,45min Madness 9.15-10am,19-06-18,01-01-00 9:15,35,17,1499,June,Tuesday,9,Morning,48.57142857,25483
SBP,45min Madness 9.15-10am,26-06-18,01-01-00 9:15,35,15,1499,June,Tuesday,9,Morning,42.85714286,22485
SBP,Abs Blast 7.45-8.15am,05-06-18,01-01-00 7:45,20,1,999,June,Tuesday,7,Morning,5,999
SBP,Abs Blast 7.45-8.15am,12-06-18,01-01-00 7:45,20,2,999,June,Tuesday,7,Morning,10,1998
SBP,Abs Blast 7.45-8.15am,19-06-18,01-01-00 7:45,20,1,999,June,Tuesday,7,Morning,5,999
SBP,Abs Blast 7.45-8.15am,26-06-18,01-01-00 7:45,20,1,999,June,Tuesday,7,Morning,5,999
SBP,Aqua Babies 9.30-10.00am,01-06-18,01-01-00 9:30,10,6,1499,June,Friday,9,Morning,60,8994
SBP,Aqua Babies 9.30-10.00am,08-06-18,01-01-00 9:30,10,7,1499,June,Friday,9,Morning,70,10493
SBP,Aqua Babies 9.30-10.00am,15-06-18,01-01-00 9:30,10,8,1499,June,Friday,9,Morning,80,11992
SBP,Aqua Babies 9.30-10.00am,22-06-18,01-01-00 9:30,10,5,1499,June,Friday,9,Morning,50,7495
SBP,Aqua Babies 9.30-10.00am,29-06-18,01-01-00 9:30,10,10,1499,June,Friday,9,Morning,100,14990
SBP,Aqua Babies 12 -12.30am,04-06-18,01-01-00 12:00,10,8,1499,June,Monday,12,Afternoon,80,11992
SBP,Aqua Babies 12 -12.30am,11-06-18,01-01-00 12:00,10,5,1499,June,Monday,12,Afternoon,50,7495
SBP,Aqua Babies 12 -12.30am,18-06-18,01-01-00 12:00,10,10,1499,June,Monday,12,Afternoon,100,14990
SBP,Aqua Babies 12 -12.30am,25-06-18,01-01-00 12:00,10,6,1499,June,Monday,12,Afternoon,60,8994
SBP,Aqua Fit 3.00-3.50pm,05-06-18,01-01-00 15:00,35,20,999,June,Tuesday,15,Afternoon,57.14285714,19980
SBP,Aqua Fit 3.00-3.50pm,12-06-18,01-01-00 15:00,35,21,999,June,Tuesday,15,Afternoon,60,20979
SBP,Aqua Fit 3.00-3.50pm,19-06-18,01-01-00 15:00,35,20,999,June,Tuesday,15,Afternoon,57.14285714,19980
SBP,Aqua Fit 3.00-3.50pm,26-06-18,01-01-00 15:00,35,23,999,June,Tuesday,15,Afternoon,65.71428571,22977
SBP,Aqua Fit 11.15-12.00,04-06-18,01-01-00 11:15,35,32,999,June,Monday,11,Morning,91.42857143,31968
SBP,Aqua Fit 11.15-12.00,11-06-18,01-01-00 11:15,35,34,999,June,Monday,11,Morning,97.14285714,33966
SBP,Aqua Fit 11.15-12.00,18-06-18,01-01-00 11:15,35,35,999,June,Monday,11,Morning,100,34965
SBP,Aqua Fit 11.15-12.00,25-06-18,01-01-00 11:15,35,35,999,June,Monday,11,Morning,100,34965
SBP,Aqua Tots 9.00-9.30am,01-06-18,01-01-00 9:00,10,4,999,June,Friday,9,Morning,40,3996
SBP,Aqua Tots 9.00-9.30am,08-06-18,01-01-00 9:00,10,6,999,June,Friday,9,Morning,60,5994
SBP,Aqua Tots 9.00-9.30am,15-06-18,01-01-00 9:00,10,4,999,June,Friday,9,Morning,40,3996
SBP,Aqua Tots 9.00-9.30am,22-06-18,01-01-00 9:00,10,2,999,June,Friday,9,Morning,20,1998
SBP,Aqua Tots 9.00-9.30am,29-06-18,01-01-00 9:00,10,2,999,June,Friday,9,Morning,20,1998
SBP,Aqua Tots 10.00-10.30am,01-06-18,01-01-00 10:00,10,4,999,June,Friday,10,Morning,40,3996
SBP,Aqua Tots 10.00-10.30am,08-06-18,01-01-00 10:00,10,7,999,June,Friday,10,Morning,70,6993
SBP,Aqua Tots 10.00-10.30am,15-06-18,01-01-00 10:00,10,8,999,June,Friday,10,Morning,80,7992
SBP,Aqua Tots 10.00-10.30am,22-06-18,01-01-00 10:00,10,7,999,June,Friday,10,Morning,70,6993
SBP,Aqua Tots 10.00-10.30am,29-06-18,01-01-00 10:00,10,6,999,June,Friday,10,Morning,60,5994
SBP,Aqua Tots & Babies 10.30-,01-06-18,01-01-00 10:30,10,8,1499,June,Friday,10,Morning,80,11992
SBP,Aqua Tots & Babies 10.30-,08-06-18,01-01-00 10:30,10,5,1499,June,Friday,10,Morning,50,7495
SBP,Aqua Tots & Babies 10.30-,15-06-18,01-01-00 10:30,10,9,1499,June,Friday,10,Morning,90,13491
SBP,Aqua Tots & Babies 10.30-,22-06-18,01-01-00 10:30,10,8,1499,June,Friday,10,Morning,80,11992
SBP,Aqua Tots & Babies 10.30-,29-06-18,01-01-00 10:30,10,10,1499,June,Friday,10,Morning,100,14990
SBP,Aquababies/tots 12-12.30,06-06-18,01-01-00 12:00,10,7,1499,June,Wednesday,12,Afternoon,70,10493
SBP,Aquababies/tots 12-12.30,13-06-18,01-01-00 12:00,10,8,1499,June,Wednesday,12,Afternoon,80,11992
SBP,Aquababies/tots 12-12.30,20-06-18,01-01-00 12:00,10,10,1499,June,Wednesday,12,Afternoon,100,14990
SBP,Aquababies/tots 12-12.30,27-06-18,01-01-00 12:00,10,4,1499,June,Wednesday,12,Afternoon,40,5996
SBP,Aquafit 6.00-7.00pm,06-06-18,01-01-00 18:00,35,32,999,June,Wednesday,18,Evening,91.42857143,31968
SBP,Aquafit 6.00-7.00pm,13-06-18,01-01-00 18:00,35,31,999,June,Wednesday,18,Evening,88.57142857,30969
SBP,Aquafit 6.00-7.00pm,20-06-18,01-01-00 18:00,35,35,999,June,Wednesday,18,Evening,100,34965
SBP,Aquafit 6.00-7.00pm,27-06-18,01-01-00 18:00,35,33,999,June,Wednesday,18,Evening,94.28571429,32967
SBP,Aquafit  7.00-8.00pm,01-06-18,01-01-00 19:00,35,34,999,June,Friday,19,Evening,97.14285714,33966
SBP,Aquafit  7.00-8.00pm,08-06-18,01-01-00 19:00,35,33,999,June,Friday,19,Evening,94.28571429,32967
SBP,Aquafit  7.00-8.00pm,15-06-18,01-01-00 19:00,35,29,999,June,Friday,19,Evening,82.85714286,28971
SBP,Aquafit  7.00-8.00pm,22-06-18,01-01-00 19:00,35,25,999,June,Friday,19,Evening,71.42857143,24975
SBP,Aquafit  7.00-8.00pm,29-06-18,01-01-00 19:00,35,33,999,June,Friday,19,Evening,94.28571429,32967
SBP,Aquafit 7.00-8.00pm,04-06-18,01-01-00 19:00,35,29,999,June,Monday,19,Evening,82.85714286,28971
SBP,Aquafit 7.00-8.00pm,11-06-18,01-01-00 19:00,35,34,999,June,Monday,19,Evening,97.14285714,33966
SBP,Aquafit 7.00-8.00pm,18-06-18,01-01-00 19:00,35,30,999,June,Monday,19,Evening,85.71428571,29970
SBP,Aquafit 7.00-8.00pm,25-06-18,01-01-00 19:00,35,34,999,June,Monday,19,Evening,97.14285714,33966
SBP,Aquatots 12.30- 13.00pm,04-06-18,01-01-00 12:30,10,2,999,June,Monday,12,Afternoon,20,1998
SBP,Aquatots 12.30- 13.00pm,11-06-18,01-01-00 12:30,10,3,999,June,Monday,12,Afternoon,30,2997
SBP,Aquatots 12.30- 13.00pm,18-06-18,01-01-00 12:30,10,4,999,June,Monday,12,Afternoon,40,3996
SBP,Aquatots 12.30- 13.00pm,25-06-18,01-01-00 12:30,10,1,999,June,Monday,12,Afternoon,10,999
SBP,Ballroom Dance 2.30-3.30,08-06-18,01-01-00 14:30,35,9,2999,June,Friday,14,Afternoon,25.71428571,26991
SBP,Ballroom Dance 2.30-3.30,15-06-18,01-01-00 14:30,35,12,2999,June,Friday,14,Afternoon,34.28571429,35988
SBP,Ballroom Dance 2.30-3.30,22-06-18,01-01-00 14:30,35,6,2999,June,Friday,14,Afternoon,17.14285714,17994
SBP,Ballroom Dance 2.30-3.30,29-06-18,01-01-00 14:30,35,6,2999,June,Friday,14,Afternoon,17.14285714,17994
SBP,Better Living Team 2pm,11-06-18,01-01-00 14:00,25,21,1499,June,Monday,14,Afternoon,84,31479
SBP,Better Living Team 2pm,18-06-18,01-01-00 14:00,25,9,1499,June,Monday,14,Afternoon,36,13491
SBP,Better Living Team 2pm,25-06-18,01-01-00 14:00,25,14,1499,June,Monday,14,Afternoon,56,20986
SBP,Body Balan 11.30-12.30pm,03-06-18,01-01-00 11:30,35,20,2499,June,Sunday,11,Morning,57.14285714,49980
SBP,Body Balan 11.30-12.30pm,10-06-18,01-01-00 11:30,35,13,2499,June,Sunday,11,Morning,37.14285714,32487
SBP,Body Balan 11.30-12.30pm,17-06-18,01-01-00 11:30,35,10,2499,June,Sunday,11,Morning,28.57142857,24990
SBP,Body Balan 11.30-12.30pm,24-06-18,01-01-00 11:30,35,7,2499,June,Sunday,11,Morning,20,17493
SBP,Body Balance 7pm-8pm,06-06-18,01-01-00 19:00,35,35,2499,June,Wednesday,19,Evening,100,87465
SBP,Body Balance 7pm-8pm,13-06-18,01-01-00 19:00,35,27,2499,June,Wednesday,19,Evening,77.14285714,67473
SBP,Body Balance 7pm-8pm,20-06-18,01-01-00 19:00,35,32,2499,June,Wednesday,19,Evening,91.42857143,79968
SBP,Body Balance 7pm-8pm,27-06-18,01-01-00 19:00,35,19,2499,June,Wednesday,19,Evening,54.28571429,47481
SBP,Body Balance 11-12pm,05-06-18,01-01-00 11:00,35,11,2499,June,Tuesday,11,Morning,31.42857143,27489
SBP,Body Balance 11-12pm,07-06-18,01-01-00 11:00,35,12,2499,June,Thursday,11,Morning,34.28571429,29988
SBP,Body Balance 11-12pm,08-06-18,01-01-00 11:00,35,14,2499,June,Friday,11,Morning,40,34986
SBP,Body Balance 11-12pm,12-06-18,01-01-00 11:00,35,16,2499,June,Tuesday,11,Morning,45.71428571,39984
SBP,Body Balance 11-12pm,14-06-18,01-01-00 11:00,35,15,2499,June,Thursday,11,Morning,42.85714286,37485
SBP,Body Balance 11-12pm,15-06-18,01-01-00 11:00,35,15,2499,June,Friday,11,Morning,42.85714286,37485
SBP,Body Balance 11-12pm,19-06-18,01-01-00 11:00,35,14,2499,June,Tuesday,11,Morning,40,34986
SBP,Body Balance 11-12pm,21-06-18,01-01-00 11:00,35,16,2499,June,Thursday,11,Morning,45.71428571,39984
SBP,Body Balance 11-12pm,22-06-18,01-01-00 11:00,35,11,2499,June,Friday,11,Morning,31.42857143,27489
SBP,Body Balance 11-12pm,26-06-18,01-01-00 11:00,35,14,2499,June,Tuesday,11,Morning,40,34986
SBP,Body Balance 11-12pm,28-06-18,01-01-00 11:00,35,13,2499,June,Thursday,11,Morning,37.14285714,32487
SBP,Body Balance 11-12pm,29-06-18,01-01-00 11:00,35,9,2499,June,Friday,11,Morning,25.71428571,22491
SBP,Body Balance 11.30-12.30,02-06-18,01-01-00 11:30,30,17,2499,June,Saturday,11,Morning,56.66666667,42483
SBP,Body Balance 11.30-12.30,09-06-18,01-01-00 11:30,30,16,2499,June,Saturday,11,Morning,53.33333333,39984
SBP,Body Balance 11.30-12.30,16-06-18,01-01-00 11:30,30,17,2499,June,Saturday,11,Morning,56.66666667,42483
SBP,Body Balance 11.30-12.30,23-06-18,01-01-00 11:30,30,14,2499,June,Saturday,11,Morning,46.66666667,34986
SBP,Body Balance 11.30-12.30,30-06-18,01-01-00 11:30,30,12,2499,June,Saturday,11,Morning,40,29988
SBP,Body Balance 12.30-1.30pm,04-06-18,01-01-00 12:30,35,4,2499,June,Monday,12,Afternoon,11.42857143,9996
SBP,Body Balance 12.30-1.30pm,11-06-18,01-01-00 12:30,35,6,2499,June,Monday,12,Afternoon,17.14285714,14994
SBP,Body Balance 12.30-1.30pm,18-06-18,01-01-00 12:30,35,9,2499,June,Monday,12,Afternoon,25.71428571,22491
SBP,Body Balance 12.30-1.30pm,25-06-18,01-01-00 12:30,35,12,2499,June,Monday,12,Afternoon,34.28571429,29988
SBP,Body Combat   5.00-6.00pm,04-06-18,01-01-00 17:00,35,11,1499,June,Monday,17,Evening,31.42857143,16489
SBP,Body Combat   5.00-6.00pm,11-06-18,01-01-00 17:00,35,14,1499,June,Monday,17,Evening,40,20986
SBP,Body Combat   5.00-6.00pm,18-06-18,01-01-00 17:00,35,20,1499,June,Monday,17,Evening,57.14285714,29980
SBP,Body Combat   5.00-6.00pm,25-06-18,01-01-00 17:00,35,17,1499,June,Monday,17,Evening,48.57142857,25483
SBP,Body Combat 5.00-6.00pm,06-06-18,01-01-00 17:00,35,30,1499,June,Wednesday,17,Evening,85.71428571,44970
SBP,Body Combat 5.00-6.00pm,13-06-18,01-01-00 17:00,35,23,1499,June,Wednesday,17,Evening,65.71428571,34477
SBP,Body Combat 5.00-6.00pm,20-06-18,01-01-00 17:00,35,29,1499,June,Wednesday,17,Evening,82.85714286,43471
SBP,Body Combat 5.00-6.00pm,27-06-18,01-01-00 17:00,35,28,1499,June,Wednesday,17,Evening,80,41972
SBP,Body Combat 6-7.00pm,01-06-18,01-01-00 18:00,35,29,1499,June,Friday,18,Evening,82.85714286,43471
SBP,Body Combat 6-7.00pm,08-06-18,01-01-00 18:00,35,34,1499,June,Friday,18,Evening,97.14285714,50966
SBP,Body Combat 6-7.00pm,22-06-18,01-01-00 18:00,35,27,1499,June,Friday,18,Evening,77.14285714,40473
SBP,Body Combat 6-7.00pm,29-06-18,01-01-00 18:00,35,26,1499,June,Friday,18,Evening,74.28571429,38974
SBP,Body Combat 7.00-8.00pm,04-06-18,01-01-00 19:00,40,38,1499,June,Monday,19,Evening,95,56962
SBP,Body Combat 7.00-8.00pm,05-06-18,01-01-00 19:00,35,34,1499,June,Tuesday,19,Evening,97.14285714,50966
SBP,Body Combat 7.00-8.00pm,11-06-18,01-01-00 19:00,40,31,1499,June,Monday,19,Evening,77.5,46469
SBP,Body Combat 7.00-8.00pm,12-06-18,01-01-00 19:00,35,25,1499,June,Tuesday,19,Evening,71.42857143,37475
SBP,Body Combat 7.00-8.00pm,18-06-18,01-01-00 19:00,40,37,1499,June,Monday,19,Evening,92.5,55463
SBP,Body Combat 7.00-8.00pm,19-06-18,01-01-00 19:00,35,30,1499,June,Tuesday,19,Evening,85.71428571,44970
SBP,Body Combat 7.00-8.00pm,25-06-18,01-01-00 19:00,40,29,1499,June,Monday,19,Evening,72.5,43471
SBP,Body Combat 7.00-8.00pm,26-06-18,01-01-00 19:00,35,26,1499,June,Tuesday,19,Evening,74.28571429,38974
SBP,Body Combat 9.15-10.15am,03-06-18,01-01-00 9:15,35,34,1499,June,Sunday,9,Morning,97.14285714,50966
SBP,Body Combat 9.15-10.15am,10-06-18,01-01-00 9:15,35,29,1499,June,Sunday,9,Morning,82.85714286,43471
SBP,Body Combat 9.15-10.15am,17-06-18,01-01-00 9:15,35,33,1499,June,Sunday,9,Morning,94.28571429,49467
SBP,Body Combat 9.15-10.15am,24-06-18,01-01-00 9:15,35,33,1499,June,Sunday,9,Morning,94.28571429,49467
SBP,Body Combat 10.00-11.00am,07-06-18,01-01-00 10:00,40,20,1499,June,Thursday,10,Morning,50,29980
SBP,Body Combat 10.00-11.00am,14-06-18,01-01-00 10:00,40,31,1499,June,Thursday,10,Morning,77.5,46469
SBP,Body Combat 10.00-11.00am,21-06-18,01-01-00 10:00,40,26,1499,June,Thursday,10,Morning,65,38974
SBP,Body Combat 10.00-11.00am,28-06-18,01-01-00 10:00,40,23,1499,June,Thursday,10,Morning,57.5,34477
SBP,Body Combat 10.30-11.30,02-06-18,01-01-00 10:30,35,30,1499,June,Saturday,10,Morning,85.71428571,44970
SBP,Body Combat 10.30-11.30,09-06-18,01-01-00 10:30,35,29,1499,June,Saturday,10,Morning,82.85714286,43471
SBP,Body Combat 10.30-11.30,16-06-18,01-01-00 10:30,35,30,1499,June,Saturday,10,Morning,85.71428571,44970
SBP,Body Combat 10.30-11.30,23-06-18,01-01-00 10:30,35,24,1499,June,Saturday,10,Morning,68.57142857,35976
SBP,Body Combat 10.30-11.30,30-06-18,01-01-00 10:30,35,26,1499,June,Saturday,10,Morning,74.28571429,38974
SBP,Body Combat 11.30-12.30pm,04-06-18,01-01-00 11:30,35,13,1499,June,Monday,11,Morning,37.14285714,19487
SBP,Body Combat 11.30-12.30pm,11-06-18,01-01-00 11:30,35,15,1499,June,Monday,11,Morning,42.85714286,22485
SBP,Body Combat 11.30-12.30pm,18-06-18,01-01-00 11:30,35,16,1499,June,Monday,11,Morning,45.71428571,23984
SBP,Body Combat 11.30-12.30pm,25-06-18,01-01-00 11:30,35,12,1499,June,Monday,11,Morning,34.28571429,17988
SBP,Body Con 10.30-11.30am,03-06-18,01-01-00 10:30,40,28,1299,June,Sunday,10,Morning,70,36372
SBP,Body Con 10.30-11.30am,04-06-18,01-01-00 10:30,35,17,1299,June,Monday,10,Morning,48.57142857,22083
SBP,Body Con 10.30-11.30am,10-06-18,01-01-00 10:30,40,29,1299,June,Sunday,10,Morning,72.5,37671
SBP,Body Con 10.30-11.30am,11-06-18,01-01-00 10:30,35,26,1299,June,Monday,10,Morning,74.28571429,33774
SBP,Body Con 10.30-11.30am,17-06-18,01-01-00 10:30,40,24,1299,June,Sunday,10,Morning,60,31176
SBP,Body Con 10.30-11.30am,18-06-18,01-01-00 10:30,35,26,1299,June,Monday,10,Morning,74.28571429,33774
SBP,Body Con 10.30-11.30am,24-06-18,01-01-00 10:30,40,20,1299,June,Sunday,10,Morning,50,25980
SBP,Body Con 10.30-11.30am,25-06-18,01-01-00 10:30,35,18,1299,June,Monday,10,Morning,51.42857143,23382
SBP,Body Cond 5.00-6.00pm,05-06-18,01-01-00 17:00,35,22,1299,June,Tuesday,17,Evening,62.85714286,28578
SBP,Body Cond 5.00-6.00pm,12-06-18,01-01-00 17:00,35,31,1299,June,Tuesday,17,Evening,88.57142857,40269
SBP,Body Cond 5.00-6.00pm,19-06-18,01-01-00 17:00,35,23,1299,June,Tuesday,17,Evening,65.71428571,29877
SBP,Body Cond 5.00-6.00pm,26-06-18,01-01-00 17:00,35,24,1299,June,Tuesday,17,Evening,68.57142857,31176
SBP,Body Cond 10-11am,01-06-18,01-01-00 10:00,35,11,1299,June,Friday,10,Morning,31.42857143,14289
SBP,Body Cond 10-11am,08-06-18,01-01-00 10:00,35,27,1299,June,Friday,10,Morning,77.14285714,35073
SBP,Body Cond 10-11am,15-06-18,01-01-00 10:00,35,23,1299,June,Friday,10,Morning,65.71428571,29877
SBP,Body Cond 10-11am,22-06-18,01-01-00 10:00,35,17,1299,June,Friday,10,Morning,48.57142857,22083
SBP,Body Cond 10-11am,29-06-18,01-01-00 10:00,35,18,1299,June,Friday,10,Morning,51.42857143,23382
SBP,Body Cond 10.30-11.30am,06-06-18,01-01-00 10:30,35,23,1299,June,Wednesday,10,Morning,65.71428571,29877
SBP,Body Cond 10.30-11.30am,13-06-18,01-01-00 10:30,35,22,1299,June,Wednesday,10,Morning,62.85714286,28578
SBP,Body Cond 10.30-11.30am,20-06-18,01-01-00 10:30,35,18,1299,June,Wednesday,10,Morning,51.42857143,23382
SBP,Body Cond 10.30-11.30am,27-06-18,01-01-00 10:30,35,27,1299,June,Wednesday,10,Morning,77.14285714,35073
SBP,Body Conditioning 8-9pm,04-06-18,01-01-00 20:00,35,19,1299,June,Monday,20,Evening,54.28571429,24681
SBP,Body Conditioning 8-9pm,11-06-18,01-01-00 20:00,35,13,1299,June,Monday,20,Evening,37.14285714,16887
SBP,Body Conditioning 8-9pm,18-06-18,01-01-00 20:00,35,20,1299,June,Monday,20,Evening,57.14285714,25980
SBP,Body Conditioning 8-9pm,25-06-18,01-01-00 20:00,35,11,1299,June,Monday,20,Evening,31.42857143,14289
SBP,Circuits 7 -7.45 Am,05-06-18,01-01-00 7:00,20,14,2999,June,Tuesday,7,Morning,70,41986
SBP,Circuits 7 -7.45 Am,12-06-18,01-01-00 7:00,20,10,2999,June,Tuesday,7,Morning,50,29990
SBP,Circuits 7 -7.45 Am,19-06-18,01-01-00 7:00,20,10,2999,June,Tuesday,7,Morning,50,29990
SBP,Circuits 7 -7.45 Am,26-06-18,01-01-00 7:00,20,11,2999,June,Tuesday,7,Morning,55,32989
SBP,Ex Better Living Team,27-06-18,01-01-00 14:00,30,1,1499,June,Wednesday,14,Afternoon,3.333333333,1499
SBP,Family Bootcamp 4-4.45pm,06-06-18,01-01-00 16:00,30,2,3999,June,Wednesday,16,Afternoon,6.666666667,7998
SBP,Family Bootcamp 4-4.45pm,20-06-18,01-01-00 16:00,30,1,3999,June,Wednesday,16,Afternoon,3.333333333,3999
SBP,Family Bootcamp 4-4.45pm,27-06-18,01-01-00 16:00,30,4,3999,June,Wednesday,16,Afternoon,13.33333333,15996
SBP,Fusion   6.00-7.00pm,06-06-18,01-01-00 18:00,40,30,999,June,Wednesday,18,Evening,75,29970
SBP,Fusion   6.00-7.00pm,13-06-18,01-01-00 18:00,40,23,999,June,Wednesday,18,Evening,57.5,22977
SBP,Fusion   6.00-7.00pm,20-06-18,01-01-00 18:00,40,23,999,June,Wednesday,18,Evening,57.5,22977
SBP,Fusion   6.00-7.00pm,27-06-18,01-01-00 18:00,40,20,999,June,Wednesday,18,Evening,50,19980
SBP,H.I.I.T 9.30-10.30am,04-06-18,01-01-00 9:30,35,11,2499,June,Monday,9,Morning,31.42857143,27489
SBP,H.I.I.T 9.30-10.30am,11-06-18,01-01-00 9:30,35,16,2499,June,Monday,9,Morning,45.71428571,39984
SBP,H.I.I.T 9.30-10.30am,18-06-18,01-01-00 9:30,35,13,2499,June,Monday,9,Morning,37.14285714,32487
SBP,H.I.I.T 9.30-10.30am,25-06-18,01-01-00 9:30,35,11,2499,June,Monday,9,Morning,31.42857143,27489
SBP,H.I.I.T.  5.00-6.00pm,01-06-18,01-01-00 17:00,30,5,2499,June,Friday,17,Evening,16.66666667,12495
SBP,H.I.I.T.  5.00-6.00pm,08-06-18,01-01-00 17:00,30,7,2499,June,Friday,17,Evening,23.33333333,17493
SBP,H.I.I.T.  5.00-6.00pm,22-06-18,01-01-00 17:00,30,6,2499,June,Friday,17,Evening,20,14994
SBP,H.I.I.T.  5.00-6.00pm,29-06-18,01-01-00 17:00,30,8,2499,June,Friday,17,Evening,26.66666667,19992
SBP,Hatton A B C 6-7.00pm,05-06-18,01-01-00 18:00,30,17,1999,June,Tuesday,18,Evening,56.66666667,33983
SBP,Hatton A B C 6-7.00pm,12-06-18,01-01-00 18:00,30,18,1999,June,Tuesday,18,Evening,60,35982
SBP,Hatton A B C 6-7.00pm,19-06-18,01-01-00 18:00,30,23,1999,June,Tuesday,18,Evening,76.66666667,45977
SBP,Hatton A B C 6-7.00pm,26-06-18,01-01-00 18:00,30,21,1999,June,Tuesday,18,Evening,70,41979
SBP,Hatton A B C 7-8am,07-06-18,01-01-00 7:30,20,5,1999,June,Thursday,7,Morning,25,9995
SBP,Hatton A B C 7-8am,14-06-18,01-01-00 7:30,20,7,1999,June,Thursday,7,Morning,35,13993
SBP,Hatton A B C 7-8am,21-06-18,01-01-00 7:30,20,9,1999,June,Thursday,7,Morning,45,17991
SBP,Hatton A B C 7-8am,28-06-18,01-01-00 7:30,20,8,1999,June,Thursday,7,Morning,40,15992
SBP,Hiit Circuit 9.30 - 10.30,02-06-18,01-01-00 9:30,25,8,2499,June,Saturday,9,Morning,32,19992
SBP,Hiit Circuit 9.30 - 10.30,09-06-18,01-01-00 9:30,25,18,2499,June,Saturday,9,Morning,72,44982
SBP,Hiit Circuit 9.30 - 10.30,16-06-18,01-01-00 9:30,25,13,2499,June,Saturday,9,Morning,52,32487
SBP,Hiit Circuit 9.30 - 10.30,23-06-18,01-01-00 9:30,25,17,2499,June,Saturday,9,Morning,68,42483
SBP,Hiit Circuit 9.30 - 10.30,30-06-18,01-01-00 9:30,25,12,2499,June,Saturday,9,Morning,48,29988
SBP,Insanity 5:00-6:00pm,07-06-18,01-01-00 17:00,35,10,3999,June,Thursday,17,Evening,28.57142857,39990
SBP,Insanity 5:00-6:00pm,14-06-18,01-01-00 17:00,35,9,3999,June,Thursday,17,Evening,25.71428571,35991
SBP,Insanity 5:00-6:00pm,21-06-18,01-01-00 17:00,35,5,3999,June,Thursday,17,Evening,14.28571429,19995
SBP,Insanity 5:00-6:00pm,28-06-18,01-01-00 17:00,35,5,3999,June,Thursday,17,Evening,14.28571429,19995
SBP,Jun Induction 12.30,02-06-18,01-01-00 12:30,4,1,1999,June,Saturday,12,Afternoon,25,1999
SBP,Jun Induction 12.30,09-06-18,01-01-00 12:30,4,1,1999,June,Saturday,12,Afternoon,25,1999
SBP,Jun Induction 12.30,16-06-18,01-01-00 12:30,4,4,1999,June,Saturday,12,Afternoon,100,7996
SBP,Junior Gym 3.30-5.00pm,07-06-18,01-01-00 15:30,10,2,2999,June,Thursday,15,Afternoon,20,5998
SBP,Junior Gym 3.30-5.00pm,08-06-18,01-01-00 15:30,10,1,2999,June,Friday,15,Afternoon,10,2999
SBP,Junior Gym 3.30-5.00pm,21-06-18,01-01-00 15:30,10,2,2999,June,Thursday,15,Afternoon,20,5998
SBP,Legs Bums Tums 10-11am,05-06-18,01-01-00 10:00,35,21,1999,June,Tuesday,10,Morning,60,41979
SBP,Legs Bums Tums 10-11am,12-06-18,01-01-00 10:00,35,21,1999,June,Tuesday,10,Morning,60,41979
SBP,Legs Bums Tums 10-11am,19-06-18,01-01-00 10:00,35,15,1999,June,Tuesday,10,Morning,42.85714286,29985
SBP,Legs Bums Tums 10-11am,26-06-18,01-01-00 10:00,35,24,1999,June,Tuesday,10,Morning,68.57142857,47976
SBP,Line Dancing 1.30-2.30pm,01-06-18,01-01-00 13:30,35,4,1499,June,Friday,13,Afternoon,11.42857143,5996
SBP,Line Dancing 1.30-2.30pm,08-06-18,01-01-00 13:30,35,9,1499,June,Friday,13,Afternoon,25.71428571,13491
SBP,Line Dancing 1.30-2.30pm,15-06-18,01-01-00 13:30,35,8,1499,June,Friday,13,Afternoon,22.85714286,11992
SBP,Line Dancing 1.30-2.30pm,22-06-18,01-01-00 13:30,35,9,1499,June,Friday,13,Afternoon,25.71428571,13491
SBP,Line Dancing 1.30-2.30pm,29-06-18,01-01-00 13:30,35,5,1499,June,Friday,13,Afternoon,14.28571429,7495
SBP,M M A Cond 8.30-9.30am,02-06-18,01-01-00 8:30,20,10,3999,June,Saturday,8,Morning,50,39990
SBP,M M A Cond 8.30-9.30am,09-06-18,01-01-00 8:30,20,14,3999,June,Saturday,8,Morning,70,55986
SBP,M M A Cond 8.30-9.30am,16-06-18,01-01-00 8:30,20,7,3999,June,Saturday,8,Morning,35,27993
SBP,M M A Cond 8.30-9.30am,23-06-18,01-01-00 8:30,20,12,3999,June,Saturday,8,Morning,60,47988
SBP,M M A Cond 8.30-9.30am,30-06-18,01-01-00 8:30,20,6,3999,June,Saturday,8,Morning,30,23994
SBP,Metafit 4.30-5.00pm,07-06-18,01-01-00 16:30,35,10,1999,June,Thursday,16,Afternoon,28.57142857,19990
SBP,Metafit 4.30-5.00pm,14-06-18,01-01-00 16:30,35,5,1999,June,Thursday,16,Afternoon,14.28571429,9995
SBP,Metafit 4.30-5.00pm,21-06-18,01-01-00 16:30,35,4,1999,June,Thursday,16,Afternoon,11.42857143,7996
SBP,Metafit 4.30-5.00pm,28-06-18,01-01-00 16:30,35,5,1999,June,Thursday,16,Afternoon,14.28571429,9995
SBP,Pilates 8.00pm-9.00pm,05-06-18,01-01-00 20:00,35,21,2999,June,Tuesday,20,Evening,60,62979
SBP,Pilates 8.00pm-9.00pm,12-06-18,01-01-00 20:00,35,28,2999,June,Tuesday,20,Evening,80,83972
SBP,Pilates 8.00pm-9.00pm,19-06-18,01-01-00 20:00,35,33,2999,June,Tuesday,20,Evening,94.28571429,98967
SBP,Pilates 8.00pm-9.00pm,26-06-18,01-01-00 20:00,35,26,2999,June,Tuesday,20,Evening,74.28571429,77974
SBP,Pure Stretch 8-9pm,06-06-18,01-01-00 20:00,35,17,999,June,Wednesday,20,Evening,48.57142857,16983
SBP,Pure Stretch 8-9pm,13-06-18,01-01-00 20:00,35,19,999,June,Wednesday,20,Evening,54.28571429,18981
SBP,Pure Stretch 8-9pm,20-06-18,01-01-00 20:00,35,25,999,June,Wednesday,20,Evening,71.42857143,24975
SBP,Pure Stretch 8-9pm,27-06-18,01-01-00 20:00,35,14,999,June,Wednesday,20,Evening,40,13986
SBP,Pure Stretch 12.00-1.00pm,07-06-18,01-01-00 12:00,35,14,999,June,Thursday,12,Afternoon,40,13986
SBP,Pure Stretch 12.00-1.00pm,14-06-18,01-01-00 12:00,35,14,999,June,Thursday,12,Afternoon,40,13986
SBP,Pure Stretch 12.00-1.00pm,21-06-18,01-01-00 12:00,35,12,999,June,Thursday,12,Afternoon,34.28571429,11988
SBP,Pure Stretch 12.00-1.00pm,28-06-18,01-01-00 12:00,35,9,999,June,Thursday,12,Afternoon,25.71428571,8991
SBP,Step Zumba 6.00-7.00pm,07-06-18,01-01-00 18:00,30,18,1999,June,Thursday,18,Evening,60,35982
SBP,Step Zumba 6.00-7.00pm,14-06-18,01-01-00 18:00,30,10,1999,June,Thursday,18,Evening,33.33333333,19990
SBP,Step Zumba 6.00-7.00pm,21-06-18,01-01-00 18:00,30,16,1999,June,Thursday,18,Evening,53.33333333,31984
SBP,Step Zumba 6.00-7.00pm,28-06-18,01-01-00 18:00,30,6,1999,June,Thursday,18,Evening,20,11994
SBP,Stretch 6pm -7pm,04-06-18,01-01-00 18:00,35,25,999,June,Monday,18,Evening,71.42857143,24975
SBP,Stretch 6pm -7pm,11-06-18,01-01-00 18:00,35,18,999,June,Monday,18,Evening,51.42857143,17982
SBP,Stretch 6pm -7pm,18-06-18,01-01-00 18:00,35,22,999,June,Monday,18,Evening,62.85714286,21978
SBP,Stretch 6pm -7pm,25-06-18,01-01-00 18:00,35,17,999,June,Monday,18,Evening,48.57142857,16983
SBP,Stretch   11.30-12.30pm,06-06-18,01-01-00 11:30,35,12,999,June,Wednesday,11,Morning,34.28571429,11988
SBP,Stretch   11.30-12.30pm,13-06-18,01-01-00 11:30,35,15,999,June,Wednesday,11,Morning,42.85714286,14985
SBP,Stretch   11.30-12.30pm,20-06-18,01-01-00 11:30,35,8,999,June,Wednesday,11,Morning,22.85714286,7992
SBP,Stretch   11.30-12.30pm,27-06-18,01-01-00 11:30,35,13,999,June,Wednesday,11,Morning,37.14285714,12987
SBP,Swimfit 7am-8am,02-06-18,01-01-00 7:30,29,17,1499,June,Saturday,7,Morning,58.62068966,25483
SBP,Swimfit 7am-8am,09-06-18,01-01-00 7:30,29,10,1499,June,Saturday,7,Morning,34.48275862,14990
SBP,Swimfit 7am-8am,16-06-18,01-01-00 7:30,29,23,1499,June,Saturday,7,Morning,79.31034483,34477
SBP,Swimfit 7am-8am,23-06-18,01-01-00 7:30,29,17,1499,June,Saturday,7,Morning,58.62068966,25483
SBP,Swimfit 7am-8am,30-06-18,01-01-00 7:30,29,17,1499,June,Saturday,7,Morning,58.62068966,25483
SBP,Wm Better Living Team,06-06-18,01-01-00 13:00,30,1,1999,June,Wednesday,13,Afternoon,3.333333333,1999
TSC,5.30-6.30pm Body Cond,05-06-18,01-01-00 17:30,24,14,1299,June,Tuesday,17,Evening,58.33333333,18186
TSC,5.30-6.30pm Body Cond,12-06-18,01-01-00 17:30,24,13,1299,June,Tuesday,17,Evening,54.16666667,16887
TSC,5.30-6.30pm Body Cond,19-06-18,01-01-00 17:30,24,7,1299,June,Tuesday,17,Evening,29.16666667,9093
TSC,5.30-6.30pm Body Cond,26-06-18,01-01-00 17:30,24,2,1299,June,Tuesday,17,Evening,8.333333333,2598
TSC,6.30-7.30pm Combat Aero,05-06-18,01-01-00 18:30,24,6,1499,June,Tuesday,18,Evening,25,8994
TSC,6.30-7.30pm Combat Aero,12-06-18,01-01-00 18:30,24,6,1499,June,Tuesday,18,Evening,25,8994
TSC,6.30-7.30pm Combat Aero,19-06-18,01-01-00 18:30,24,10,1499,June,Tuesday,18,Evening,41.66666667,14990
TSC,6.30-7.30pm Combat Aero,26-06-18,01-01-00 18:30,24,5,1499,June,Tuesday,18,Evening,20.83333333,7495
TSC,20-20-20 7.00-8.00pm,06-06-18,01-01-00 19:00,24,8,499,June,Wednesday,19,Evening,33.33333333,3992
TSC,20-20-20 7.00-8.00pm,13-06-18,01-01-00 19:00,24,7,499,June,Wednesday,19,Evening,29.16666667,3493
TSC,20-20-20 7.00-8.00pm,20-06-18,01-01-00 19:00,24,7,499,June,Wednesday,19,Evening,29.16666667,3493
TSC,20-20-20 7.00-8.00pm,27-06-18,01-01-00 19:00,24,10,499,June,Wednesday,19,Evening,41.66666667,4990
TSC,Aqua Zumba  12.00-1.00pm,01-06-18,01-01-00 12:00,25,14,1999,June,Friday,12,Afternoon,56,27986
TSC,Aqua Zumba  12.00-1.00pm,08-06-18,01-01-00 12:00,25,14,1999,June,Friday,12,Afternoon,56,27986
TSC,Aqua Zumba  12.00-1.00pm,15-06-18,01-01-00 12:00,25,1,1999,June,Friday,12,Afternoon,4,1999
TSC,Aqua Zumba  12.00-1.00pm,22-06-18,01-01-00 12:00,25,1,1999,June,Friday,12,Afternoon,4,1999
TSC,Aqua Zumba  12.00-1.00pm,29-06-18,01-01-00 12:00,25,19,1999,June,Friday,12,Afternoon,76,37981
TSC,Aquafit 3.00-3.45pm,05-06-18,01-01-00 15:00,25,17,999,June,Tuesday,15,Afternoon,68,16983
TSC,Aquafit 3.00-3.45pm,12-06-18,01-01-00 15:00,25,13,999,June,Tuesday,15,Afternoon,52,12987
TSC,Aquafit 3.00-3.45pm,19-06-18,01-01-00 15:00,25,1,999,June,Tuesday,15,Afternoon,4,999
TSC,Aquafit 3.00-3.45pm,26-06-18,01-01-00 15:00,25,14,999,June,Tuesday,15,Afternoon,56,13986
TSC,Aquafit 7.15-8.15pm,05-06-18,01-01-00 19:15,25,22,999,June,Tuesday,19,Evening,88,21978
TSC,Aquafit 7.15-8.15pm,07-06-18,01-01-00 19:15,25,1,999,June,Thursday,19,Evening,4,999
TSC,Aquafit 7.15-8.15pm,12-06-18,01-01-00 19:15,25,18,999,June,Tuesday,19,Evening,72,17982
TSC,Aquafit 7.15-8.15pm,14-06-18,01-01-00 19:15,25,16,999,June,Thursday,19,Evening,64,15984
TSC,Aquafit 7.15-8.15pm,19-06-18,01-01-00 19:15,25,1,999,June,Tuesday,19,Evening,4,999
TSC,Aquafit 7.15-8.15pm,21-06-18,01-01-00 19:15,25,11,999,June,Thursday,19,Evening,44,10989
TSC,Aquafit 7.15-8.15pm,26-06-18,01-01-00 19:15,25,13,999,June,Tuesday,19,Evening,52,12987
TSC,Aquafit 7.15-8.15pm,28-06-18,01-01-00 19:15,25,13,999,June,Thursday,19,Evening,52,12987
TSC,Aquafit Beginners 10-11am,07-06-18,01-01-00 10:00,25,19,999,June,Thursday,10,Morning,76,18981
TSC,Aquafit Beginners 10-11am,14-06-18,01-01-00 10:00,25,18,999,June,Thursday,10,Morning,72,17982
TSC,Aquafit Beginners 10-11am,21-06-18,01-01-00 10:00,25,1,999,June,Thursday,10,Morning,4,999
TSC,Aquafit Beginners 10-11am,28-06-18,01-01-00 10:00,25,18,999,June,Thursday,10,Morning,72,17982
TSC,Aquatots-11.00-11.45am,01-06-18,01-01-00 11:00,15,5,999,June,Friday,11,Morning,33.33333333,4995
TSC,Aquatots-11.00-11.45am,08-06-18,01-01-00 11:00,15,5,999,June,Friday,11,Morning,33.33333333,4995
TSC,Aquatots-11.00-11.45am,29-06-18,01-01-00 11:00,15,2,999,June,Friday,11,Morning,13.33333333,1998
TSC,B L T- Weight Manage Clas,05-06-18,01-01-00 13:15,25,1,1499,June,Tuesday,13,Afternoon,4,1499
TSC,Bar Pilate 11.30-12.30pm,01-06-18,01-01-00 11:30,24,12,2999,June,Friday,11,Morning,50,35988
TSC,Bar Pilate 11.30-12.30pm,08-06-18,01-01-00 11:30,24,5,2999,June,Friday,11,Morning,20.83333333,14995
TSC,Bar Pilate 11.30-12.30pm,15-06-18,01-01-00 11:30,24,8,2999,June,Friday,11,Morning,33.33333333,23992
TSC,Bar Pilate 11.30-12.30pm,22-06-18,01-01-00 11:30,24,8,2999,June,Friday,11,Morning,33.33333333,23992
TSC,Bar Pilate 11.30-12.30pm,29-06-18,01-01-00 11:30,24,5,2999,June,Friday,11,Morning,20.83333333,14995
TSC,Barre Pilates 8.30-9.30am,02-06-18,01-01-00 8:30,24,19,2999,June,Saturday,8,Morning,79.16666667,56981
TSC,Barre Pilates 8.30-9.30am,09-06-18,01-01-00 8:30,24,16,2999,June,Saturday,8,Morning,66.66666667,47984
TSC,Barre Pilates 8.30-9.30am,16-06-18,01-01-00 8:30,24,14,2999,June,Saturday,8,Morning,58.33333333,41986
TSC,Barre Pilates 8.30-9.30am,23-06-18,01-01-00 8:30,24,14,2999,June,Saturday,8,Morning,58.33333333,41986
TSC,Barre Pilates 8.30-9.30am,30-06-18,01-01-00 8:30,24,11,2999,June,Saturday,8,Morning,45.83333333,32989
TSC,Body Con 1.45-2.30pm,01-06-18,01-01-00 13:45,24,7,1299,June,Friday,13,Afternoon,29.16666667,9093
TSC,Body Con 1.45-2.30pm,08-06-18,01-01-00 13:45,24,8,1299,June,Friday,13,Afternoon,33.33333333,10392
TSC,Body Con 1.45-2.30pm,15-06-18,01-01-00 13:45,24,6,1299,June,Friday,13,Afternoon,25,7794
TSC,Body Con 1.45-2.30pm,22-06-18,01-01-00 13:45,24,5,1299,June,Friday,13,Afternoon,20.83333333,6495
TSC,Body Con 1.45-2.30pm,29-06-18,01-01-00 13:45,24,4,1299,June,Friday,13,Afternoon,16.66666667,5196
TSC,Body Con 09.30-10.30am,04-06-18,01-01-00 9:30,24,9,1299,June,Monday,9,Morning,37.5,11691
TSC,Body Con 09.30-10.30am,11-06-18,01-01-00 9:30,24,16,1299,June,Monday,9,Morning,66.66666667,20784
TSC,Body Con 09.30-10.30am,18-06-18,01-01-00 9:30,24,20,1299,June,Monday,9,Morning,83.33333333,25980
TSC,Body Con 09.30-10.30am,25-06-18,01-01-00 9:30,24,15,1299,June,Monday,9,Morning,62.5,19485
TSC,Body Con 11.30am-12.30pm,06-06-18,01-01-00 11:30,24,8,1299,June,Wednesday,11,Morning,33.33333333,10392
TSC,Body Con 11.30am-12.30pm,13-06-18,01-01-00 11:30,24,9,1299,June,Wednesday,11,Morning,37.5,11691
TSC,Body Con 11.30am-12.30pm,20-06-18,01-01-00 11:30,24,10,1299,June,Wednesday,11,Morning,41.66666667,12990
TSC,Body Con 11.30am-12.30pm,27-06-18,01-01-00 11:30,24,5,1299,June,Wednesday,11,Morning,20.83333333,6495
TSC,Body Cond 9.30-10.15am,02-06-18,01-01-00 9:30,24,16,1299,June,Saturday,9,Morning,66.66666667,20784
TSC,Body Cond 9.30-10.15am,09-06-18,01-01-00 9:30,24,10,1299,June,Saturday,9,Morning,41.66666667,12990
TSC,Body Cond 9.30-10.15am,16-06-18,01-01-00 9:30,24,8,1299,June,Saturday,9,Morning,33.33333333,10392
TSC,Body Cond 9.30-10.15am,23-06-18,01-01-00 9:30,24,7,1299,June,Saturday,9,Morning,29.16666667,9093
TSC,Body Cond 9.30-10.15am,30-06-18,01-01-00 9:30,24,7,1299,June,Saturday,9,Morning,29.16666667,9093
TSC,Body Conditioning 10-11am,01-06-18,01-01-00 10:00,30,10,1299,June,Friday,10,Morning,33.33333333,12990
TSC,Body Conditioning 10-11am,03-06-18,01-01-00 10:00,30,20,1299,June,Sunday,10,Morning,66.66666667,25980
TSC,Body Conditioning 10-11am,08-06-18,01-01-00 10:00,30,13,1299,June,Friday,10,Morning,43.33333333,16887
TSC,Body Conditioning 10-11am,10-06-18,01-01-00 10:00,30,13,1299,June,Sunday,10,Morning,43.33333333,16887
TSC,Body Conditioning 10-11am,15-06-18,01-01-00 10:00,30,12,1299,June,Friday,10,Morning,40,15588
TSC,Body Conditioning 10-11am,17-06-18,01-01-00 10:00,30,19,1299,June,Sunday,10,Morning,63.33333333,24681
TSC,Body Conditioning 10-11am,22-06-18,01-01-00 10:00,30,13,1299,June,Friday,10,Morning,43.33333333,16887
TSC,Body Conditioning 10-11am,24-06-18,01-01-00 10:00,30,8,1299,June,Sunday,10,Morning,26.66666667,10392
TSC,Body Conditioning 10-11am,29-06-18,01-01-00 10:00,30,11,1299,June,Friday,10,Morning,36.66666667,14289
TSC,Circuits 5.30-6.30pm,04-06-18,01-01-00 17:30,50,10,2999,June,Monday,17,Evening,20,29990
TSC,Circuits 5.30-6.30pm,11-06-18,01-01-00 17:30,50,14,2999,June,Monday,17,Evening,28,41986
TSC,Circuits 5.30-6.30pm,18-06-18,01-01-00 17:30,50,8,2999,June,Monday,17,Evening,16,23992
TSC,Circuits 5.30-6.30pm,25-06-18,01-01-00 17:30,50,8,2999,June,Monday,17,Evening,16,23992
TSC,Circuits 7.15-8.15pm,07-06-18,01-01-00 19:15,50,22,2999,June,Thursday,19,Evening,44,65978
TSC,Circuits 7.15-8.15pm,14-06-18,01-01-00 19:15,50,18,2999,June,Thursday,19,Evening,36,53982
TSC,Circuits 7.15-8.15pm,21-06-18,01-01-00 19:15,50,18,2999,June,Thursday,19,Evening,36,53982
TSC,Circuits 7.15-8.15pm,28-06-18,01-01-00 19:15,50,6,2999,June,Thursday,19,Evening,12,17994
TSC,Fitnes Pilate-11.00-12.00,05-06-18,01-01-00 11:00,24,23,2999,June,Tuesday,11,Morning,95.83333333,68977
TSC,Fitnes Pilate-11.00-12.00,12-06-18,01-01-00 11:00,24,20,2999,June,Tuesday,11,Morning,83.33333333,59980
TSC,Fitnes Pilate-11.00-12.00,19-06-18,01-01-00 11:00,24,20,2999,June,Tuesday,11,Morning,83.33333333,59980
TSC,Fitnes Pilate-11.00-12.00,26-06-18,01-01-00 11:00,24,17,2999,June,Tuesday,11,Morning,70.83333333,50983
TSC,Fitnes Pilates2.30-3.15pm,01-06-18,01-01-00 14:30,24,9,2999,June,Friday,14,Afternoon,37.5,26991
TSC,Fitnes Pilates2.30-3.15pm,08-06-18,01-01-00 14:30,24,13,2999,June,Friday,14,Afternoon,54.16666667,38987
TSC,Fitnes Pilates2.30-3.15pm,15-06-18,01-01-00 14:30,24,10,2999,June,Friday,14,Afternoon,41.66666667,29990
TSC,Fitnes Pilates2.30-3.15pm,22-06-18,01-01-00 14:30,24,11,2999,June,Friday,14,Afternoon,45.83333333,32989
TSC,Fitnes Pilates2.30-3.15pm,29-06-18,01-01-00 14:30,24,6,2999,June,Friday,14,Afternoon,25,17994
TSC,Gentle Keep Fit 2 -3.00pm,05-06-18,01-01-00 14:00,30,9,999,June,Tuesday,14,Afternoon,30,8991
TSC,Gentle Keep Fit 2 -3.00pm,06-06-18,01-01-00 14:00,30,8,999,June,Wednesday,14,Afternoon,26.66666667,7992
TSC,Gentle Keep Fit 2 -3.00pm,12-06-18,01-01-00 14:00,30,9,999,June,Tuesday,14,Afternoon,30,8991
TSC,Gentle Keep Fit 2 -3.00pm,13-06-18,01-01-00 14:00,30,10,999,June,Wednesday,14,Afternoon,33.33333333,9990
TSC,Gentle Keep Fit 2 -3.00pm,19-06-18,01-01-00 14:00,30,8,999,June,Tuesday,14,Afternoon,26.66666667,7992
TSC,Gentle Keep Fit 2 -3.00pm,20-06-18,01-01-00 14:00,30,10,999,June,Wednesday,14,Afternoon,33.33333333,9990
TSC,Gentle Keep Fit 2 -3.00pm,26-06-18,01-01-00 14:00,30,5,999,June,Tuesday,14,Afternoon,16.66666667,4995
TSC,Gentle Keep Fit 2 -3.00pm,27-06-18,01-01-00 14:00,30,6,999,June,Wednesday,14,Afternoon,20,5994
TSC,Leg Bum Tum 5.30-6.30pm,04-06-18,01-01-00 17:30,24,11,1999,June,Monday,17,Evening,45.83333333,21989
TSC,Leg Bum Tum 5.30-6.30pm,11-06-18,01-01-00 17:30,24,7,1999,June,Monday,17,Evening,29.16666667,13993
TSC,Leg Bum Tum 5.30-6.30pm,18-06-18,01-01-00 17:30,24,8,1999,June,Monday,17,Evening,33.33333333,15992
TSC,Leg Bum Tum 5.30-6.30pm,25-06-18,01-01-00 17:30,24,9,1999,June,Monday,17,Evening,37.5,17991
TSC,Legs Bums Tum 6.00-7.00pm,06-06-18,01-01-00 18:00,24,9,1999,June,Wednesday,18,Evening,37.5,17991
TSC,Legs Bums Tum 6.00-7.00pm,13-06-18,01-01-00 18:00,24,8,1999,June,Wednesday,18,Evening,33.33333333,15992
TSC,Legs Bums Tum 6.00-7.00pm,20-06-18,01-01-00 18:00,24,7,1999,June,Wednesday,18,Evening,29.16666667,13993
TSC,Legs Bums Tum 6.00-7.00pm,27-06-18,01-01-00 18:00,24,3,1999,June,Wednesday,18,Evening,12.5,5997
TSC,Metafit 5.30-6.00pm,06-06-18,01-01-00 17:30,24,7,1999,June,Wednesday,17,Evening,29.16666667,13993
TSC,Metafit 5.30-6.00pm,13-06-18,01-01-00 17:30,24,6,1999,June,Wednesday,17,Evening,25,11994
TSC,Metafit 5.30-6.00pm,20-06-18,01-01-00 17:30,24,7,1999,June,Wednesday,17,Evening,29.16666667,13993
TSC,Metafit 5.30-6.00pm,27-06-18,01-01-00 17:30,24,3,1999,June,Wednesday,17,Evening,12.5,5997
TSC,Pilates 9.30-10.30am,01-06-18,01-01-00 9:30,24,22,2999,June,Friday,9,Morning,91.66666667,65978
TSC,Pilates 9.30-10.30am,06-06-18,01-01-00 9:30,24,23,2999,June,Wednesday,9,Morning,95.83333333,68977
TSC,Pilates 9.30-10.30am,08-06-18,01-01-00 9:30,24,23,2999,June,Friday,9,Morning,95.83333333,68977
TSC,Pilates 9.30-10.30am,13-06-18,01-01-00 9:30,24,24,2999,June,Wednesday,9,Morning,100,71976
TSC,Pilates 9.30-10.30am,15-06-18,01-01-00 9:30,24,24,2999,June,Friday,9,Morning,100,71976
TSC,Pilates 9.30-10.30am,20-06-18,01-01-00 9:30,24,24,2999,June,Wednesday,9,Morning,100,71976
TSC,Pilates 9.30-10.30am,22-06-18,01-01-00 9:30,24,24,2999,June,Friday,9,Morning,100,71976
TSC,Pilates 9.30-10.30am,27-06-18,01-01-00 9:30,24,22,2999,June,Wednesday,9,Morning,91.66666667,65978
TSC,Pilates 9.30-10.30am,29-06-18,01-01-00 9:30,24,21,2999,June,Friday,9,Morning,87.5,62979
TSC,Step 6-7pm,07-06-18,01-01-00 18:00,14,11,1999,June,Thursday,18,Evening,78.57142857,21989
TSC,Step 6-7pm,14-06-18,01-01-00 18:00,14,13,1999,June,Thursday,18,Evening,92.85714286,25987
TSC,Step 6-7pm,21-06-18,01-01-00 18:00,14,15,1999,June,Thursday,18,Evening,107.1428571,29985
TSC,Step 6-7pm,28-06-18,01-01-00 18:00,14,15,1999,June,Thursday,18,Evening,107.1428571,29985
TSC,Step- 10.00-11.00am,05-06-18,01-01-00 10:00,20,7,1999,June,Tuesday,10,Morning,35,13993
TSC,Step- 10.00-11.00am,12-06-18,01-01-00 10:00,20,11,1999,June,Tuesday,10,Morning,55,21989
TSC,Step- 10.00-11.00am,19-06-18,01-01-00 10:00,20,12,1999,June,Tuesday,10,Morning,60,23988
TSC,Step- 10.00-11.00am,26-06-18,01-01-00 10:00,20,9,1999,June,Tuesday,10,Morning,45,17991
TSC,Stretch Ntone12.30-1.30pm,06-06-18,01-01-00 12:30,24,9,1499,June,Wednesday,12,Afternoon,37.5,13491
TSC,Stretch Ntone12.30-1.30pm,13-06-18,01-01-00 12:30,24,7,1499,June,Wednesday,12,Afternoon,29.16666667,10493
TSC,Stretch Ntone12.30-1.30pm,20-06-18,01-01-00 12:30,24,8,1499,June,Wednesday,12,Afternoon,33.33333333,11992
TSC,Stretch Ntone12.30-1.30pm,27-06-18,01-01-00 12:30,24,5,1499,June,Wednesday,12,Afternoon,20.83333333,7495
TSC,Strokeskill 19.15-20.15pm,07-06-18,01-01-00 19:15,12,4,2999,June,Thursday,19,Evening,33.33333333,11996
TSC,Strokeskill 19.15-20.15pm,14-06-18,01-01-00 19:15,12,7,2999,June,Thursday,19,Evening,58.33333333,20993
TSC,Strokeskill 19.15-20.15pm,21-06-18,01-01-00 19:15,12,5,2999,June,Thursday,19,Evening,41.66666667,14995
TSC,Strokeskill 19.15-20.15pm,28-06-18,01-01-00 19:15,12,4,2999,June,Thursday,19,Evening,33.33333333,11996
TSC,Swim Fit-20.15-21.15pm,07-06-18,01-01-00 20:15,18,10,1499,June,Thursday,20,Evening,55.55555556,14990
TSC,Swim Fit-20.15-21.15pm,14-06-18,01-01-00 20:15,18,10,1499,June,Thursday,20,Evening,55.55555556,14990
TSC,Swim Fit-20.15-21.15pm,21-06-18,01-01-00 20:15,18,11,1499,June,Thursday,20,Evening,61.11111111,16489
TSC,Swim Fit-20.15-21.15pm,28-06-18,01-01-00 20:15,18,5,1499,June,Thursday,20,Evening,27.77777778,7495
TSC,Yoga 1.45-2.45pm,04-06-18,01-01-00 13:45,24,6,1999,June,Monday,13,Afternoon,25,11994
TSC,Yoga 1.45-2.45pm,11-06-18,01-01-00 13:45,24,5,1999,June,Monday,13,Afternoon,20.83333333,9995
TSC,Yoga 1.45-2.45pm,18-06-18,01-01-00 13:45,24,6,1999,June,Monday,13,Afternoon,25,11994
TSC,Yoga 1.45-2.45pm,25-06-18,01-01-00 13:45,24,4,1999,June,Monday,13,Afternoon,16.66666667,7996
TSC,Yoga 10.30-11.30am,01-06-18,01-01-00 10:30,24,20,1999,June,Friday,10,Morning,83.33333333,39980
TSC,Yoga 10.30-11.30am,06-06-18,01-01-00 10:30,24,21,1999,June,Wednesday,10,Morning,87.5,41979
TSC,Yoga 10.30-11.30am,08-06-18,01-01-00 10:30,24,20,1999,June,Friday,10,Morning,83.33333333,39980
TSC,Yoga 10.30-11.30am,13-06-18,01-01-00 10:30,24,24,1999,June,Wednesday,10,Morning,100,47976
TSC,Yoga 10.30-11.30am,15-06-18,01-01-00 10:30,24,22,1999,June,Friday,10,Morning,91.66666667,43978
TSC,Yoga 10.30-11.30am,20-06-18,01-01-00 10:30,24,21,1999,June,Wednesday,10,Morning,87.5,41979
TSC,Yoga 10.30-11.30am,22-06-18,01-01-00 10:30,24,19,1999,June,Friday,10,Morning,79.16666667,37981
TSC,Yoga 10.30-11.30am,27-06-18,01-01-00 10:30,24,21,1999,June,Wednesday,10,Morning,87.5,41979
TSC,Yoga 10.30-11.30am,29-06-18,01-01-00 10:30,24,22,1999,June,Friday,10,Morning,91.66666667,43978
TSC,Yoga 12.45-1.45pm,04-06-18,01-01-00 12:45,24,8,1999,June,Monday,12,Afternoon,33.33333333,15992
TSC,Yoga 12.45-1.45pm,11-06-18,01-01-00 12:45,24,7,1999,June,Monday,12,Afternoon,29.16666667,13993
TSC,Yoga 12.45-1.45pm,18-06-18,01-01-00 12:45,24,12,1999,June,Monday,12,Afternoon,50,23988
TSC,Yoga 12.45-1.45pm,25-06-18,01-01-00 12:45,24,6,1999,June,Monday,12,Afternoon,25,11994
TSC,Yogalates 7.45-8.30pm,05-06-18,01-01-00 19:30,24,11,2999,June,Tuesday,19,Evening,45.83333333,32989
TSC,Yogalates 7.45-8.30pm,12-06-18,01-01-00 19:30,24,11,2999,June,Tuesday,19,Evening,45.83333333,32989
TSC,Yogalates 7.45-8.30pm,19-06-18,01-01-00 19:30,24,10,2999,June,Tuesday,19,Evening,41.66666667,29990
TSC,Yogalates 7.45-8.30pm,26-06-18,01-01-00 19:30,24,8,2999,June,Tuesday,19,Evening,33.33333333,23992
TSC,Yogalates 10.00-11.00am,07-06-18,01-01-00 10:00,24,12,2999,June,Thursday,10,Morning,50,35988
TSC,Yogalates 10.00-11.00am,14-06-18,01-01-00 10:00,24,7,2999,June,Thursday,10,Morning,29.16666667,20993
TSC,Yogalates 10.00-11.00am,21-06-18,01-01-00 10:00,24,7,2999,June,Thursday,10,Morning,29.16666667,20993
TSC,Yogalates 10.00-11.00am,28-06-18,01-01-00 10:00,24,5,2999,June,Thursday,10,Morning,20.83333333,14995
TSC,Yogalates 10.30-11.30am,04-06-18,01-01-00 10:30,24,14,2999,June,Monday,10,Morning,58.33333333,41986
TSC,Yogalates 10.30-11.30am,11-06-18,01-01-00 10:30,24,9,2999,June,Monday,10,Morning,37.5,26991
TSC,Yogalates 10.30-11.30am,18-06-18,01-01-00 10:30,24,11,2999,June,Monday,10,Morning,45.83333333,32989
TSC,Yogalates 10.30-11.30am,25-06-18,01-01-00 10:30,24,10,2999,June,Monday,10,Morning,41.66666667,29990
TSC,Zumba  6.30-7.30pm,04-06-18,01-01-00 18:30,18,10,1299,June,Monday,18,Evening,55.55555556,12990
TSC,Zumba  6.30-7.30pm,11-06-18,01-01-00 18:30,18,11,1299,June,Monday,18,Evening,61.11111111,14289
TSC,Zumba  6.30-7.30pm,18-06-18,01-01-00 18:30,18,9,1299,June,Monday,18,Evening,50,11691
TSC,Zumba  6.30-7.30pm,25-06-18,01-01-00 18:30,18,9,1299,June,Monday,18,Evening,50,11691
TSC,Zumba - 6-7pm,07-06-18,01-01-00 18:00,50,16,1299,June,Thursday,18,Evening,32,20784
TSC,Zumba - 6-7pm,14-06-18,01-01-00 18:00,50,13,1299,June,Thursday,18,Evening,26,16887
TSC,Zumba - 6-7pm,21-06-18,01-01-00 18:00,50,12,1299,June,Thursday,18,Evening,24,15588
HXP,20-20-20  2.45pm-3.45pm,08-04-18,01-01-00 14:45,25,12,499,April,Sunday,14,Afternoon,48,5988
HXP,20-20-20  2.45pm-3.45pm,15-04-18,01-01-00 14:45,25,15,499,April,Sunday,14,Afternoon,60,7485
HXP,20-20-20  2.45pm-3.45pm,22-04-18,01-01-00 14:45,25,14,499,April,Sunday,14,Afternoon,56,6986
HXP,20-20-20  2.45pm-3.45pm,29-04-18,01-01-00 14:45,25,9,499,April,Sunday,14,Afternoon,36,4491
HXP,20-20-20  2.45pm-3.45pm,06-05-18,01-01-00 14:45,25,7,499,May,Sunday,14,Afternoon,28,3493
HXP,20-20-20  2.45pm-3.45pm,13-05-18,01-01-00 14:45,25,10,499,May,Sunday,14,Afternoon,40,4990
HXP,20-20-20  2.45pm-3.45pm,20-05-18,01-01-00 14:45,25,7,499,May,Sunday,14,Afternoon,28,3493
HXP,20-20-20  2.45pm-3.45pm,27-05-18,01-01-00 14:45,25,3,499,May,Sunday,14,Afternoon,12,1497
TSC,20-20-20 7.00-8.00pm,04-04-18,01-01-00 19:00,24,10,499,April,Wednesday,19,Evening,41.66666667,4990
TSC,20-20-20 7.00-8.00pm,11-04-18,01-01-00 19:00,24,12,499,April,Wednesday,19,Evening,50,5988
TSC,20-20-20 7.00-8.00pm,18-04-18,01-01-00 19:00,24,9,499,April,Wednesday,19,Evening,37.5,4491
TSC,20-20-20 7.00-8.00pm,25-04-18,01-01-00 19:00,24,5,499,April,Wednesday,19,Evening,20.83333333,2495
TSC,20-20-20 7.00-8.00pm,02-05-18,01-01-00 19:00,24,6,499,May,Wednesday,19,Evening,25,2994
TSC,20-20-20 7.00-8.00pm,09-05-18,01-01-00 19:00,24,5,499,May,Wednesday,19,Evening,20.83333333,2495
TSC,20-20-20 7.00-8.00pm,16-05-18,01-01-00 19:00,24,6,499,May,Wednesday,19,Evening,25,2994
TSC,20-20-20 7.00-8.00pm,23-05-18,01-01-00 19:00,24,6,499,May,Wednesday,19,Evening,25,2994
TSC,20-20-20 7.00-8.00pm,30-05-18,01-01-00 19:00,24,7,499,May,Wednesday,19,Evening,29.16666667,3493
NBL,20-20-20 9.30-10.30am,03-04-18,01-01-00 9:30,60,42,499,April,Tuesday,9,Morning,70,20958
NBL,20-20-20 9.30-10.30am,10-04-18,01-01-00 9:30,60,34,499,April,Tuesday,9,Morning,56.66666667,16966
NBL,20-20-20 9.30-10.30am,17-04-18,01-01-00 9:30,60,37,499,April,Tuesday,9,Morning,61.66666667,18463
NBL,20-20-20 9.30-10.30am,24-04-18,01-01-00 9:30,60,33,499,April,Tuesday,9,Morning,55,16467
NBL,20-20-20 9.30-10.30am,01-05-18,01-01-00 9:30,60,34,499,May,Tuesday,9,Morning,56.66666667,16966
NBL,20-20-20 9.30-10.30am,08-05-18,01-01-00 9:30,60,28,499,May,Tuesday,9,Morning,46.66666667,13972
NBL,20-20-20 9.30-10.30am,15-05-18,01-01-00 9:30,60,31,499,May,Tuesday,9,Morning,51.66666667,15469
NBL,20-20-20 9.30-10.30am,22-05-18,01-01-00 9:30,60,31,499,May,Tuesday,9,Morning,51.66666667,15469
NBL,20-20-20 9.30-10.30am,29-05-18,01-01-00 9:30,60,30,499,May,Tuesday,9,Morning,50,14970
SBP,20-20-20 9.30-10.30am,04-04-18,01-01-00 9:30,35,18,499,April,Wednesday,9,Morning,51.42857143,8982
SBP,20-20-20 9.30-10.30am,11-04-18,01-01-00 9:30,35,12,499,April,Wednesday,9,Morning,34.28571429,5988
SBP,20-20-20 9.30-10.30am,18-04-18,01-01-00 9:30,35,14,499,April,Wednesday,9,Morning,40,6986
SBP,20-20-20 9.30-10.30am,25-04-18,01-01-00 9:30,35,14,499,April,Wednesday,9,Morning,40,6986
SBP,20-20-20 9.30-10.30am,02-05-18,01-01-00 9:30,35,12,499,May,Wednesday,9,Morning,34.28571429,5988
SBP,20-20-20 9.30-10.30am,09-05-18,01-01-00 9:30,35,13,499,May,Wednesday,9,Morning,37.14285714,6487
SBP,20-20-20 9.30-10.30am,16-05-18,01-01-00 9:30,35,11,499,May,Wednesday,9,Morning,31.42857143,5489
SBP,20-20-20 9.30-10.30am,23-05-18,01-01-00 9:30,35,14,499,May,Wednesday,9,Morning,40,6986
SBP,20-20-20 9.30-10.30am,30-05-18,01-01-00 9:30,35,7,499,May,Wednesday,9,Morning,20,3493
BRP,20:20:20  10-11 Am,03-04-18,01-01-00 10:00,35,32,499,April,Tuesday,10,Morning,91.42857143,15968
BRP,20:20:20  10-11 Am,10-04-18,01-01-00 10:00,35,26,499,April,Tuesday,10,Morning,74.28571429,12974
BRP,20:20:20  10-11 Am,17-04-18,01-01-00 10:00,35,24,499,April,Tuesday,10,Morning,68.57142857,11976
BRP,20:20:20  10-11 Am,24-04-18,01-01-00 10:00,35,23,499,April,Tuesday,10,Morning,65.71428571,11477
BRP,20:20:20  10-11 Am,01-05-18,01-01-00 10:00,35,22,499,May,Tuesday,10,Morning,62.85714286,10978
BRP,20:20:20  10-11 Am,08-05-18,01-01-00 10:00,35,30,499,May,Tuesday,10,Morning,85.71428571,14970
BRP,20:20:20  10-11 Am,15-05-18,01-01-00 10:00,35,18,499,May,Tuesday,10,Morning,51.42857143,8982
BRP,20:20:20  10-11 Am,22-05-18,01-01-00 10:00,35,24,499,May,Tuesday,10,Morning,68.57142857,11976
BRP,20:20:20  10-11 Am,29-05-18,01-01-00 10:00,35,28,499,May,Tuesday,10,Morning,80,13972
BRP,20:20:20  10.00-11.00am,05-04-18,01-01-00 10:00,35,25,499,April,Thursday,10,Morning,71.42857143,12475
BRP,20:20:20  10.00-11.00am,12-04-18,01-01-00 10:00,35,23,499,April,Thursday,10,Morning,65.71428571,11477
BRP,20:20:20  10.00-11.00am,19-04-18,01-01-00 10:00,35,21,499,April,Thursday,10,Morning,60,10479
BRP,20:20:20  10.00-11.00am,26-04-18,01-01-00 10:00,35,29,499,April,Thursday,10,Morning,82.85714286,14471
BRP,20:20:20  10.00-11.00am,03-05-18,01-01-00 10:00,35,20,499,May,Thursday,10,Morning,57.14285714,9980
BRP,20:20:20  10.00-11.00am,10-05-18,01-01-00 10:00,35,24,499,May,Thursday,10,Morning,68.57142857,11976
BRP,20:20:20  10.00-11.00am,17-05-18,01-01-00 10:00,35,29,499,May,Thursday,10,Morning,82.85714286,14471
BRP,20:20:20  10.00-11.00am,31-05-18,01-01-00 10:00,35,14,499,May,Thursday,10,Morning,40,6986
HXP,20:20:20  11am -12noon,07-04-18,01-01-00 11:00,25,10,499,April,Saturday,11,Morning,40,4990
HXP,20:20:20  11am -12noon,14-04-18,01-01-00 11:00,25,10,499,April,Saturday,11,Morning,40,4990
HXP,20:20:20  11am -12noon,28-04-18,01-01-00 11:00,25,11,499,April,Saturday,11,Morning,44,5489
HXP,20:20:20  11am -12noon,05-05-18,01-01-00 11:00,25,13,499,May,Saturday,11,Morning,52,6487
HXP,20:20:20  11am -12noon,12-05-18,01-01-00 11:00,25,16,499,May,Saturday,11,Morning,64,7984
HXP,20:20:20  11am -12noon,19-05-18,01-01-00 11:00,25,10,499,May,Saturday,11,Morning,40,4990
HXP,20:20:20  11am -12noon,26-05-18,01-01-00 11:00,25,6,499,May,Saturday,11,Morning,24,2994
BRP,20:20:20  9.30-10.30am,06-04-18,01-01-00 9:30,35,26,499,April,Friday,9,Morning,74.28571429,12974
BRP,20:20:20  9.30-10.30am,13-04-18,01-01-00 9:30,35,20,499,April,Friday,9,Morning,57.14285714,9980
BRP,20:20:20  9.30-10.30am,20-04-18,01-01-00 9:30,35,30,499,April,Friday,9,Morning,85.71428571,14970
BRP,20:20:20  9.30-10.30am,27-04-18,01-01-00 9:30,35,27,499,April,Friday,9,Morning,77.14285714,13473
BRP,20:20:20  9.30-10.30am,04-05-18,01-01-00 9:30,35,33,499,May,Friday,9,Morning,94.28571429,16467
BRP,20:20:20  9.30-10.30am,11-05-18,01-01-00 9:30,35,34,499,May,Friday,9,Morning,97.14285714,16966
BRP,20:20:20  9.30-10.30am,18-05-18,01-01-00 9:30,35,32,499,May,Friday,9,Morning,91.42857143,15968
BRP,20:20:20  9.30-10.30am,25-05-18,01-01-00 9:30,35,29,499,May,Friday,9,Morning,82.85714286,14471
NBL,20:20:20 9.30-10.30am,05-04-18,01-01-00 9:30,60,22,499,April,Thursday,9,Morning,36.66666667,10978
NBL,20:20:20 9.30-10.30am,19-04-18,01-01-00 9:30,60,14,499,April,Thursday,9,Morning,23.33333333,6986
NBL,20:20:20 9.30-10.30am,26-04-18,01-01-00 9:30,60,14,499,April,Thursday,9,Morning,23.33333333,6986
NBL,20:20:20 9.30-10.30am,03-05-18,01-01-00 9:30,60,16,499,May,Thursday,9,Morning,26.66666667,7984
NBL,20:20:20 9.30-10.30am,10-05-18,01-01-00 9:30,60,14,499,May,Thursday,9,Morning,23.33333333,6986
NBL,20:20:20 9.30-10.30am,17-05-18,01-01-00 9:30,60,14,499,May,Thursday,9,Morning,23.33333333,6986
NBL,20:20:20 9.30-10.30am,24-05-18,01-01-00 9:30,60,18,499,May,Thursday,9,Morning,30,8982
NBL,20:20:20 9.30-10.30am,31-05-18,01-01-00 9:30,60,24,499,May,Thursday,9,Morning,40,11976
SBP,45min Madness 9.15-10am,03-04-18,01-01-00 9:15,35,11,1499,April,Tuesday,9,Morning,31.42857143,16489
SBP,45min Madness 9.15-10am,10-04-18,01-01-00 9:15,35,19,1499,April,Tuesday,9,Morning,54.28571429,28481
SBP,45min Madness 9.15-10am,17-04-18,01-01-00 9:15,35,19,1499,April,Tuesday,9,Morning,54.28571429,28481
SBP,45min Madness 9.15-10am,24-04-18,01-01-00 9:15,35,21,1499,April,Tuesday,9,Morning,60,31479
SBP,45min Madness 9.15-10am,01-05-18,01-01-00 9:15,35,18,1499,May,Tuesday,9,Morning,51.42857143,26982
SBP,45min Madness 9.15-10am,08-05-18,01-01-00 9:15,35,15,1499,May,Tuesday,9,Morning,42.85714286,22485
SBP,45min Madness 9.15-10am,15-05-18,01-01-00 9:15,35,19,1499,May,Tuesday,9,Morning,54.28571429,28481
SBP,45min Madness 9.15-10am,22-05-18,01-01-00 9:15,35,18,1499,May,Tuesday,9,Morning,51.42857143,26982
SBP,45min Madness 9.15-10am,29-05-18,01-01-00 9:15,35,12,1499,May,Tuesday,9,Morning,34.28571429,17988
TSC,5.30-6.30pm Body Cond,03-04-18,01-01-00 17:30,24,7,1299,April,Tuesday,17,Evening,29.16666667,9093
TSC,5.30-6.30pm Body Cond,10-04-18,01-01-00 17:30,24,14,1299,April,Tuesday,17,Evening,58.33333333,18186
TSC,5.30-6.30pm Body Cond,17-04-18,01-01-00 17:30,24,12,1299,April,Tuesday,17,Evening,50,15588
TSC,5.30-6.30pm Body Cond,24-04-18,01-01-00 17:30,24,11,1299,April,Tuesday,17,Evening,45.83333333,14289
TSC,5.30-6.30pm Body Cond,01-05-18,01-01-00 17:30,24,13,1299,May,Tuesday,17,Evening,54.16666667,16887
TSC,5.30-6.30pm Body Cond,08-05-18,01-01-00 17:30,24,9,1299,May,Tuesday,17,Evening,37.5,11691
TSC,5.30-6.30pm Body Cond,15-05-18,01-01-00 17:30,24,5,1299,May,Tuesday,17,Evening,20.83333333,6495
TSC,5.30-6.30pm Body Cond,22-05-18,01-01-00 17:30,24,13,1299,May,Tuesday,17,Evening,54.16666667,16887
TSC,5.30-6.30pm Body Cond,29-05-18,01-01-00 17:30,24,9,1299,May,Tuesday,17,Evening,37.5,11691
TSC,6.30-7.30pm Combat Aero,03-04-18,01-01-00 18:30,24,9,1499,April,Tuesday,18,Evening,37.5,13491
TSC,6.30-7.30pm Combat Aero,10-04-18,01-01-00 18:30,24,8,1499,April,Tuesday,18,Evening,33.33333333,11992
TSC,6.30-7.30pm Combat Aero,17-04-18,01-01-00 18:30,24,11,1499,April,Tuesday,18,Evening,45.83333333,16489
TSC,6.30-7.30pm Combat Aero,24-04-18,01-01-00 18:30,24,14,1499,April,Tuesday,18,Evening,58.33333333,20986
TSC,6.30-7.30pm Combat Aero,01-05-18,01-01-00 18:30,24,12,1499,May,Tuesday,18,Evening,50,17988
TSC,6.30-7.30pm Combat Aero,08-05-18,01-01-00 18:30,24,10,1499,May,Tuesday,18,Evening,41.66666667,14990
TSC,6.30-7.30pm Combat Aero,15-05-18,01-01-00 18:30,24,9,1499,May,Tuesday,18,Evening,37.5,13491
TSC,6.30-7.30pm Combat Aero,22-05-18,01-01-00 18:30,24,10,1499,May,Tuesday,18,Evening,41.66666667,14990
TSC,6.30-7.30pm Combat Aero,29-05-18,01-01-00 18:30,24,10,1499,May,Tuesday,18,Evening,41.66666667,14990
SBP,Abs Blast 7.45-8.15am,03-04-18,01-01-00 7:45,20,4,999,April,Tuesday,7,Morning,20,3996
SBP,Abs Blast 7.45-8.15am,10-04-18,01-01-00 7:45,20,1,999,April,Tuesday,7,Morning,5,999
SBP,Abs Blast 7.45-8.15am,17-04-18,01-01-00 7:45,20,2,999,April,Tuesday,7,Morning,10,1998
SBP,Abs Blast 7.45-8.15am,24-04-18,01-01-00 7:45,20,1,999,April,Tuesday,7,Morning,5,999
SBP,Abs Blast 7.45-8.15am,01-05-18,01-01-00 7:45,20,2,999,May,Tuesday,7,Morning,10,1998
SBP,Abs Blast 7.45-8.15am,08-05-18,01-01-00 7:45,20,2,999,May,Tuesday,7,Morning,10,1998
SBP,Abs Blast 7.45-8.15am,15-05-18,01-01-00 7:45,20,2,999,May,Tuesday,7,Morning,10,1998
SBP,Abs Blast 7.45-8.15am,22-05-18,01-01-00 7:45,20,2,999,May,Tuesday,7,Morning,10,1998
SBP,Abs Blast 7.45-8.15am,29-05-18,01-01-00 7:45,20,2,999,May,Tuesday,7,Morning,10,1998
BRP,Aerobics,03-04-18,01-01-00 19:30,35,24,799,April,Tuesday,19,Evening,68.57142857,19176
BRP,Aerobics,10-04-18,01-01-00 19:30,35,17,799,April,Tuesday,19,Evening,48.57142857,13583
BRP,Aerobics,17-04-18,01-01-00 19:30,35,27,799,April,Tuesday,19,Evening,77.14285714,21573
BRP,Aerobics,24-04-18,01-01-00 19:30,35,21,799,April,Tuesday,19,Evening,60,16779
BRP,Aerobics,01-05-18,01-01-00 19:30,35,23,799,May,Tuesday,19,Evening,65.71428571,18377
BRP,Aerobics,08-05-18,01-01-00 19:30,35,29,799,May,Tuesday,19,Evening,82.85714286,23171
BRP,Aerobics,15-05-18,01-01-00 19:30,35,23,799,May,Tuesday,19,Evening,65.71428571,18377
BRP,Aerobics,22-05-18,01-01-00 19:30,35,28,799,May,Tuesday,19,Evening,80,22372
BRP,Aerobics,29-05-18,01-01-00 19:30,35,24,799,May,Tuesday,19,Evening,68.57142857,19176
SBP,Aerobics,18-05-18,01-01-00 10:00,35,30,799,May,Friday,10,Morning,85.71428571,23970
BRP,Aerobics 6.00-7.00pm,09-04-18,01-01-00 18:00,35,32,799,April,Monday,18,Evening,91.42857143,25568
BRP,Aerobics 6.00-7.00pm,16-04-18,01-01-00 18:00,35,35,799,April,Monday,18,Evening,100,27965
BRP,Aerobics 6.00-7.00pm,23-04-18,01-01-00 18:00,35,32,799,April,Monday,18,Evening,91.42857143,25568
BRP,Aerobics 6.00-7.00pm,30-04-18,01-01-00 18:00,35,33,799,April,Monday,18,Evening,94.28571429,26367
BRP,Aerobics 6.00-7.00pm,14-05-18,01-01-00 18:00,35,28,799,May,Monday,18,Evening,80,22372
BRP,Aerobics 6.00-7.00pm,21-05-18,01-01-00 18:00,35,31,799,May,Monday,18,Evening,88.57142857,24769
SBP,Aqua Babies 12 -12.30am,16-04-18,01-01-00 12:00,10,11,1499,April,Monday,12,Afternoon,110,16489
SBP,Aqua Babies 12 -12.30am,23-04-18,01-01-00 12:00,10,3,1499,April,Monday,12,Afternoon,30,4497
SBP,Aqua Babies 12 -12.30am,30-04-18,01-01-00 12:00,10,3,1499,April,Monday,12,Afternoon,30,4497
SBP,Aqua Babies 12 -12.30am,14-05-18,01-01-00 12:00,10,7,1499,May,Monday,12,Afternoon,70,10493
SBP,Aqua Babies 12 -12.30am,21-05-18,01-01-00 12:00,10,7,1499,May,Monday,12,Afternoon,70,10493
SBP,Aqua Babies 9.30-10.00am,06-04-18,01-01-00 9:30,10,6,1499,April,Friday,9,Morning,60,8994
SBP,Aqua Babies 9.30-10.00am,13-04-18,01-01-00 9:30,10,4,1499,April,Friday,9,Morning,40,5996
SBP,Aqua Babies 9.30-10.00am,20-04-18,01-01-00 9:30,10,7,1499,April,Friday,9,Morning,70,10493
SBP,Aqua Babies 9.30-10.00am,27-04-18,01-01-00 9:30,10,5,1499,April,Friday,9,Morning,50,7495
SBP,Aqua Babies 9.30-10.00am,04-05-18,01-01-00 9:30,10,6,1499,May,Friday,9,Morning,60,8994
SBP,Aqua Babies 9.30-10.00am,11-05-18,01-01-00 9:30,10,5,1499,May,Friday,9,Morning,50,7495
SBP,Aqua Babies 9.30-10.00am,18-05-18,01-01-00 9:30,10,10,1499,May,Friday,9,Morning,100,14990
SBP,Aqua Fit 11.15-12.00,09-04-18,01-01-00 11:15,35,33,999,April,Monday,11,Morning,94.28571429,32967
SBP,Aqua Fit 11.15-12.00,16-04-18,01-01-00 11:15,35,32,999,April,Monday,11,Morning,91.42857143,31968
SBP,Aqua Fit 11.15-12.00,23-04-18,01-01-00 11:15,35,35,999,April,Monday,11,Morning,100,34965
SBP,Aqua Fit 11.15-12.00,30-04-18,01-01-00 11:15,35,31,999,April,Monday,11,Morning,88.57142857,30969
SBP,Aqua Fit 11.15-12.00,14-05-18,01-01-00 11:15,35,34,999,May,Monday,11,Morning,97.14285714,33966
SBP,Aqua Fit 11.15-12.00,21-05-18,01-01-00 11:15,35,33,999,May,Monday,11,Morning,94.28571429,32967
HXP,Aqua Fit 12.15 -13.15,05-04-18,01-01-00 12:15,25,13,999,April,Thursday,12,Afternoon,52,12987
HXP,Aqua Fit 12.15 -13.15,06-04-18,01-01-00 12:15,25,16,999,April,Friday,12,Afternoon,64,15984
HXP,Aqua Fit 12.15 -13.15,12-04-18,01-01-00 12:15,25,19,999,April,Thursday,12,Afternoon,76,18981
HXP,Aqua Fit 12.15 -13.15,13-04-18,01-01-00 12:15,25,10,999,April,Friday,12,Afternoon,40,9990
HXP,Aqua Fit 12.15 -13.15,19-04-18,01-01-00 12:15,25,16,999,April,Thursday,12,Afternoon,64,15984
HXP,Aqua Fit 12.15 -13.15,20-04-18,01-01-00 12:15,25,13,999,April,Friday,12,Afternoon,52,12987
HXP,Aqua Fit 12.15 -13.15,26-04-18,01-01-00 12:15,25,16,999,April,Thursday,12,Afternoon,64,15984
HXP,Aqua Fit 12.15 -13.15,27-04-18,01-01-00 12:15,25,12,999,April,Friday,12,Afternoon,48,11988
HXP,Aqua Fit 12.15 -13.15,03-05-18,01-01-00 12:15,25,13,999,May,Thursday,12,Afternoon,52,12987
HXP,Aqua Fit 12.15 -13.15,04-05-18,01-01-00 12:15,25,13,999,May,Friday,12,Afternoon,52,12987
HXP,Aqua Fit 12.15 -13.15,10-05-18,01-01-00 12:15,25,13,999,May,Thursday,12,Afternoon,52,12987
HXP,Aqua Fit 12.15 -13.15,11-05-18,01-01-00 12:15,25,4,999,May,Friday,12,Afternoon,16,3996
HXP,Aqua Fit 12.15 -13.15,18-05-18,01-01-00 12:15,25,11,999,May,Friday,12,Afternoon,44,10989
HXP,Aqua Fit 12.15 -13.15,24-05-18,01-01-00 12:15,25,13,999,May,Thursday,12,Afternoon,52,12987
HXP,Aqua Fit 12.15 -13.15,25-05-18,01-01-00 12:15,25,14,999,May,Friday,12,Afternoon,56,13986
HXP,Aqua Fit 12.15-13.00,02-04-18,01-01-00 12:15,25,11,999,April,Monday,12,Afternoon,44,10989
HXP,Aqua Fit 12.15-13.00,09-04-18,01-01-00 12:15,25,17,999,April,Monday,12,Afternoon,68,16983
HXP,Aqua Fit 12.15-13.00,16-04-18,01-01-00 12:15,25,17,999,April,Monday,12,Afternoon,68,16983
HXP,Aqua Fit 12.15-13.00,23-04-18,01-01-00 12:15,25,22,999,April,Monday,12,Afternoon,88,21978
HXP,Aqua Fit 12.15-13.00,30-04-18,01-01-00 12:15,25,21,999,April,Monday,12,Afternoon,84,20979
HXP,Aqua Fit 12.15-13.00,07-05-18,01-01-00 12:15,25,6,999,May,Monday,12,Afternoon,24,5994
HXP,Aqua Fit 12.15-13.00,14-05-18,01-01-00 12:15,25,11,999,May,Monday,12,Afternoon,44,10989
HXP,Aqua Fit 12.15-13.00,21-05-18,01-01-00 12:15,25,14,999,May,Monday,12,Afternoon,56,13986
HXP,Aqua Fit 12.15-13.00,28-05-18,01-01-00 12:15,25,7,999,May,Monday,12,Afternoon,28,6993
BRP,Aqua Fit 2.45 -3.45pm,04-04-18,01-01-00 14:45,35,24,999,April,Wednesday,14,Afternoon,68.57142857,23976
BRP,Aqua Fit 2.45 -3.45pm,11-04-18,01-01-00 14:45,35,32,999,April,Wednesday,14,Afternoon,91.42857143,31968
BRP,Aqua Fit 2.45 -3.45pm,18-04-18,01-01-00 14:45,35,29,999,April,Wednesday,14,Afternoon,82.85714286,28971
BRP,Aqua Fit 2.45 -3.45pm,25-04-18,01-01-00 14:45,35,25,999,April,Wednesday,14,Afternoon,71.42857143,24975
BRP,Aqua Fit 2.45 -3.45pm,02-05-18,01-01-00 14:45,35,28,999,May,Wednesday,14,Afternoon,80,27972
BRP,Aqua Fit 2.45 -3.45pm,09-05-18,01-01-00 14:45,35,27,999,May,Wednesday,14,Afternoon,77.14285714,26973
BRP,Aqua Fit 2.45 -3.45pm,16-05-18,01-01-00 14:45,35,16,999,May,Wednesday,14,Afternoon,45.71428571,15984
BRP,Aqua Fit 2.45 -3.45pm,23-05-18,01-01-00 14:45,35,20,999,May,Wednesday,14,Afternoon,57.14285714,19980
BRP,Aqua Fit 2.45 -3.45pm,30-05-18,01-01-00 14:45,35,23,999,May,Wednesday,14,Afternoon,65.71428571,22977
SBP,Aqua Fit 3.00-3.50pm,03-04-18,01-01-00 15:00,35,29,999,April,Tuesday,15,Afternoon,82.85714286,28971
SBP,Aqua Fit 3.00-3.50pm,10-04-18,01-01-00 15:00,35,17,999,April,Tuesday,15,Afternoon,48.57142857,16983
SBP,Aqua Fit 3.00-3.50pm,17-04-18,01-01-00 15:00,35,14,999,April,Tuesday,15,Afternoon,40,13986
SBP,Aqua Fit 3.00-3.50pm,24-04-18,01-01-00 15:00,35,20,999,April,Tuesday,15,Afternoon,57.14285714,19980
SBP,Aqua Fit 3.00-3.50pm,01-05-18,01-01-00 15:00,35,23,999,May,Tuesday,15,Afternoon,65.71428571,22977
SBP,Aqua Fit 3.00-3.50pm,08-05-18,01-01-00 15:00,35,17,999,May,Tuesday,15,Afternoon,48.57142857,16983
SBP,Aqua Fit 3.00-3.50pm,15-05-18,01-01-00 15:00,35,18,999,May,Tuesday,15,Afternoon,51.42857143,17982
SBP,Aqua Fit 3.00-3.50pm,22-05-18,01-01-00 15:00,35,21,999,May,Tuesday,15,Afternoon,60,20979
SBP,Aqua Fit 3.00-3.50pm,29-05-18,01-01-00 15:00,35,23,999,May,Tuesday,15,Afternoon,65.71428571,22977
HXP,Aqua Fit 4pm - 5pm,22-04-18,01-01-00 16:00,25,20,999,April,Sunday,16,Afternoon,80,19980
HXP,Aqua Fit 4pm - 5pm,29-04-18,01-01-00 16:00,25,13,999,April,Sunday,16,Afternoon,52,12987
HXP,Aqua Fit 4pm - 5pm,13-05-18,01-01-00 16:00,25,10,999,May,Sunday,16,Afternoon,40,9990
HXP,Aqua Fit 4pm - 5pm,20-05-18,01-01-00 16:00,25,5,999,May,Sunday,16,Afternoon,20,4995
HXP,Aqua Fit 4pm - 5pm,27-05-18,01-01-00 16:00,25,11,999,May,Sunday,16,Afternoon,44,10989
SBP,Aqua Tots & Babies 10.30-,06-04-18,01-01-00 10:30,10,2,1499,April,Friday,10,Morning,20,2998
SBP,Aqua Tots & Babies 10.30-,13-04-18,01-01-00 10:30,10,6,1499,April,Friday,10,Morning,60,8994
SBP,Aqua Tots & Babies 10.30-,20-04-18,01-01-00 10:30,10,5,1499,April,Friday,10,Morning,50,7495
SBP,Aqua Tots & Babies 10.30-,27-04-18,01-01-00 10:30,10,9,1499,April,Friday,10,Morning,90,13491
SBP,Aqua Tots & Babies 10.30-,04-05-18,01-01-00 10:30,10,5,1499,May,Friday,10,Morning,50,7495
SBP,Aqua Tots & Babies 10.30-,11-05-18,01-01-00 10:30,10,8,1499,May,Friday,10,Morning,80,11992
SBP,Aqua Tots & Babies 10.30-,18-05-18,01-01-00 10:30,10,4,1499,May,Friday,10,Morning,40,5996
BRP,Aqua Tots 10 -10.30am,07-04-18,01-01-00 10:00,10,9,999,April,Saturday,10,Morning,90,8991
BRP,Aqua Tots 10 -10.30am,14-04-18,01-01-00 10:00,10,10,999,April,Saturday,10,Morning,100,9990
BRP,Aqua Tots 10 -10.30am,21-04-18,01-01-00 10:00,10,10,999,April,Saturday,10,Morning,100,9990
BRP,Aqua Tots 10 -10.30am,28-04-18,01-01-00 10:00,10,10,999,April,Saturday,10,Morning,100,9990
BRP,Aqua Tots 10 -10.30am,05-05-18,01-01-00 10:00,10,10,999,May,Saturday,10,Morning,100,9990
BRP,Aqua Tots 10 -10.30am,12-05-18,01-01-00 10:00,10,9,999,May,Saturday,10,Morning,90,8991
BRP,Aqua Tots 10 -10.30am,19-05-18,01-01-00 10:00,10,10,999,May,Saturday,10,Morning,100,9990
BRP,Aqua Tots 10 -10.30am,26-05-18,01-01-00 10:00,10,7,999,May,Saturday,10,Morning,70,6993
SBP,Aqua Tots 10.00-10.30am,06-04-18,01-01-00 10:00,10,2,999,April,Friday,10,Morning,20,1998
SBP,Aqua Tots 10.00-10.30am,13-04-18,01-01-00 10:00,10,2,999,April,Friday,10,Morning,20,1998
SBP,Aqua Tots 10.00-10.30am,20-04-18,01-01-00 10:00,10,5,999,April,Friday,10,Morning,50,4995
SBP,Aqua Tots 10.00-10.30am,27-04-18,01-01-00 10:00,10,7,999,April,Friday,10,Morning,70,6993
SBP,Aqua Tots 10.00-10.30am,04-05-18,01-01-00 10:00,10,8,999,May,Friday,10,Morning,80,7992
SBP,Aqua Tots 10.00-10.30am,11-05-18,01-01-00 10:00,10,7,999,May,Friday,10,Morning,70,6993
SBP,Aqua Tots 10.00-10.30am,18-05-18,01-01-00 10:00,10,4,999,May,Friday,10,Morning,40,3996
BRP,Aqua Tots 11.00-11.30am,04-04-18,01-01-00 11:00,10,2,999,April,Wednesday,11,Morning,20,1998
BRP,Aqua Tots 11.00-11.30am,11-04-18,01-01-00 11:00,10,4,999,April,Wednesday,11,Morning,40,3996
BRP,Aqua Tots 11.00-11.30am,18-04-18,01-01-00 11:00,10,5,999,April,Wednesday,11,Morning,50,4995
BRP,Aqua Tots 11.00-11.30am,25-04-18,01-01-00 11:00,10,6,999,April,Wednesday,11,Morning,60,5994
BRP,Aqua Tots 11.00-11.30am,02-05-18,01-01-00 11:00,10,6,999,May,Wednesday,11,Morning,60,5994
BRP,Aqua Tots 11.00-11.30am,09-05-18,01-01-00 11:00,10,7,999,May,Wednesday,11,Morning,70,6993
BRP,Aqua Tots 11.00-11.30am,16-05-18,01-01-00 11:00,10,7,999,May,Wednesday,11,Morning,70,6993
BRP,Aqua Tots 11.00-11.30am,23-05-18,01-01-00 11:00,10,6,999,May,Wednesday,11,Morning,60,5994
SBP,Aqua Tots 9.00-9.30am,06-04-18,01-01-00 9:00,10,3,999,April,Friday,9,Morning,30,2997
SBP,Aqua Tots 9.00-9.30am,13-04-18,01-01-00 9:00,10,3,999,April,Friday,9,Morning,30,2997
SBP,Aqua Tots 9.00-9.30am,20-04-18,01-01-00 9:00,10,2,999,April,Friday,9,Morning,20,1998
SBP,Aqua Tots 9.00-9.30am,27-04-18,01-01-00 9:00,10,3,999,April,Friday,9,Morning,30,2997
SBP,Aqua Tots 9.00-9.30am,04-05-18,01-01-00 9:00,10,4,999,May,Friday,9,Morning,40,3996
SBP,Aqua Tots 9.00-9.30am,11-05-18,01-01-00 9:00,10,4,999,May,Friday,9,Morning,40,3996
SBP,Aqua Tots 9.00-9.30am,18-05-18,01-01-00 9:00,10,2,999,May,Friday,9,Morning,20,1998
TSC,Aqua Zumba  12.00-1.00pm,06-04-18,01-01-00 12:00,25,15,1999,April,Friday,12,Afternoon,60,29985
TSC,Aqua Zumba  12.00-1.00pm,13-04-18,01-01-00 12:00,25,12,1999,April,Friday,12,Afternoon,48,23988
TSC,Aqua Zumba  12.00-1.00pm,20-04-18,01-01-00 12:00,25,14,1999,April,Friday,12,Afternoon,56,27986
TSC,Aqua Zumba  12.00-1.00pm,27-04-18,01-01-00 12:00,25,14,1999,April,Friday,12,Afternoon,56,27986
TSC,Aqua Zumba  12.00-1.00pm,11-05-18,01-01-00 12:00,25,14,1999,May,Friday,12,Afternoon,56,27986
TSC,Aqua Zumba  12.00-1.00pm,18-05-18,01-01-00 12:00,25,10,1999,May,Friday,12,Afternoon,40,19990
TSC,Aqua Zumba  12.00-1.00pm,25-05-18,01-01-00 12:00,25,16,1999,May,Friday,12,Afternoon,64,31984
BRP,Aquababies 10.00 -10.30am,09-04-18,01-01-00 10:00,10,7,1499,April,Monday,10,Morning,70,10493
BRP,Aquababies 10.00 -10.30am,16-04-18,01-01-00 10:00,10,9,1499,April,Monday,10,Morning,90,13491
BRP,Aquababies 10.00 -10.30am,23-04-18,01-01-00 10:00,10,10,1499,April,Monday,10,Morning,100,14990
BRP,Aquababies 10.00 -10.30am,30-04-18,01-01-00 10:00,10,10,1499,April,Monday,10,Morning,100,14990
BRP,Aquababies 10.00 -10.30am,14-05-18,01-01-00 10:00,10,7,1499,May,Monday,10,Morning,70,10493
BRP,Aquababies 10.00 -10.30am,21-05-18,01-01-00 10:00,10,6,1499,May,Monday,10,Morning,60,8994
BRP,Aquababies 10.30-11.00am,04-04-18,01-01-00 10:30,10,6,1499,April,Wednesday,10,Morning,60,8994
BRP,Aquababies 10.30-11.00am,11-04-18,01-01-00 10:30,10,3,1499,April,Wednesday,10,Morning,30,4497
BRP,Aquababies 10.30-11.00am,18-04-18,01-01-00 10:30,10,5,1499,April,Wednesday,10,Morning,50,7495
BRP,Aquababies 10.30-11.00am,25-04-18,01-01-00 10:30,10,8,1499,April,Wednesday,10,Morning,80,11992
BRP,Aquababies 10.30-11.00am,02-05-18,01-01-00 10:30,10,9,1499,May,Wednesday,10,Morning,90,13491
BRP,Aquababies 10.30-11.00am,09-05-18,01-01-00 10:30,10,9,1499,May,Wednesday,10,Morning,90,13491
BRP,Aquababies 10.30-11.00am,16-05-18,01-01-00 10:30,10,9,1499,May,Wednesday,10,Morning,90,13491
BRP,Aquababies 10.30-11.00am,23-05-18,01-01-00 10:30,10,10,1499,May,Wednesday,10,Morning,100,14990
SBP,Aquababies/tots 12-12.30,18-04-18,01-01-00 12:00,10,8,1499,April,Wednesday,12,Afternoon,80,11992
SBP,Aquababies/tots 12-12.30,25-04-18,01-01-00 12:00,10,8,1499,April,Wednesday,12,Afternoon,80,11992
SBP,Aquababies/tots 12-12.30,02-05-18,01-01-00 12:00,10,8,1499,May,Wednesday,12,Afternoon,80,11992
SBP,Aquababies/tots 12-12.30,09-05-18,01-01-00 12:00,10,9,1499,May,Wednesday,12,Afternoon,90,13491
SBP,Aquababies/tots 12-12.30,16-05-18,01-01-00 12:00,10,7,1499,May,Wednesday,12,Afternoon,70,10493
SBP,Aquababies/tots 12-12.30,23-05-18,01-01-00 12:00,10,12,1499,May,Wednesday,12,Afternoon,120,17988
BRP,Aquafit  6.00-7.00pm,05-04-18,01-01-00 18:00,35,35,999,April,Thursday,18,Evening,100,34965
BRP,Aquafit  6.00-7.00pm,12-04-18,01-01-00 18:00,35,35,999,April,Thursday,18,Evening,100,34965
BRP,Aquafit  6.00-7.00pm,19-04-18,01-01-00 18:00,35,34,999,April,Thursday,18,Evening,97.14285714,33966
BRP,Aquafit  6.00-7.00pm,26-04-18,01-01-00 18:00,35,33,999,April,Thursday,18,Evening,94.28571429,32967
BRP,Aquafit  6.00-7.00pm,03-05-18,01-01-00 18:00,35,35,999,May,Thursday,18,Evening,100,34965
BRP,Aquafit  6.00-7.00pm,10-05-18,01-01-00 18:00,35,35,999,May,Thursday,18,Evening,100,34965
BRP,Aquafit  6.00-7.00pm,17-05-18,01-01-00 18:00,35,32,999,May,Thursday,18,Evening,91.42857143,31968
BRP,Aquafit  6.00-7.00pm,24-05-18,01-01-00 18:00,35,33,999,May,Thursday,18,Evening,94.28571429,32967
BRP,Aquafit  6.00-7.00pm,31-05-18,01-01-00 18:00,35,27,999,May,Thursday,18,Evening,77.14285714,26973
SBP,Aquafit  7.00-8.00pm,06-04-18,01-01-00 19:00,6,19,999,April,Friday,19,Evening,316.6666667,18981
SBP,Aquafit  7.00-8.00pm,13-04-18,01-01-00 19:00,6,25,999,April,Friday,19,Evening,416.6666667,24975
SBP,Aquafit  7.00-8.00pm,20-04-18,01-01-00 19:00,6,26,999,April,Friday,19,Evening,433.3333333,25974
SBP,Aquafit  7.00-8.00pm,27-04-18,01-01-00 19:00,6,31,999,April,Friday,19,Evening,516.6666667,30969
SBP,Aquafit  7.00-8.00pm,04-05-18,01-01-00 19:00,6,27,999,May,Friday,19,Evening,450,26973
SBP,Aquafit  7.00-8.00pm,11-05-18,01-01-00 19:00,6,29,999,May,Friday,19,Evening,483.3333333,28971
SBP,Aquafit  7.00-8.00pm,18-05-18,01-01-00 19:00,6,26,999,May,Friday,19,Evening,433.3333333,25974
BRP,Aquafit 11.00-12.00 Noon,06-04-18,01-01-00 11:00,35,31,999,April,Friday,11,Morning,88.57142857,30969
BRP,Aquafit 11.00-12.00 Noon,13-04-18,01-01-00 11:00,35,28,999,April,Friday,11,Morning,80,27972
BRP,Aquafit 11.00-12.00 Noon,20-04-18,01-01-00 11:00,35,34,999,April,Friday,11,Morning,97.14285714,33966
BRP,Aquafit 11.00-12.00 Noon,27-04-18,01-01-00 11:00,35,35,999,April,Friday,11,Morning,100,34965
BRP,Aquafit 11.00-12.00 Noon,04-05-18,01-01-00 11:00,35,33,999,May,Friday,11,Morning,94.28571429,32967
BRP,Aquafit 11.00-12.00 Noon,11-05-18,01-01-00 11:00,35,29,999,May,Friday,11,Morning,82.85714286,28971
BRP,Aquafit 11.00-12.00 Noon,18-05-18,01-01-00 11:00,35,28,999,May,Friday,11,Morning,80,27972
BRP,Aquafit 11.00-12.00 Noon,25-05-18,01-01-00 11:00,35,33,999,May,Friday,11,Morning,94.28571429,32967
BRP,Aquafit 11am - 12,02-04-18,01-01-00 11:00,35,13,999,April,Monday,11,Morning,37.14285714,12987
BRP,Aquafit 11am - 12,09-04-18,01-01-00 11:00,35,37,999,April,Monday,11,Morning,105.7142857,36963
BRP,Aquafit 11am - 12,16-04-18,01-01-00 11:00,35,35,999,April,Monday,11,Morning,100,34965
BRP,Aquafit 11am - 12,23-04-18,01-01-00 11:00,35,35,999,April,Monday,11,Morning,100,34965
BRP,Aquafit 11am - 12,30-04-18,01-01-00 11:00,35,35,999,April,Monday,11,Morning,100,34965
BRP,Aquafit 11am - 12,07-05-18,01-01-00 11:00,35,27,999,May,Monday,11,Morning,77.14285714,26973
BRP,Aquafit 11am - 12,14-05-18,01-01-00 11:00,35,34,999,May,Monday,11,Morning,97.14285714,33966
BRP,Aquafit 11am - 12,21-05-18,01-01-00 11:00,35,35,999,May,Monday,11,Morning,100,34965
BRP,Aquafit 11am - 12,28-05-18,01-01-00 11:00,35,30,999,May,Monday,11,Morning,85.71428571,29970
TSC,Aquafit 3.00-3.45pm,03-04-18,01-01-00 15:00,25,13,999,April,Tuesday,15,Afternoon,52,12987
TSC,Aquafit 3.00-3.45pm,10-04-18,01-01-00 15:00,25,14,999,April,Tuesday,15,Afternoon,56,13986
TSC,Aquafit 3.00-3.45pm,17-04-18,01-01-00 15:00,25,11,999,April,Tuesday,15,Afternoon,44,10989
TSC,Aquafit 3.00-3.45pm,24-04-18,01-01-00 15:00,25,8,999,April,Tuesday,15,Afternoon,32,7992
TSC,Aquafit 3.00-3.45pm,01-05-18,01-01-00 15:00,25,20,999,May,Tuesday,15,Afternoon,80,19980
TSC,Aquafit 3.00-3.45pm,08-05-18,01-01-00 15:00,25,14,999,May,Tuesday,15,Afternoon,56,13986
TSC,Aquafit 3.00-3.45pm,15-05-18,01-01-00 15:00,25,12,999,May,Tuesday,15,Afternoon,48,11988
TSC,Aquafit 3.00-3.45pm,22-05-18,01-01-00 15:00,25,18,999,May,Tuesday,15,Afternoon,72,17982
TSC,Aquafit 3.00-3.45pm,29-05-18,01-01-00 15:00,25,13,999,May,Tuesday,15,Afternoon,52,12987
SBP,Aquafit 6.00-7.00pm,04-04-18,01-01-00 18:00,35,35,999,April,Wednesday,18,Evening,100,34965
SBP,Aquafit 6.00-7.00pm,11-04-18,01-01-00 18:00,35,35,999,April,Wednesday,18,Evening,100,34965
SBP,Aquafit 6.00-7.00pm,18-04-18,01-01-00 18:00,35,32,999,April,Wednesday,18,Evening,91.42857143,31968
SBP,Aquafit 6.00-7.00pm,25-04-18,01-01-00 18:00,35,35,999,April,Wednesday,18,Evening,100,34965
SBP,Aquafit 6.00-7.00pm,02-05-18,01-01-00 18:00,35,31,999,May,Wednesday,18,Evening,88.57142857,30969
SBP,Aquafit 6.00-7.00pm,09-05-18,01-01-00 18:00,35,35,999,May,Wednesday,18,Evening,100,34965
SBP,Aquafit 6.00-7.00pm,16-05-18,01-01-00 18:00,35,31,999,May,Wednesday,18,Evening,88.57142857,30969
SBP,Aquafit 6.00-7.00pm,23-05-18,01-01-00 18:00,35,33,999,May,Wednesday,18,Evening,94.28571429,32967
SBP,Aquafit 6.00-7.00pm,30-05-18,01-01-00 18:00,35,34,999,May,Wednesday,18,Evening,97.14285714,33966
BRP,Aquafit 7.00-8.00pm,03-04-18,01-01-00 19:00,35,33,999,April,Tuesday,19,Evening,94.28571429,32967
BRP,Aquafit 7.00-8.00pm,10-04-18,01-01-00 19:00,35,32,999,April,Tuesday,19,Evening,91.42857143,31968
BRP,Aquafit 7.00-8.00pm,17-04-18,01-01-00 19:00,35,28,999,April,Tuesday,19,Evening,80,27972
BRP,Aquafit 7.00-8.00pm,24-04-18,01-01-00 19:00,35,32,999,April,Tuesday,19,Evening,91.42857143,31968
BRP,Aquafit 7.00-8.00pm,01-05-18,01-01-00 19:00,35,34,999,May,Tuesday,19,Evening,97.14285714,33966
BRP,Aquafit 7.00-8.00pm,08-05-18,01-01-00 19:00,35,32,999,May,Tuesday,19,Evening,91.42857143,31968
BRP,Aquafit 7.00-8.00pm,15-05-18,01-01-00 19:00,35,29,999,May,Tuesday,19,Evening,82.85714286,28971
BRP,Aquafit 7.00-8.00pm,22-05-18,01-01-00 19:00,35,29,999,May,Tuesday,19,Evening,82.85714286,28971
BRP,Aquafit 7.00-8.00pm,29-05-18,01-01-00 19:00,35,26,999,May,Tuesday,19,Evening,74.28571429,25974
HXP,Aquafit 7.00-8.00pm,10-04-18,01-01-00 19:00,20,12,999,April,Tuesday,19,Evening,60,11988
HXP,Aquafit 7.00-8.00pm,17-04-18,01-01-00 19:00,20,16,999,April,Tuesday,19,Evening,80,15984
HXP,Aquafit 7.00-8.00pm,24-04-18,01-01-00 19:00,20,15,999,April,Tuesday,19,Evening,75,14985
HXP,Aquafit 7.00-8.00pm,01-05-18,01-01-00 19:00,20,20,999,May,Tuesday,19,Evening,100,19980
HXP,Aquafit 7.00-8.00pm,08-05-18,01-01-00 19:00,20,20,999,May,Tuesday,19,Evening,100,19980
HXP,Aquafit 7.00-8.00pm,15-05-18,01-01-00 19:00,20,19,999,May,Tuesday,19,Evening,95,18981
HXP,Aquafit 7.00-8.00pm,22-05-18,01-01-00 19:00,20,20,999,May,Tuesday,19,Evening,100,19980
HXP,Aquafit 7.00-8.00pm,29-05-18,01-01-00 19:00,20,12,999,May,Tuesday,19,Evening,60,11988
SBP,Aquafit 7.00-8.00pm,09-04-18,01-01-00 19:00,35,29,999,April,Monday,19,Evening,82.85714286,28971
SBP,Aquafit 7.00-8.00pm,16-04-18,01-01-00 19:00,35,33,999,April,Monday,19,Evening,94.28571429,32967
SBP,Aquafit 7.00-8.00pm,23-04-18,01-01-00 19:00,35,27,999,April,Monday,19,Evening,77.14285714,26973
SBP,Aquafit 7.00-8.00pm,30-04-18,01-01-00 19:00,35,34,999,April,Monday,19,Evening,97.14285714,33966
SBP,Aquafit 7.00-8.00pm,14-05-18,01-01-00 19:00,35,33,999,May,Monday,19,Evening,94.28571429,32967
SBP,Aquafit 7.00-8.00pm,21-05-18,01-01-00 19:00,35,34,999,May,Monday,19,Evening,97.14285714,33966
TSC,Aquafit 7.15-8.15pm,03-04-18,01-01-00 19:15,25,18,999,April,Tuesday,19,Evening,72,17982
TSC,Aquafit 7.15-8.15pm,05-04-18,01-01-00 19:15,25,2,999,April,Thursday,19,Evening,8,1998
TSC,Aquafit 7.15-8.15pm,10-04-18,01-01-00 19:15,25,13,999,April,Tuesday,19,Evening,52,12987
TSC,Aquafit 7.15-8.15pm,12-04-18,01-01-00 19:15,25,9,999,April,Thursday,19,Evening,36,8991
TSC,Aquafit 7.15-8.15pm,17-04-18,01-01-00 19:15,25,15,999,April,Tuesday,19,Evening,60,14985
TSC,Aquafit 7.15-8.15pm,19-04-18,01-01-00 19:15,25,9,999,April,Thursday,19,Evening,36,8991
TSC,Aquafit 7.15-8.15pm,24-04-18,01-01-00 19:15,25,16,999,April,Tuesday,19,Evening,64,15984
TSC,Aquafit 7.15-8.15pm,26-04-18,01-01-00 19:15,25,17,999,April,Thursday,19,Evening,68,16983
TSC,Aquafit 7.15-8.15pm,01-05-18,01-01-00 19:15,25,25,999,May,Tuesday,19,Evening,100,24975
TSC,Aquafit 7.15-8.15pm,03-05-18,01-01-00 19:15,25,18,999,May,Thursday,19,Evening,72,17982
TSC,Aquafit 7.15-8.15pm,08-05-18,01-01-00 19:15,25,11,999,May,Tuesday,19,Evening,44,10989
TSC,Aquafit 7.15-8.15pm,10-05-18,01-01-00 19:15,25,7,999,May,Thursday,19,Evening,28,6993
TSC,Aquafit 7.15-8.15pm,15-05-18,01-01-00 19:15,25,21,999,May,Tuesday,19,Evening,84,20979
TSC,Aquafit 7.15-8.15pm,17-05-18,01-01-00 7:15,25,1,999,May,Thursday,7,Morning,4,999
TSC,Aquafit 7.15-8.15pm,22-05-18,01-01-00 19:15,25,21,999,May,Tuesday,19,Evening,84,20979
TSC,Aquafit 7.15-8.15pm,24-05-18,01-01-00 19:15,25,13,999,May,Thursday,19,Evening,52,12987
TSC,Aquafit 7.15-8.15pm,29-05-18,01-01-00 19:15,25,19,999,May,Tuesday,19,Evening,76,18981
TSC,Aquafit 7.15-8.15pm,31-05-18,01-01-00 19:15,25,11,999,May,Thursday,19,Evening,44,10989
TSC,Aquafit Beginners 10-11am,05-04-18,01-01-00 10:00,25,13,1499,April,Thursday,10,Morning,52,19487
TSC,Aquafit Beginners 10-11am,12-04-18,01-01-00 10:00,25,18,1499,April,Thursday,10,Morning,72,26982
TSC,Aquafit Beginners 10-11am,19-04-18,01-01-00 10:00,25,16,1499,April,Thursday,10,Morning,64,23984
TSC,Aquafit Beginners 10-11am,26-04-18,01-01-00 10:00,25,19,1499,April,Thursday,10,Morning,76,28481
TSC,Aquafit Beginners 10-11am,03-05-18,01-01-00 10:00,25,18,1499,May,Thursday,10,Morning,72,26982
TSC,Aquafit Beginners 10-11am,10-05-18,01-01-00 10:00,25,22,1499,May,Thursday,10,Morning,88,32978
TSC,Aquafit Beginners 10-11am,17-05-18,01-01-00 10:00,25,14,1499,May,Thursday,10,Morning,56,20986
TSC,Aquafit Beginners 10-11am,24-05-18,01-01-00 10:00,25,18,1499,May,Thursday,10,Morning,72,26982
TSC,Aquafit Beginners 10-11am,31-05-18,01-01-00 10:00,25,18,1499,May,Thursday,10,Morning,72,26982
HXP,Aquafit Ladiesonly,08-04-18,01-01-00 16:30,25,21,999,April,Sunday,16,Afternoon,84,20979
HXP,Aquafit Ladiesonly,15-04-18,01-01-00 16:30,25,20,999,April,Sunday,16,Afternoon,80,19980
BRP,Aquatots 10.30-11am,16-04-18,01-01-00 10:30,10,3,999,April,Monday,10,Morning,30,2997
BRP,Aquatots 10.30-11am,23-04-18,01-01-00 10:30,10,3,999,April,Monday,10,Morning,30,2997
BRP,Aquatots 10.30-11am,30-04-18,01-01-00 10:30,10,4,999,April,Monday,10,Morning,40,3996
BRP,Aquatots 10.30-11am,14-05-18,01-01-00 10:30,10,7,999,May,Monday,10,Morning,70,6993
BRP,Aquatots 10.30-11am,21-05-18,01-01-00 10:30,10,4,999,May,Monday,10,Morning,40,3996
SBP,Aquatots 12.30- 13.00pm,16-04-18,01-01-00 12:30,10,2,999,April,Monday,12,Afternoon,20,1998
SBP,Aquatots 12.30- 13.00pm,30-04-18,01-01-00 12:30,10,3,999,April,Monday,12,Afternoon,30,2997
SBP,Aquatots 12.30- 13.00pm,14-05-18,01-01-00 12:30,10,4,999,May,Monday,12,Afternoon,40,3996
SBP,Aquatots 12.30- 13.00pm,21-05-18,01-01-00 12:30,10,3,999,May,Monday,12,Afternoon,30,2997
TSC,Aquatots-11.00-11.45am,06-04-18,01-01-00 11:00,15,6,999,April,Friday,11,Morning,40,5994
TSC,Aquatots-11.00-11.45am,13-04-18,01-01-00 11:00,15,8,999,April,Friday,11,Morning,53.33333333,7992
TSC,Aquatots-11.00-11.45am,20-04-18,01-01-00 11:00,15,5,999,April,Friday,11,Morning,33.33333333,4995
TSC,Aquatots-11.00-11.45am,27-04-18,01-01-00 11:00,15,6,999,April,Friday,11,Morning,40,5994
TSC,Aquatots-11.00-11.45am,11-05-18,01-01-00 11:00,15,3,999,May,Friday,11,Morning,20,2997
TSC,Aquatots-11.00-11.45am,18-05-18,01-01-00 11:00,15,6,999,May,Friday,11,Morning,40,5994
TSC,Aquatots-11.00-11.45am,25-05-18,01-01-00 11:00,15,4,999,May,Friday,11,Morning,26.66666667,3996
BRP,Aquatots/baby 11.30-12.00,04-04-18,01-01-00 11:30,10,6,1499,April,Wednesday,11,Morning,60,8994
BRP,Aquatots/baby 11.30-12.00,11-04-18,01-01-00 11:30,10,2,1499,April,Wednesday,11,Morning,20,2998
BRP,Aquatots/baby 11.30-12.00,18-04-18,01-01-00 11:30,10,6,1499,April,Wednesday,11,Morning,60,8994
BRP,Aquatots/baby 11.30-12.00,25-04-18,01-01-00 11:30,10,6,1499,April,Wednesday,11,Morning,60,8994
BRP,Aquatots/baby 11.30-12.00,02-05-18,01-01-00 11:30,10,4,1499,May,Wednesday,11,Morning,40,5996
BRP,Aquatots/baby 11.30-12.00,09-05-18,01-01-00 11:30,10,7,1499,May,Wednesday,11,Morning,70,10493
BRP,Aquatots/baby 11.30-12.00,23-05-18,01-01-00 11:30,10,1,1499,May,Wednesday,11,Morning,10,1499
NBL,B L T Exercise,10-04-18,01-01-00 14:15,40,1,1999,April,Tuesday,14,Afternoon,2.5,1999
SBP,Ballroom Dance 2.30-3.30,06-04-18,01-01-00 14:30,35,2,2999,April,Friday,14,Afternoon,5.714285714,5998
SBP,Ballroom Dance 2.30-3.30,13-04-18,01-01-00 14:30,35,8,2999,April,Friday,14,Afternoon,22.85714286,23992
SBP,Ballroom Dance 2.30-3.30,20-04-18,01-01-00 14:30,35,8,2999,April,Friday,14,Afternoon,22.85714286,23992
SBP,Ballroom Dance 2.30-3.30,27-04-18,01-01-00 14:30,35,10,2999,April,Friday,14,Afternoon,28.57142857,29990
SBP,Ballroom Dance 2.30-3.30,04-05-18,01-01-00 14:30,35,4,2999,May,Friday,14,Afternoon,11.42857143,11996
SBP,Ballroom Dance 2.30-3.30,11-05-18,01-01-00 14:30,35,6,2999,May,Friday,14,Afternoon,17.14285714,17994
SBP,Ballroom Dance 2.30-3.30,18-05-18,01-01-00 14:30,35,5,2999,May,Friday,14,Afternoon,14.28571429,14995
SBP,Ballroom Dance 2.30-3.30,25-05-18,01-01-00 14:30,35,9,2999,May,Friday,14,Afternoon,25.71428571,26991
TSC,Bar Pilate 11.30-12.30pm,06-04-18,01-01-00 11:30,24,15,2999,April,Friday,11,Morning,62.5,44985
TSC,Bar Pilate 11.30-12.30pm,13-04-18,01-01-00 11:30,24,12,2999,April,Friday,11,Morning,50,35988
TSC,Bar Pilate 11.30-12.30pm,20-04-18,01-01-00 11:30,24,14,2999,April,Friday,11,Morning,58.33333333,41986
TSC,Bar Pilate 11.30-12.30pm,27-04-18,01-01-00 11:30,24,14,2999,April,Friday,11,Morning,58.33333333,41986
TSC,Bar Pilate 11.30-12.30pm,04-05-18,01-01-00 11:30,24,16,2999,May,Friday,11,Morning,66.66666667,47984
TSC,Bar Pilate 11.30-12.30pm,11-05-18,01-01-00 11:30,24,15,2999,May,Friday,11,Morning,62.5,44985
TSC,Bar Pilate 11.30-12.30pm,18-05-18,01-01-00 11:30,24,10,2999,May,Friday,11,Morning,41.66666667,29990
TSC,Bar Pilate 11.30-12.30pm,25-05-18,01-01-00 11:30,24,9,2999,May,Friday,11,Morning,37.5,26991
NBL,Barre Pilates   12-1pm,07-04-18,01-01-00 12:00,60,10,2999,April,Saturday,12,Afternoon,16.66666667,29990
NBL,Barre Pilates   12-1pm,21-04-18,01-01-00 12:00,60,16,2999,April,Saturday,12,Afternoon,26.66666667,47984
NBL,Barre Pilates   12-1pm,28-04-18,01-01-00 12:00,60,13,2999,April,Saturday,12,Afternoon,21.66666667,38987
NBL,Barre Pilates   12-1pm,05-05-18,01-01-00 12:00,60,13,2999,May,Saturday,12,Afternoon,21.66666667,38987
NBL,Barre Pilates   12-1pm,12-05-18,01-01-00 12:00,60,9,2999,May,Saturday,12,Afternoon,15,26991
NBL,Barre Pilates   12-1pm,19-05-18,01-01-00 12:00,60,10,2999,May,Saturday,12,Afternoon,16.66666667,29990
NBL,Barre Pilates   12-1pm,26-05-18,01-01-00 12:00,60,16,2999,May,Saturday,12,Afternoon,26.66666667,47984
TSC,Barre Pilates 8.30-9.30am,07-04-18,01-01-00 8:30,24,22,2999,April,Saturday,8,Morning,91.66666667,65978
TSC,Barre Pilates 8.30-9.30am,14-04-18,01-01-00 8:30,24,19,2999,April,Saturday,8,Morning,79.16666667,56981
TSC,Barre Pilates 8.30-9.30am,21-04-18,01-01-00 8:30,24,24,2999,April,Saturday,8,Morning,100,71976
TSC,Barre Pilates 8.30-9.30am,28-04-18,01-01-00 8:30,24,23,2999,April,Saturday,8,Morning,95.83333333,68977
TSC,Barre Pilates 8.30-9.30am,05-05-18,01-01-00 8:30,24,22,2999,May,Saturday,8,Morning,91.66666667,65978
TSC,Barre Pilates 8.30-9.30am,12-05-18,01-01-00 8:30,24,23,2999,May,Saturday,8,Morning,95.83333333,68977
TSC,Barre Pilates 8.30-9.30am,19-05-18,01-01-00 8:30,24,21,2999,May,Saturday,8,Morning,87.5,62979
TSC,Barre Pilates 8.30-9.30am,26-05-18,01-01-00 8:30,24,15,2999,May,Saturday,8,Morning,62.5,44985
BRP,Basic Stretch Class,23-05-18,01-01-00 18:30,35,23,499,May,Wednesday,18,Evening,65.71428571,11477
BRP,Basic Stretch Class,30-05-18,01-01-00 18:30,35,10,499,May,Wednesday,18,Evening,28.57142857,4990
HXP,Better Living,06-04-18,01-01-00 9:00,40,1,1499,April,Friday,9,Morning,2.5,1499
HXP,Better Living,04-05-18,01-01-00 9:00,40,2,1499,May,Friday,9,Morning,5,2998
HXP,Better Living,11-05-18,01-01-00 9:00,40,3,1499,May,Friday,9,Morning,7.5,4497
HXP,Better Living,18-05-18,01-01-00 9:00,40,2,1499,May,Friday,9,Morning,5,2998
HXP,Better Living,25-05-18,01-01-00 9:00,40,2,1499,May,Friday,9,Morning,5,2998
SBP,Better Living Team 2pm,09-04-18,01-01-00 14:00,25,18,2999,April,Monday,14,Afternoon,72,53982
SBP,Better Living Team 2pm,16-04-18,01-01-00 14:00,25,9,2999,April,Monday,14,Afternoon,36,26991
SBP,Better Living Team 2pm,23-04-18,01-01-00 14:00,25,10,2999,April,Monday,14,Afternoon,40,29990
SBP,Better Living Team 2pm,30-04-18,01-01-00 14:00,25,10,2999,April,Monday,14,Afternoon,40,29990
SBP,Better Living Team 2pm,14-05-18,01-01-00 14:00,25,11,2999,May,Monday,14,Afternoon,44,32989
SBP,Better Living Team 2pm,21-05-18,01-01-00 14:00,25,9,2999,May,Monday,14,Afternoon,36,26991
BRP,Blt Weigh Manage,05-04-18,01-01-00 12:30,30,8,1499,April,Thursday,12,Afternoon,26.66666667,11992
BRP,Blt Weigh Manage,12-04-18,01-01-00 12:30,30,9,1499,April,Thursday,12,Afternoon,30,13491
BRP,Blt Weigh Manage,19-04-18,01-01-00 12:30,30,6,1499,April,Thursday,12,Afternoon,20,8994
BRP,Blt Weigh Manage,26-04-18,01-01-00 12:30,30,1,1499,April,Thursday,12,Afternoon,3.333333333,1499
BRP,Blt Weigh Manage,10-05-18,01-01-00 12:30,30,4,1499,May,Thursday,12,Afternoon,13.33333333,5996
BRP,Bodsculp Aero 10.30-11.30,04-04-18,01-01-00 10:30,35,16,1999,April,Wednesday,10,Morning,45.71428571,31984
BRP,Bodsculp Aero 10.30-11.30,11-04-18,01-01-00 10:30,35,17,1999,April,Wednesday,10,Morning,48.57142857,33983
BRP,Bodsculp Aero 10.30-11.30,18-04-18,01-01-00 10:30,35,11,1999,April,Wednesday,10,Morning,31.42857143,21989
BRP,Bodsculp Aero 10.30-11.30,25-04-18,01-01-00 10:30,35,14,1999,April,Wednesday,10,Morning,40,27986
BRP,Bodsculp Aero 10.30-11.30,02-05-18,01-01-00 10:30,35,18,1999,May,Wednesday,10,Morning,51.42857143,35982
BRP,Bodsculp Aero 10.30-11.30,16-05-18,01-01-00 10:30,35,12,1999,May,Wednesday,10,Morning,34.28571429,23988
BRP,Bodsculp Aero 10.30-11.30,23-05-18,01-01-00 10:30,35,13,1999,May,Wednesday,10,Morning,37.14285714,25987
BRP,Bodsculp Aero 10.30-11.30,30-05-18,01-01-00 10:30,35,13,1999,May,Wednesday,10,Morning,37.14285714,25987
NBL,Body Attack 10-11am,14-04-18,01-01-00 10:00,60,51,1999,April,Saturday,10,Morning,85,101949
BRP,Body Attack 10.00-11.00am,02-04-18,01-01-00 10:00,35,18,1999,April,Monday,10,Morning,51.42857143,35982
BRP,Body Attack 10.00-11.00am,09-04-18,01-01-00 10:00,35,20,1999,April,Monday,10,Morning,57.14285714,39980
BRP,Body Attack 10.00-11.00am,16-04-18,01-01-00 10:00,35,35,1999,April,Monday,10,Morning,100,69965
BRP,Body Attack 10.00-11.00am,23-04-18,01-01-00 10:00,35,24,1999,April,Monday,10,Morning,68.57142857,47976
BRP,Body Attack 10.00-11.00am,30-04-18,01-01-00 10:00,35,26,1999,April,Monday,10,Morning,74.28571429,51974
BRP,Body Attack 10.00-11.00am,07-05-18,01-01-00 10:00,35,27,1999,May,Monday,10,Morning,77.14285714,53973
BRP,Body Attack 10.00-11.00am,14-05-18,01-01-00 10:00,35,26,1999,May,Monday,10,Morning,74.28571429,51974
BRP,Body Attack 10.00-11.00am,28-05-18,01-01-00 10:00,35,22,1999,May,Monday,10,Morning,62.85714286,43978
BRP,Body Attack 5.00-6.00pm,09-04-18,01-01-00 17:00,35,35,1999,April,Monday,17,Evening,100,69965
BRP,Body Attack 5.00-6.00pm,16-04-18,01-01-00 17:00,35,35,1999,April,Monday,17,Evening,100,69965
BRP,Body Attack 5.00-6.00pm,23-04-18,01-01-00 17:00,35,35,1999,April,Monday,17,Evening,100,69965
BRP,Body Attack 5.00-6.00pm,30-04-18,01-01-00 17:00,35,30,1999,April,Monday,17,Evening,85.71428571,59970
BRP,Body Attack 5.00-6.00pm,14-05-18,01-01-00 17:00,35,32,1999,May,Monday,17,Evening,91.42857143,63968
BRP,Body Attack 5.00-6.00pm,21-05-18,01-01-00 17:00,35,29,1999,May,Monday,17,Evening,82.85714286,57971
BRP,Body Attack 5.30 -6.30pm,04-04-18,01-01-00 17:30,35,33,1999,April,Wednesday,17,Evening,94.28571429,65967
BRP,Body Attack 5.30 -6.30pm,11-04-18,01-01-00 17:30,35,28,1999,April,Wednesday,17,Evening,80,55972
BRP,Body Attack 5.30 -6.30pm,18-04-18,01-01-00 17:30,35,23,1999,April,Wednesday,17,Evening,65.71428571,45977
BRP,Body Attack 5.30 -6.30pm,25-04-18,01-01-00 17:30,35,29,1999,April,Wednesday,17,Evening,82.85714286,57971
BRP,Body Attack 5.30 -6.30pm,02-05-18,01-01-00 17:30,35,29,1999,May,Wednesday,17,Evening,82.85714286,57971
BRP,Body Attack 5.30 -6.30pm,16-05-18,01-01-00 17:30,35,26,1999,May,Wednesday,17,Evening,74.28571429,51974
BRP,Body Attack 5.30 -6.30pm,23-05-18,01-01-00 17:30,35,32,1999,May,Wednesday,17,Evening,91.42857143,63968
BRP,Body Attack 5.30 -6.30pm,30-05-18,01-01-00 17:30,35,35,1999,May,Wednesday,17,Evening,100,69965
BRP,Body Attack 8.00-9.00pm,05-04-18,01-01-00 20:00,35,34,1999,April,Thursday,20,Evening,97.14285714,67966
BRP,Body Attack 8.00-9.00pm,12-04-18,01-01-00 20:00,35,33,1999,April,Thursday,20,Evening,94.28571429,65967
BRP,Body Attack 8.00-9.00pm,19-04-18,01-01-00 20:00,35,31,1999,April,Thursday,20,Evening,88.57142857,61969
BRP,Body Attack 8.00-9.00pm,26-04-18,01-01-00 20:00,35,31,1999,April,Thursday,20,Evening,88.57142857,61969
BRP,Body Attack 8.00-9.00pm,03-05-18,01-01-00 20:00,35,30,1999,May,Thursday,20,Evening,85.71428571,59970
BRP,Body Attack 8.00-9.00pm,10-05-18,01-01-00 20:00,35,32,1999,May,Thursday,20,Evening,91.42857143,63968
BRP,Body Attack 8.00-9.00pm,17-05-18,01-01-00 20:00,35,33,1999,May,Thursday,20,Evening,94.28571429,65967
BRP,Body Attack 8.00-9.00pm,24-05-18,01-01-00 20:00,35,31,1999,May,Thursday,20,Evening,88.57142857,61969
BRP,Body Attack 8.00-9.00pm,31-05-18,01-01-00 20:00,35,26,1999,May,Thursday,20,Evening,74.28571429,51974
BRP,Body Attack9.00-10.00am,07-04-18,01-01-00 9:00,35,34,1999,April,Saturday,9,Morning,97.14285714,67966
BRP,Body Attack9.00-10.00am,21-04-18,01-01-00 9:00,35,33,1999,April,Saturday,9,Morning,94.28571429,65967
BRP,Body Attack9.00-10.00am,28-04-18,01-01-00 9:00,35,33,1999,April,Saturday,9,Morning,94.28571429,65967
BRP,Body Attack9.00-10.00am,05-05-18,01-01-00 9:00,35,32,1999,May,Saturday,9,Morning,91.42857143,63968
BRP,Body Attack9.00-10.00am,12-05-18,01-01-00 9:00,35,34,1999,May,Saturday,9,Morning,97.14285714,67966
BRP,Body Attack9.00-10.00am,19-05-18,01-01-00 9:00,35,22,1999,May,Saturday,9,Morning,62.85714286,43978
BRP,Body Attack9.00-10.00am,26-05-18,01-01-00 9:00,35,34,1999,May,Saturday,9,Morning,97.14285714,67966
SBP,Body Balan 11.30-12.30pm,01-04-18,01-01-00 11:30,35,14,2499,April,Sunday,11,Morning,40,34986
SBP,Body Balan 11.30-12.30pm,08-04-18,01-01-00 11:30,35,24,2499,April,Sunday,11,Morning,68.57142857,59976
SBP,Body Balan 11.30-12.30pm,15-04-18,01-01-00 11:30,35,12,2499,April,Sunday,11,Morning,34.28571429,29988
SBP,Body Balan 11.30-12.30pm,22-04-18,01-01-00 11:30,35,17,2499,April,Sunday,11,Morning,48.57142857,42483
SBP,Body Balan 11.30-12.30pm,29-04-18,01-01-00 11:30,35,18,2499,April,Sunday,11,Morning,51.42857143,44982
SBP,Body Balan 11.30-12.30pm,06-05-18,01-01-00 11:30,35,7,2499,May,Sunday,11,Morning,20,17493
SBP,Body Balan 11.30-12.30pm,13-05-18,01-01-00 11:30,35,18,2499,May,Sunday,11,Morning,51.42857143,44982
SBP,Body Balan 11.30-12.30pm,20-05-18,01-01-00 11:30,35,11,2499,May,Sunday,11,Morning,31.42857143,27489
SBP,Body Balan 11.30-12.30pm,27-05-18,01-01-00 11:30,35,16,2499,May,Sunday,11,Morning,45.71428571,39984
SBP,Body Balance 11-12pm,03-04-18,01-01-00 11:00,35,10,2499,April,Tuesday,11,Morning,28.57142857,24990
SBP,Body Balance 11-12pm,05-04-18,01-01-00 11:00,35,13,2499,April,Thursday,11,Morning,37.14285714,32487
SBP,Body Balance 11-12pm,06-04-18,01-01-00 11:00,35,14,2499,April,Friday,11,Morning,40,34986
SBP,Body Balance 11-12pm,10-04-18,01-01-00 11:00,35,10,2499,April,Tuesday,11,Morning,28.57142857,24990
SBP,Body Balance 11-12pm,12-04-18,01-01-00 11:00,35,15,2499,April,Thursday,11,Morning,42.85714286,37485
SBP,Body Balance 11-12pm,13-04-18,01-01-00 11:00,35,12,2499,April,Friday,11,Morning,34.28571429,29988
SBP,Body Balance 11-12pm,17-04-18,01-01-00 11:00,35,15,2499,April,Tuesday,11,Morning,42.85714286,37485
SBP,Body Balance 11-12pm,19-04-18,01-01-00 11:00,35,10,2499,April,Thursday,11,Morning,28.57142857,24990
SBP,Body Balance 11-12pm,20-04-18,01-01-00 11:00,35,12,2499,April,Friday,11,Morning,34.28571429,29988
SBP,Body Balance 11-12pm,24-04-18,01-01-00 11:00,35,19,2499,April,Tuesday,11,Morning,54.28571429,47481
SBP,Body Balance 11-12pm,26-04-18,01-01-00 11:00,35,16,2499,April,Thursday,11,Morning,45.71428571,39984
SBP,Body Balance 11-12pm,27-04-18,01-01-00 11:00,35,14,2499,April,Friday,11,Morning,40,34986
SBP,Body Balance 11-12pm,01-05-18,01-01-00 11:00,35,12,2499,May,Tuesday,11,Morning,34.28571429,29988
SBP,Body Balance 11-12pm,03-05-18,01-01-00 11:00,35,9,2499,May,Thursday,11,Morning,25.71428571,22491
SBP,Body Balance 11-12pm,04-05-18,01-01-00 11:00,35,13,2499,May,Friday,11,Morning,37.14285714,32487
SBP,Body Balance 11-12pm,08-05-18,01-01-00 11:00,35,10,2499,May,Tuesday,11,Morning,28.57142857,24990
SBP,Body Balance 11-12pm,10-05-18,01-01-00 11:00,35,15,2499,May,Thursday,11,Morning,42.85714286,37485
SBP,Body Balance 11-12pm,11-05-18,01-01-00 11:00,35,13,2499,May,Friday,11,Morning,37.14285714,32487
SBP,Body Balance 11-12pm,15-05-18,01-01-00 11:00,35,12,2499,May,Tuesday,11,Morning,34.28571429,29988
SBP,Body Balance 11-12pm,17-05-18,01-01-00 11:00,35,10,2499,May,Thursday,11,Morning,28.57142857,24990
SBP,Body Balance 11-12pm,24-05-18,01-01-00 11:00,35,7,2499,May,Thursday,11,Morning,20,17493
SBP,Body Balance 11-12pm,25-05-18,01-01-00 11:00,35,12,2499,May,Friday,11,Morning,34.28571429,29988
SBP,Body Balance 11-12pm,31-05-18,01-01-00 11:00,35,14,2499,May,Thursday,11,Morning,40,34986
SBP,Body Balance 11.30-12.30,07-04-18,01-01-00 11:30,30,24,2499,April,Saturday,11,Morning,80,59976
SBP,Body Balance 11.30-12.30,21-04-18,01-01-00 11:30,30,12,2499,April,Saturday,11,Morning,40,29988
SBP,Body Balance 11.30-12.30,28-04-18,01-01-00 11:30,30,20,2499,April,Saturday,11,Morning,66.66666667,49980
SBP,Body Balance 11.30-12.30,05-05-18,01-01-00 11:30,30,21,2499,May,Saturday,11,Morning,70,52479
SBP,Body Balance 11.30-12.30,12-05-18,01-01-00 11:30,30,15,2499,May,Saturday,11,Morning,50,37485
SBP,Body Balance 11.30-12.30,19-05-18,01-01-00 11:30,30,10,2499,May,Saturday,11,Morning,33.33333333,24990
NBL,Body Balance 12-1pm,14-04-18,01-01-00 12:00,60,37,2499,April,Saturday,12,Afternoon,61.66666667,92463
SBP,Body Balance 12.30-1.30pm,02-04-18,01-01-00 12:30,35,12,2499,April,Monday,12,Afternoon,34.28571429,29988
SBP,Body Balance 12.30-1.30pm,09-04-18,01-01-00 12:30,35,6,2499,April,Monday,12,Afternoon,17.14285714,14994
SBP,Body Balance 12.30-1.30pm,16-04-18,01-01-00 12:30,35,18,2499,April,Monday,12,Afternoon,51.42857143,44982
SBP,Body Balance 12.30-1.30pm,23-04-18,01-01-00 12:30,35,11,2499,April,Monday,12,Afternoon,31.42857143,27489
SBP,Body Balance 12.30-1.30pm,30-04-18,01-01-00 12:30,35,12,2499,April,Monday,12,Afternoon,34.28571429,29988
SBP,Body Balance 12.30-1.30pm,07-05-18,01-01-00 12:30,35,3,2499,May,Monday,12,Afternoon,8.571428571,7497
SBP,Body Balance 12.30-1.30pm,14-05-18,01-01-00 12:30,35,7,2499,May,Monday,12,Afternoon,20,17493
SBP,Body Balance 12.30-1.30pm,21-05-18,01-01-00 12:30,35,7,2499,May,Monday,12,Afternoon,20,17493
SBP,Body Balance 12.30-1.30pm,28-05-18,01-01-00 12:30,35,6,2499,May,Monday,12,Afternoon,17.14285714,14994
SBP,Body Balance 7pm-8pm,04-04-18,01-01-00 19:00,35,30,2499,April,Wednesday,19,Evening,85.71428571,74970
SBP,Body Balance 7pm-8pm,11-04-18,01-01-00 19:00,35,33,2499,April,Wednesday,19,Evening,94.28571429,82467
SBP,Body Balance 7pm-8pm,18-04-18,01-01-00 19:00,35,30,2499,April,Wednesday,19,Evening,85.71428571,74970
SBP,Body Balance 7pm-8pm,25-04-18,01-01-00 19:00,35,33,2499,April,Wednesday,19,Evening,94.28571429,82467
SBP,Body Balance 7pm-8pm,02-05-18,01-01-00 19:00,35,29,2499,May,Wednesday,19,Evening,82.85714286,72471
SBP,Body Balance 7pm-8pm,09-05-18,01-01-00 19:00,35,29,2499,May,Wednesday,19,Evening,82.85714286,72471
SBP,Body Balance 7pm-8pm,16-05-18,01-01-00 19:00,35,28,2499,May,Wednesday,19,Evening,80,69972
SBP,Body Balance 7pm-8pm,23-05-18,01-01-00 19:00,35,18,2499,May,Wednesday,19,Evening,51.42857143,44982
SBP,Body Balance 7pm-8pm,30-05-18,01-01-00 19:00,35,24,2499,May,Wednesday,19,Evening,68.57142857,59976
SBP,Body Combat   5.00-6.00pm,09-04-18,01-01-00 17:00,35,14,1499,April,Monday,17,Evening,40,20986
SBP,Body Combat   5.00-6.00pm,16-04-18,01-01-00 17:00,35,15,1499,April,Monday,17,Evening,42.85714286,22485
SBP,Body Combat   5.00-6.00pm,23-04-18,01-01-00 17:00,35,17,1499,April,Monday,17,Evening,48.57142857,25483
SBP,Body Combat   5.00-6.00pm,30-04-18,01-01-00 17:00,35,15,1499,April,Monday,17,Evening,42.85714286,22485
SBP,Body Combat   5.00-6.00pm,14-05-18,01-01-00 17:00,35,14,1499,May,Monday,17,Evening,40,20986
SBP,Body Combat   5.00-6.00pm,21-05-18,01-01-00 17:00,35,13,1499,May,Monday,17,Evening,37.14285714,19487
BRP,Body Combat 10-11am,07-04-18,01-01-00 10:00,35,32,1499,April,Saturday,10,Morning,91.42857143,47968
BRP,Body Combat 10-11am,21-04-18,01-01-00 10:00,35,28,1499,April,Saturday,10,Morning,80,41972
BRP,Body Combat 10-11am,28-04-18,01-01-00 10:00,35,27,1499,April,Saturday,10,Morning,77.14285714,40473
BRP,Body Combat 10-11am,05-05-18,01-01-00 10:00,35,29,1499,May,Saturday,10,Morning,82.85714286,43471
BRP,Body Combat 10-11am,12-05-18,01-01-00 10:00,35,22,1499,May,Saturday,10,Morning,62.85714286,32978
BRP,Body Combat 10-11am,19-05-18,01-01-00 10:00,35,7,1499,May,Saturday,10,Morning,20,10493
SBP,Body Combat 10.00-11.00am,05-04-18,01-01-00 10:00,40,27,1499,April,Thursday,10,Morning,67.5,40473
SBP,Body Combat 10.00-11.00am,12-04-18,01-01-00 10:00,40,23,1499,April,Thursday,10,Morning,57.5,34477
SBP,Body Combat 10.00-11.00am,19-04-18,01-01-00 10:00,40,26,1499,April,Thursday,10,Morning,65,38974
SBP,Body Combat 10.00-11.00am,26-04-18,01-01-00 10:00,40,38,1499,April,Thursday,10,Morning,95,56962
SBP,Body Combat 10.00-11.00am,03-05-18,01-01-00 10:00,40,28,1499,May,Thursday,10,Morning,70,41972
SBP,Body Combat 10.00-11.00am,10-05-18,01-01-00 10:00,40,33,1499,May,Thursday,10,Morning,82.5,49467
SBP,Body Combat 10.00-11.00am,17-05-18,01-01-00 10:00,40,31,1499,May,Thursday,10,Morning,77.5,46469
SBP,Body Combat 10.00-11.00am,24-05-18,01-01-00 10:00,40,27,1499,May,Thursday,10,Morning,67.5,40473
SBP,Body Combat 10.00-11.00am,31-05-18,01-01-00 10:00,40,28,1499,May,Thursday,10,Morning,70,41972
BRP,Body Combat 10.30,26-05-18,01-01-00 10:30,35,25,1499,May,Saturday,10,Morning,71.42857143,37475
SBP,Body Combat 10.30-11.30,07-04-18,01-01-00 10:30,35,34,1499,April,Saturday,10,Morning,97.14285714,50966
SBP,Body Combat 10.30-11.30,21-04-18,01-01-00 10:30,35,25,1499,April,Saturday,10,Morning,71.42857143,37475
SBP,Body Combat 10.30-11.30,28-04-18,01-01-00 10:30,35,34,1499,April,Saturday,10,Morning,97.14285714,50966
SBP,Body Combat 10.30-11.30,05-05-18,01-01-00 10:30,35,32,1499,May,Saturday,10,Morning,91.42857143,47968
SBP,Body Combat 10.30-11.30,12-05-18,01-01-00 10:30,35,35,1499,May,Saturday,10,Morning,100,52465
SBP,Body Combat 10.30-11.30,19-05-18,01-01-00 10:30,35,24,1499,May,Saturday,10,Morning,68.57142857,35976
NBL,Body Combat 11-12pm,14-04-18,01-01-00 11:00,60,60,1499,April,Saturday,11,Morning,100,89940
SBP,Body Combat 11.30-12.30pm,02-04-18,01-01-00 11:30,35,26,1499,April,Monday,11,Morning,74.28571429,38974
SBP,Body Combat 11.30-12.30pm,09-04-18,01-01-00 11:30,35,6,1499,April,Monday,11,Morning,17.14285714,8994
SBP,Body Combat 11.30-12.30pm,16-04-18,01-01-00 11:30,35,7,1499,April,Monday,11,Morning,20,10493
SBP,Body Combat 11.30-12.30pm,23-04-18,01-01-00 11:30,35,8,1499,April,Monday,11,Morning,22.85714286,11992
SBP,Body Combat 11.30-12.30pm,30-04-18,01-01-00 11:30,35,7,1499,April,Monday,11,Morning,20,10493
SBP,Body Combat 11.30-12.30pm,07-05-18,01-01-00 11:30,35,12,1499,May,Monday,11,Morning,34.28571429,17988
SBP,Body Combat 11.30-12.30pm,14-05-18,01-01-00 11:30,35,9,1499,May,Monday,11,Morning,25.71428571,13491
SBP,Body Combat 11.30-12.30pm,21-05-18,01-01-00 11:30,35,11,1499,May,Monday,11,Morning,31.42857143,16489
SBP,Body Combat 11.30-12.30pm,28-05-18,01-01-00 11:30,35,16,1499,May,Monday,11,Morning,45.71428571,23984
BRP,Body Combat 5-6pm,06-04-18,01-01-00 17:00,35,27,1499,April,Friday,17,Evening,77.14285714,40473
BRP,Body Combat 5-6pm,13-04-18,01-01-00 17:00,35,29,1499,April,Friday,17,Evening,82.85714286,43471
BRP,Body Combat 5-6pm,20-04-18,01-01-00 17:00,35,26,1499,April,Friday,17,Evening,74.28571429,38974
BRP,Body Combat 5-6pm,27-04-18,01-01-00 17:00,35,32,1499,April,Friday,17,Evening,91.42857143,47968
BRP,Body Combat 5-6pm,04-05-18,01-01-00 17:00,35,31,1499,May,Friday,17,Evening,88.57142857,46469
BRP,Body Combat 5-6pm,11-05-18,01-01-00 17:00,35,29,1499,May,Friday,17,Evening,82.85714286,43471
BRP,Body Combat 5-6pm,18-05-18,01-01-00 17:00,35,28,1499,May,Friday,17,Evening,80,41972
BRP,Body Combat 5-6pm,25-05-18,01-01-00 17:00,35,27,1499,May,Friday,17,Evening,77.14285714,40473
SBP,Body Combat 5.00-6.00pm,04-04-18,01-01-00 17:00,35,31,1499,April,Wednesday,17,Evening,88.57142857,46469
SBP,Body Combat 5.00-6.00pm,11-04-18,01-01-00 17:00,35,28,1499,April,Wednesday,17,Evening,80,41972
SBP,Body Combat 5.00-6.00pm,18-04-18,01-01-00 17:00,35,26,1499,April,Wednesday,17,Evening,74.28571429,38974
SBP,Body Combat 5.00-6.00pm,25-04-18,01-01-00 17:00,35,32,1499,April,Wednesday,17,Evening,91.42857143,47968
SBP,Body Combat 5.00-6.00pm,02-05-18,01-01-00 17:00,35,29,1499,May,Wednesday,17,Evening,82.85714286,43471
SBP,Body Combat 5.00-6.00pm,09-05-18,01-01-00 17:00,35,22,1499,May,Wednesday,17,Evening,62.85714286,32978
SBP,Body Combat 5.00-6.00pm,16-05-18,01-01-00 17:00,35,26,1499,May,Wednesday,17,Evening,74.28571429,38974
SBP,Body Combat 5.00-6.00pm,23-05-18,01-01-00 17:00,35,27,1499,May,Wednesday,17,Evening,77.14285714,40473
SBP,Body Combat 5.00-6.00pm,30-05-18,01-01-00 17:00,35,29,1499,May,Wednesday,17,Evening,82.85714286,43471
NBL,Body Combat 5.30-6.30pm,05-04-18,01-01-00 17:30,60,15,1499,April,Thursday,17,Evening,25,22485
NBL,Body Combat 5.30-6.30pm,12-04-18,01-01-00 17:30,60,11,1499,April,Thursday,17,Evening,18.33333333,16489
NBL,Body Combat 5.30-6.30pm,19-04-18,01-01-00 17:30,60,17,1499,April,Thursday,17,Evening,28.33333333,25483
NBL,Body Combat 5.30-6.30pm,26-04-18,01-01-00 17:30,60,15,1499,April,Thursday,17,Evening,25,22485
NBL,Body Combat 5.30-6.30pm,03-05-18,01-01-00 17:30,60,13,1499,May,Thursday,17,Evening,21.66666667,19487
NBL,Body Combat 5.30-6.30pm,10-05-18,01-01-00 17:30,60,14,1499,May,Thursday,17,Evening,23.33333333,20986
NBL,Body Combat 5.30-6.30pm,17-05-18,01-01-00 17:30,60,11,1499,May,Thursday,17,Evening,18.33333333,16489
NBL,Body Combat 5.30-6.30pm,24-05-18,01-01-00 17:30,60,11,1499,May,Thursday,17,Evening,18.33333333,16489
NBL,Body Combat 5.30-6.30pm,31-05-18,01-01-00 17:30,60,15,1499,May,Thursday,17,Evening,25,22485
NBL,Body Combat 5.45-6.45pm,04-04-18,01-01-00 17:45,60,19,1499,April,Wednesday,17,Evening,31.66666667,28481
NBL,Body Combat 5.45-6.45pm,11-04-18,01-01-00 17:45,60,33,1499,April,Wednesday,17,Evening,55,49467
NBL,Body Combat 5.45-6.45pm,18-04-18,01-01-00 17:45,60,21,1499,April,Wednesday,17,Evening,35,31479
NBL,Body Combat 5.45-6.45pm,25-04-18,01-01-00 17:45,60,19,1499,April,Wednesday,17,Evening,31.66666667,28481
NBL,Body Combat 5.45-6.45pm,02-05-18,01-01-00 17:45,60,23,1499,May,Wednesday,17,Evening,38.33333333,34477
NBL,Body Combat 5.45-6.45pm,09-05-18,01-01-00 17:45,60,20,1499,May,Wednesday,17,Evening,33.33333333,29980
NBL,Body Combat 5.45-6.45pm,16-05-18,01-01-00 17:45,60,16,1499,May,Wednesday,17,Evening,26.66666667,23984
NBL,Body Combat 5.45-6.45pm,23-05-18,01-01-00 17:45,60,14,1499,May,Wednesday,17,Evening,23.33333333,20986
NBL,Body Combat 5.45-6.45pm,30-05-18,01-01-00 17:45,60,20,1499,May,Wednesday,17,Evening,33.33333333,29980
SBP,Body Combat 6-7.00pm,06-04-18,01-01-00 18:00,35,29,1499,April,Friday,18,Evening,82.85714286,43471
SBP,Body Combat 6-7.00pm,13-04-18,01-01-00 18:00,35,30,1499,April,Friday,18,Evening,85.71428571,44970
SBP,Body Combat 6-7.00pm,20-04-18,01-01-00 18:00,35,27,1499,April,Friday,18,Evening,77.14285714,40473
SBP,Body Combat 6-7.00pm,27-04-18,01-01-00 18:00,35,25,1499,April,Friday,18,Evening,71.42857143,37475
SBP,Body Combat 6-7.00pm,04-05-18,01-01-00 18:00,35,34,1499,May,Friday,18,Evening,97.14285714,50966
SBP,Body Combat 6-7.00pm,11-05-18,01-01-00 18:00,35,28,1499,May,Friday,18,Evening,80,41972
SBP,Body Combat 6-7.00pm,18-05-18,01-01-00 18:00,35,27,1499,May,Friday,18,Evening,77.14285714,40473
SBP,Body Combat 6-7.00pm,25-05-18,01-01-00 18:00,35,28,1499,May,Friday,18,Evening,80,41972
BRP,Body Combat 6.00-7.00pm,05-04-18,01-01-00 18:00,35,31,1499,April,Thursday,18,Evening,88.57142857,46469
BRP,Body Combat 6.00-7.00pm,12-04-18,01-01-00 18:00,35,25,1499,April,Thursday,18,Evening,71.42857143,37475
BRP,Body Combat 6.00-7.00pm,19-04-18,01-01-00 18:00,35,24,1499,April,Thursday,18,Evening,68.57142857,35976
BRP,Body Combat 6.00-7.00pm,26-04-18,01-01-00 18:00,35,28,1499,April,Thursday,18,Evening,80,41972
BRP,Body Combat 6.00-7.00pm,03-05-18,01-01-00 18:00,35,26,1499,May,Thursday,18,Evening,74.28571429,38974
BRP,Body Combat 6.00-7.00pm,17-05-18,01-01-00 18:00,35,30,1499,May,Thursday,18,Evening,85.71428571,44970
BRP,Body Combat 6.00-7.00pm,24-05-18,01-01-00 18:00,35,23,1499,May,Thursday,18,Evening,65.71428571,34477
BRP,Body Combat 6.00-7.00pm,31-05-18,01-01-00 18:00,35,31,1499,May,Thursday,18,Evening,88.57142857,46469
NBL,Body Combat 6.45-7.45pm,09-04-18,01-01-00 18:45,60,22,1499,April,Monday,18,Evening,36.66666667,32978
NBL,Body Combat 6.45-7.45pm,16-04-18,01-01-00 18:45,60,17,1499,April,Monday,18,Evening,28.33333333,25483
NBL,Body Combat 6.45-7.45pm,23-04-18,01-01-00 18:45,60,16,1499,April,Monday,18,Evening,26.66666667,23984
NBL,Body Combat 6.45-7.45pm,30-04-18,01-01-00 18:45,60,18,1499,April,Monday,18,Evening,30,26982
NBL,Body Combat 6.45-7.45pm,07-05-18,01-01-00 17:30,60,4,1499,May,Monday,17,Evening,6.666666667,5996
NBL,Body Combat 6.45-7.45pm,14-05-18,01-01-00 18:45,60,11,1499,May,Monday,18,Evening,18.33333333,16489
NBL,Body Combat 6.45-7.45pm,21-05-18,01-01-00 18:45,60,10,1499,May,Monday,18,Evening,16.66666667,14990
BRP,Body Combat 7.00-8.00am,09-04-18,01-01-00 7:00,35,11,1499,April,Monday,7,Morning,31.42857143,16489
BRP,Body Combat 7.00-8.00am,16-04-18,01-01-00 7:00,35,15,1499,April,Monday,7,Morning,42.85714286,22485
BRP,Body Combat 7.00-8.00am,23-04-18,01-01-00 7:00,35,11,1499,April,Monday,7,Morning,31.42857143,16489
BRP,Body Combat 7.00-8.00am,30-04-18,01-01-00 7:00,35,11,1499,April,Monday,7,Morning,31.42857143,16489
BRP,Body Combat 7.00-8.00am,14-05-18,01-01-00 7:00,35,11,1499,May,Monday,7,Morning,31.42857143,16489
BRP,Body Combat 7.00-8.00am,21-05-18,01-01-00 7:00,35,11,1499,May,Monday,7,Morning,31.42857143,16489
BRP,Body Combat 7.00-8.00pm,09-04-18,01-01-00 19:00,35,33,1499,April,Monday,19,Evening,94.28571429,49467
BRP,Body Combat 7.00-8.00pm,16-04-18,01-01-00 19:00,35,31,1499,April,Monday,19,Evening,88.57142857,46469
BRP,Body Combat 7.00-8.00pm,23-04-18,01-01-00 19:00,35,32,1499,April,Monday,19,Evening,91.42857143,47968
BRP,Body Combat 7.00-8.00pm,30-04-18,01-01-00 19:00,35,29,1499,April,Monday,19,Evening,82.85714286,43471
BRP,Body Combat 7.00-8.00pm,14-05-18,01-01-00 19:00,35,33,1499,May,Monday,19,Evening,94.28571429,49467
BRP,Body Combat 7.00-8.00pm,21-05-18,01-01-00 19:00,35,30,1499,May,Monday,19,Evening,85.71428571,44970
SBP,Body Combat 7.00-8.00pm,03-04-18,01-01-00 19:00,35,32,1499,April,Tuesday,19,Evening,91.42857143,47968
SBP,Body Combat 7.00-8.00pm,09-04-18,01-01-00 19:00,40,31,1499,April,Monday,19,Evening,77.5,46469
SBP,Body Combat 7.00-8.00pm,10-04-18,01-01-00 19:00,35,31,1499,April,Tuesday,19,Evening,88.57142857,46469
SBP,Body Combat 7.00-8.00pm,16-04-18,01-01-00 19:00,40,32,1499,April,Monday,19,Evening,80,47968
SBP,Body Combat 7.00-8.00pm,17-04-18,01-01-00 19:00,35,27,1499,April,Tuesday,19,Evening,77.14285714,40473
SBP,Body Combat 7.00-8.00pm,23-04-18,01-01-00 19:00,40,37,1499,April,Monday,19,Evening,92.5,55463
SBP,Body Combat 7.00-8.00pm,24-04-18,01-01-00 19:00,35,31,1499,April,Tuesday,19,Evening,88.57142857,46469
SBP,Body Combat 7.00-8.00pm,30-04-18,01-01-00 19:00,40,33,1499,April,Monday,19,Evening,82.5,49467
SBP,Body Combat 7.00-8.00pm,01-05-18,01-01-00 19:00,35,30,1499,May,Tuesday,19,Evening,85.71428571,44970
SBP,Body Combat 7.00-8.00pm,08-05-18,01-01-00 19:00,35,24,1499,May,Tuesday,19,Evening,68.57142857,35976
SBP,Body Combat 7.00-8.00pm,14-05-18,01-01-00 19:00,40,32,1499,May,Monday,19,Evening,80,47968
SBP,Body Combat 7.00-8.00pm,15-05-18,01-01-00 19:00,35,30,1499,May,Tuesday,19,Evening,85.71428571,44970
SBP,Body Combat 7.00-8.00pm,21-05-18,01-01-00 19:00,40,33,1499,May,Monday,19,Evening,82.5,49467
SBP,Body Combat 7.00-8.00pm,22-05-18,01-01-00 19:00,35,25,1499,May,Tuesday,19,Evening,71.42857143,37475
SBP,Body Combat 7.00-8.00pm,29-05-18,01-01-00 19:00,35,29,1499,May,Tuesday,19,Evening,82.85714286,43471
BRP,Body Combat 9-10am,01-04-18,01-01-00 9:00,35,29,1499,April,Sunday,9,Morning,82.85714286,43471
BRP,Body Combat 9-10am,08-04-18,01-01-00 9:00,35,27,1499,April,Sunday,9,Morning,77.14285714,40473
BRP,Body Combat 9-10am,15-04-18,01-01-00 9:00,35,31,1499,April,Sunday,9,Morning,88.57142857,46469
BRP,Body Combat 9-10am,22-04-18,01-01-00 9:00,35,32,1499,April,Sunday,9,Morning,91.42857143,47968
BRP,Body Combat 9-10am,29-04-18,01-01-00 9:00,35,31,1499,April,Sunday,9,Morning,88.57142857,46469
BRP,Body Combat 9-10am,06-05-18,01-01-00 9:00,35,25,1499,May,Sunday,9,Morning,71.42857143,37475
BRP,Body Combat 9-10am,13-05-18,01-01-00 9:00,35,30,1499,May,Sunday,9,Morning,85.71428571,44970
BRP,Body Combat 9-10am,20-05-18,01-01-00 9:00,35,29,1499,May,Sunday,9,Morning,82.85714286,43471
BRP,Body Combat 9-10am,27-05-18,01-01-00 9:00,35,27,1499,May,Sunday,9,Morning,77.14285714,40473
SBP,Body Combat 9.15-10.15am,01-04-18,01-01-00 9:15,35,28,1499,April,Sunday,9,Morning,80,41972
SBP,Body Combat 9.15-10.15am,08-04-18,01-01-00 9:15,35,35,1499,April,Sunday,9,Morning,100,52465
SBP,Body Combat 9.15-10.15am,15-04-18,01-01-00 9:15,35,33,1499,April,Sunday,9,Morning,94.28571429,49467
SBP,Body Combat 9.15-10.15am,22-04-18,01-01-00 9:15,35,35,1499,April,Sunday,9,Morning,100,52465
SBP,Body Combat 9.15-10.15am,29-04-18,01-01-00 9:15,35,35,1499,April,Sunday,9,Morning,100,52465
SBP,Body Combat 9.15-10.15am,06-05-18,01-01-00 9:15,35,35,1499,May,Sunday,9,Morning,100,52465
SBP,Body Combat 9.15-10.15am,13-05-18,01-01-00 9:15,35,28,1499,May,Sunday,9,Morning,80,41972
SBP,Body Combat 9.15-10.15am,20-05-18,01-01-00 9:15,35,35,1499,May,Sunday,9,Morning,100,52465
SBP,Body Combat 9.15-10.15am,27-05-18,01-01-00 9:15,35,32,1499,May,Sunday,9,Morning,91.42857143,47968
TSC,Body Con 09.30-10.30am,02-04-18,01-01-00 9:30,24,19,1299,April,Monday,9,Morning,79.16666667,24681
TSC,Body Con 09.30-10.30am,09-04-18,01-01-00 9:30,24,17,1299,April,Monday,9,Morning,70.83333333,22083
TSC,Body Con 09.30-10.30am,16-04-18,01-01-00 9:30,24,20,1299,April,Monday,9,Morning,83.33333333,25980
TSC,Body Con 09.30-10.30am,23-04-18,01-01-00 9:30,24,21,1299,April,Monday,9,Morning,87.5,27279
TSC,Body Con 09.30-10.30am,30-04-18,01-01-00 9:30,24,24,1299,April,Monday,9,Morning,100,31176
TSC,Body Con 09.30-10.30am,07-05-18,01-01-00 9:30,24,23,1299,May,Monday,9,Morning,95.83333333,29877
TSC,Body Con 09.30-10.30am,14-05-18,01-01-00 9:30,24,22,1299,May,Monday,9,Morning,91.66666667,28578
TSC,Body Con 09.30-10.30am,21-05-18,01-01-00 9:30,24,16,1299,May,Monday,9,Morning,66.66666667,20784
TSC,Body Con 09.30-10.30am,28-05-18,01-01-00 9:30,24,19,1299,May,Monday,9,Morning,79.16666667,24681
TSC,Body Con 1.45-2.30pm,06-04-18,01-01-00 13:45,24,6,1299,April,Friday,13,Afternoon,25,7794
TSC,Body Con 1.45-2.30pm,13-04-18,01-01-00 13:45,24,6,1299,April,Friday,13,Afternoon,25,7794
TSC,Body Con 1.45-2.30pm,20-04-18,01-01-00 13:45,24,9,1299,April,Friday,13,Afternoon,37.5,11691
TSC,Body Con 1.45-2.30pm,27-04-18,01-01-00 13:45,24,6,1299,April,Friday,13,Afternoon,25,7794
TSC,Body Con 1.45-2.30pm,04-05-18,01-01-00 13:45,24,1,1299,May,Friday,13,Afternoon,4.166666667,1299
TSC,Body Con 1.45-2.30pm,11-05-18,01-01-00 13:45,24,7,1299,May,Friday,13,Afternoon,29.16666667,9093
TSC,Body Con 1.45-2.30pm,18-05-18,01-01-00 13:45,24,5,1299,May,Friday,13,Afternoon,20.83333333,6495
TSC,Body Con 1.45-2.30pm,25-05-18,01-01-00 13:45,24,7,1299,May,Friday,13,Afternoon,29.16666667,9093
SBP,Body Con 10.30-11.30am,01-04-18,01-01-00 10:30,40,24,1299,April,Sunday,10,Morning,60,31176
SBP,Body Con 10.30-11.30am,02-04-18,01-01-00 10:30,35,18,1299,April,Monday,10,Morning,51.42857143,23382
SBP,Body Con 10.30-11.30am,08-04-18,01-01-00 10:30,40,23,1299,April,Sunday,10,Morning,57.5,29877
SBP,Body Con 10.30-11.30am,09-04-18,01-01-00 10:30,35,21,1299,April,Monday,10,Morning,60,27279
SBP,Body Con 10.30-11.30am,15-04-18,01-01-00 10:30,40,29,1299,April,Sunday,10,Morning,72.5,37671
SBP,Body Con 10.30-11.30am,16-04-18,01-01-00 10:30,35,19,1299,April,Monday,10,Morning,54.28571429,24681
SBP,Body Con 10.30-11.30am,22-04-18,01-01-00 10:30,40,26,1299,April,Sunday,10,Morning,65,33774
SBP,Body Con 10.30-11.30am,23-04-18,01-01-00 10:30,35,22,1299,April,Monday,10,Morning,62.85714286,28578
SBP,Body Con 10.30-11.30am,29-04-18,01-01-00 10:30,40,29,1299,April,Sunday,10,Morning,72.5,37671
SBP,Body Con 10.30-11.30am,30-04-18,01-01-00 10:30,35,24,1299,April,Monday,10,Morning,68.57142857,31176
SBP,Body Con 10.30-11.30am,06-05-18,01-01-00 10:30,40,19,1299,May,Sunday,10,Morning,47.5,24681
SBP,Body Con 10.30-11.30am,07-05-18,01-01-00 10:30,35,26,1299,May,Monday,10,Morning,74.28571429,33774
SBP,Body Con 10.30-11.30am,13-05-18,01-01-00 10:30,40,28,1299,May,Sunday,10,Morning,70,36372
SBP,Body Con 10.30-11.30am,14-05-18,01-01-00 10:30,35,22,1299,May,Monday,10,Morning,62.85714286,28578
SBP,Body Con 10.30-11.30am,20-05-18,01-01-00 10:30,40,24,1299,May,Sunday,10,Morning,60,31176
SBP,Body Con 10.30-11.30am,21-05-18,01-01-00 10:30,35,17,1299,May,Monday,10,Morning,48.57142857,22083
SBP,Body Con 10.30-11.30am,27-05-18,01-01-00 10:30,40,25,1299,May,Sunday,10,Morning,62.5,32475
SBP,Body Con 10.30-11.30am,28-05-18,01-01-00 10:30,35,27,1299,May,Monday,10,Morning,77.14285714,35073
TSC,Body Con 11.30am-12.30pm,04-04-18,01-01-00 11:30,24,6,1299,April,Wednesday,11,Morning,25,7794
TSC,Body Con 11.30am-12.30pm,11-04-18,01-01-00 11:30,24,8,1299,April,Wednesday,11,Morning,33.33333333,10392
TSC,Body Con 11.30am-12.30pm,18-04-18,01-01-00 11:30,24,10,1299,April,Wednesday,11,Morning,41.66666667,12990
TSC,Body Con 11.30am-12.30pm,25-04-18,01-01-00 11:30,24,11,1299,April,Wednesday,11,Morning,45.83333333,14289
TSC,Body Con 11.30am-12.30pm,02-05-18,01-01-00 11:30,24,12,1299,May,Wednesday,11,Morning,50,15588
TSC,Body Con 11.30am-12.30pm,09-05-18,01-01-00 11:30,24,12,1299,May,Wednesday,11,Morning,50,15588
TSC,Body Con 11.30am-12.30pm,16-05-18,01-01-00 11:30,24,13,1299,May,Wednesday,11,Morning,54.16666667,16887
TSC,Body Con 11.30am-12.30pm,23-05-18,01-01-00 11:30,24,11,1299,May,Wednesday,11,Morning,45.83333333,14289
TSC,Body Con 11.30am-12.30pm,30-05-18,01-01-00 11:30,24,11,1299,May,Wednesday,11,Morning,45.83333333,14289
BRP,Body Con 4.30-5.30pm,04-04-18,01-01-00 16:30,35,26,1299,April,Wednesday,16,Afternoon,74.28571429,33774
BRP,Body Con 4.30-5.30pm,11-04-18,01-01-00 16:30,35,21,1299,April,Wednesday,16,Afternoon,60,27279
BRP,Body Con 4.30-5.30pm,18-04-18,01-01-00 16:30,35,20,1299,April,Wednesday,16,Afternoon,57.14285714,25980
BRP,Body Con 4.30-5.30pm,25-04-18,01-01-00 16:30,35,19,1299,April,Wednesday,16,Afternoon,54.28571429,24681
BRP,Body Con 4.30-5.30pm,02-05-18,01-01-00 16:30,35,22,1299,May,Wednesday,16,Afternoon,62.85714286,28578
BRP,Body Con 4.30-5.30pm,16-05-18,01-01-00 16:30,35,27,1299,May,Wednesday,16,Afternoon,77.14285714,35073
BRP,Body Con 4.30-5.30pm,23-05-18,01-01-00 16:30,35,17,1299,May,Wednesday,16,Afternoon,48.57142857,22083
BRP,Body Con 4.30-5.30pm,30-05-18,01-01-00 16:30,35,24,1299,May,Wednesday,16,Afternoon,68.57142857,31176
BRP,Body Cond  11-12noon,02-04-18,01-01-00 11:00,35,26,1299,April,Monday,11,Morning,74.28571429,33774
BRP,Body Cond  11-12noon,09-04-18,01-01-00 11:00,35,18,1299,April,Monday,11,Morning,51.42857143,23382
BRP,Body Cond  11-12noon,16-04-18,01-01-00 11:00,35,22,1299,April,Monday,11,Morning,62.85714286,28578
BRP,Body Cond  11-12noon,23-04-18,01-01-00 11:00,35,18,1299,April,Monday,11,Morning,51.42857143,23382
BRP,Body Cond  11-12noon,30-04-18,01-01-00 11:00,35,27,1299,April,Monday,11,Morning,77.14285714,35073
BRP,Body Cond  11-12noon,07-05-18,01-01-00 11:00,35,23,1299,May,Monday,11,Morning,65.71428571,29877
BRP,Body Cond  11-12noon,14-05-18,01-01-00 11:00,35,19,1299,May,Monday,11,Morning,54.28571429,24681
BRP,Body Cond  11-12noon,28-05-18,01-01-00 11:00,35,18,1299,May,Monday,11,Morning,51.42857143,23382
SBP,Body Cond 10-11am,06-04-18,01-01-00 10:00,35,29,1299,April,Friday,10,Morning,82.85714286,37671
SBP,Body Cond 10-11am,13-04-18,01-01-00 10:00,35,15,1299,April,Friday,10,Morning,42.85714286,19485
SBP,Body Cond 10-11am,20-04-18,01-01-00 10:00,35,27,1299,April,Friday,10,Morning,77.14285714,35073
SBP,Body Cond 10-11am,27-04-18,01-01-00 10:00,35,31,1299,April,Friday,10,Morning,88.57142857,40269
SBP,Body Cond 10-11am,04-05-18,01-01-00 10:00,35,31,1299,May,Friday,10,Morning,88.57142857,40269
SBP,Body Cond 10-11am,11-05-18,01-01-00 10:00,35,32,1299,May,Friday,10,Morning,91.42857143,41568
SBP,Body Cond 10-11am,25-05-18,01-01-00 10:00,35,21,1299,May,Friday,10,Morning,60,27279
SBP,Body Cond 10.30-11.30am,04-04-18,01-01-00 10:30,35,20,1299,April,Wednesday,10,Morning,57.14285714,25980
SBP,Body Cond 10.30-11.30am,11-04-18,01-01-00 10:30,35,25,1299,April,Wednesday,10,Morning,71.42857143,32475
SBP,Body Cond 10.30-11.30am,18-04-18,01-01-00 10:30,35,27,1299,April,Wednesday,10,Morning,77.14285714,35073
SBP,Body Cond 10.30-11.30am,25-04-18,01-01-00 10:30,35,33,1299,April,Wednesday,10,Morning,94.28571429,42867
SBP,Body Cond 10.30-11.30am,02-05-18,01-01-00 10:30,35,24,1299,May,Wednesday,10,Morning,68.57142857,31176
SBP,Body Cond 10.30-11.30am,09-05-18,01-01-00 10:30,35,31,1299,May,Wednesday,10,Morning,88.57142857,40269
SBP,Body Cond 10.30-11.30am,16-05-18,01-01-00 10:30,35,23,1299,May,Wednesday,10,Morning,65.71428571,29877
SBP,Body Cond 10.30-11.30am,23-05-18,01-01-00 10:30,35,21,1299,May,Wednesday,10,Morning,60,27279
SBP,Body Cond 10.30-11.30am,30-05-18,01-01-00 10:30,35,16,1299,May,Wednesday,10,Morning,45.71428571,20784
BRP,Body Cond 11-12,07-04-18,01-01-00 11:00,35,28,1299,April,Saturday,11,Morning,80,36372
BRP,Body Cond 11-12,21-04-18,01-01-00 11:00,35,27,1299,April,Saturday,11,Morning,77.14285714,35073
BRP,Body Cond 11-12,28-04-18,01-01-00 11:00,35,26,1299,April,Saturday,11,Morning,74.28571429,33774
BRP,Body Cond 11-12,05-05-18,01-01-00 11:00,35,21,1299,May,Saturday,11,Morning,60,27279
BRP,Body Cond 11-12,12-05-18,01-01-00 11:00,35,18,1299,May,Saturday,11,Morning,51.42857143,23382
BRP,Body Cond 11-12,19-05-18,01-01-00 11:00,35,12,1299,May,Saturday,11,Morning,34.28571429,15588
HXP,Body Cond 12.00 - 1.00pm,06-04-18,01-01-00 12:00,25,22,1299,April,Friday,12,Afternoon,88,28578
HXP,Body Cond 12.00 - 1.00pm,13-04-18,01-01-00 12:00,25,21,1299,April,Friday,12,Afternoon,84,27279
HXP,Body Cond 12.00 - 1.00pm,20-04-18,01-01-00 12:00,25,15,1299,April,Friday,12,Afternoon,60,19485
HXP,Body Cond 12.00 - 1.00pm,27-04-18,01-01-00 12:00,25,25,1299,April,Friday,12,Afternoon,100,32475
HXP,Body Cond 12.00 - 1.00pm,04-05-18,01-01-00 12:00,25,25,1299,May,Friday,12,Afternoon,100,32475
HXP,Body Cond 12.00 - 1.00pm,11-05-18,01-01-00 12:00,25,18,1299,May,Friday,12,Afternoon,72,23382
HXP,Body Cond 12.00 - 1.00pm,18-05-18,01-01-00 12:00,25,25,1299,May,Friday,12,Afternoon,100,32475
BRP,Body Cond 12.00-12.45pm,04-04-18,01-01-00 12:00,35,18,1299,April,Wednesday,12,Afternoon,51.42857143,23382
BRP,Body Cond 12.00-12.45pm,11-04-18,01-01-00 12:00,35,12,1299,April,Wednesday,12,Afternoon,34.28571429,15588
BRP,Body Cond 12.00-12.45pm,25-04-18,01-01-00 12:00,35,12,1299,April,Wednesday,12,Afternoon,34.28571429,15588
BRP,Body Cond 12.00-12.45pm,02-05-18,01-01-00 12:00,35,13,1299,May,Wednesday,12,Afternoon,37.14285714,16887
BRP,Body Cond 12.00-12.45pm,09-05-18,01-01-00 12:00,35,17,1299,May,Wednesday,12,Afternoon,48.57142857,22083
BRP,Body Cond 12.00-12.45pm,16-05-18,01-01-00 12:00,35,11,1299,May,Wednesday,12,Afternoon,31.42857143,14289
BRP,Body Cond 12.00-12.45pm,23-05-18,01-01-00 12:00,35,17,1299,May,Wednesday,12,Afternoon,48.57142857,22083
BRP,Body Cond 12.00-12.45pm,30-05-18,01-01-00 12:00,35,16,1299,May,Wednesday,12,Afternoon,45.71428571,20784
NBL,Body Cond 12.45-1.45pm,06-04-18,01-01-00 12:45,60,6,1299,April,Friday,12,Afternoon,10,7794
NBL,Body Cond 12.45-1.45pm,13-04-18,01-01-00 12:45,60,11,1299,April,Friday,12,Afternoon,18.33333333,14289
NBL,Body Cond 12.45-1.45pm,20-04-18,01-01-00 12:45,60,12,1299,April,Friday,12,Afternoon,20,15588
NBL,Body Cond 12.45-1.45pm,27-04-18,01-01-00 12:45,60,8,1299,April,Friday,12,Afternoon,13.33333333,10392
NBL,Body Cond 12.45-1.45pm,11-05-18,01-01-00 12:45,60,5,1299,May,Friday,12,Afternoon,8.333333333,6495
NBL,Body Cond 12.45-1.45pm,25-05-18,01-01-00 12:45,60,8,1299,May,Friday,12,Afternoon,13.33333333,10392
HXP,Body Cond 3.50pm - 4.50pm,08-04-18,01-01-00 15:50,25,13,1299,April,Sunday,15,Afternoon,52,16887
HXP,Body Cond 3.50pm - 4.50pm,15-04-18,01-01-00 15:50,25,14,1299,April,Sunday,15,Afternoon,56,18186
HXP,Body Cond 3.50pm - 4.50pm,22-04-18,01-01-00 15:50,25,11,1299,April,Sunday,15,Afternoon,44,14289
HXP,Body Cond 3.50pm - 4.50pm,29-04-18,01-01-00 15:50,25,7,1299,April,Sunday,15,Afternoon,28,9093
HXP,Body Cond 3.50pm - 4.50pm,13-05-18,01-01-00 15:50,25,6,1299,May,Sunday,15,Afternoon,24,7794
HXP,Body Cond 3.50pm - 4.50pm,20-05-18,01-01-00 15:50,25,8,1299,May,Sunday,15,Afternoon,32,10392
HXP,Body Cond 3.50pm - 4.50pm,27-05-18,01-01-00 15:50,25,3,1299,May,Sunday,15,Afternoon,12,3897
SBP,Body Cond 5.00-6.00pm,03-04-18,01-01-00 17:00,35,18,1299,April,Tuesday,17,Evening,51.42857143,23382
SBP,Body Cond 5.00-6.00pm,10-04-18,01-01-00 17:00,35,18,1299,April,Tuesday,17,Evening,51.42857143,23382
SBP,Body Cond 5.00-6.00pm,17-04-18,01-01-00 17:00,35,20,1299,April,Tuesday,17,Evening,57.14285714,25980
SBP,Body Cond 5.00-6.00pm,24-04-18,01-01-00 17:00,35,20,1299,April,Tuesday,17,Evening,57.14285714,25980
SBP,Body Cond 5.00-6.00pm,01-05-18,01-01-00 17:00,35,30,1299,May,Tuesday,17,Evening,85.71428571,38970
SBP,Body Cond 5.00-6.00pm,08-05-18,01-01-00 17:00,35,24,1299,May,Tuesday,17,Evening,68.57142857,31176
SBP,Body Cond 5.00-6.00pm,15-05-18,01-01-00 17:00,35,27,1299,May,Tuesday,17,Evening,77.14285714,35073
SBP,Body Cond 5.00-6.00pm,22-05-18,01-01-00 17:00,35,26,1299,May,Tuesday,17,Evening,74.28571429,33774
SBP,Body Cond 5.00-6.00pm,29-05-18,01-01-00 17:00,35,17,1299,May,Tuesday,17,Evening,48.57142857,22083
NBL,Body Cond 6.30-7.30pm,03-04-18,01-01-00 18:30,60,33,1299,April,Tuesday,18,Evening,55,42867
NBL,Body Cond 6.30-7.30pm,10-04-18,01-01-00 18:30,60,34,1299,April,Tuesday,18,Evening,56.66666667,44166
NBL,Body Cond 6.30-7.30pm,17-04-18,01-01-00 18:30,60,36,1299,April,Tuesday,18,Evening,60,46764
NBL,Body Cond 6.30-7.30pm,24-04-18,01-01-00 18:30,60,45,1299,April,Tuesday,18,Evening,75,58455
NBL,Body Cond 6.30-7.30pm,01-05-18,01-01-00 18:30,60,35,1299,May,Tuesday,18,Evening,58.33333333,45465
NBL,Body Cond 6.30-7.30pm,08-05-18,01-01-00 18:30,60,26,1299,May,Tuesday,18,Evening,43.33333333,33774
NBL,Body Cond 6.30-7.30pm,15-05-18,01-01-00 18:30,60,35,1299,May,Tuesday,18,Evening,58.33333333,45465
NBL,Body Cond 6.30-7.30pm,22-05-18,01-01-00 18:30,60,29,1299,May,Tuesday,18,Evening,48.33333333,37671
NBL,Body Cond 6.30-7.30pm,29-05-18,01-01-00 18:30,60,21,1299,May,Tuesday,18,Evening,35,27279
HXP,Body Cond 7.30-8.30pm,04-04-18,01-01-00 19:30,25,17,1299,April,Wednesday,19,Evening,68,22083
HXP,Body Cond 7.30-8.30pm,09-04-18,01-01-00 19:30,25,16,1299,April,Monday,19,Evening,64,20784
HXP,Body Cond 7.30-8.30pm,11-04-18,01-01-00 19:30,25,20,1299,April,Wednesday,19,Evening,80,25980
HXP,Body Cond 7.30-8.30pm,16-04-18,01-01-00 19:30,25,19,1299,April,Monday,19,Evening,76,24681
HXP,Body Cond 7.30-8.30pm,18-04-18,01-01-00 19:30,25,19,1299,April,Wednesday,19,Evening,76,24681
HXP,Body Cond 7.30-8.30pm,23-04-18,01-01-00 19:30,25,24,1299,April,Monday,19,Evening,96,31176
HXP,Body Cond 7.30-8.30pm,25-04-18,01-01-00 19:30,25,15,1299,April,Wednesday,19,Evening,60,19485
HXP,Body Cond 7.30-8.30pm,30-04-18,01-01-00 19:30,25,18,1299,April,Monday,19,Evening,72,23382
HXP,Body Cond 7.30-8.30pm,02-05-18,01-01-00 19:30,25,22,1299,May,Wednesday,19,Evening,88,28578
HXP,Body Cond 7.30-8.30pm,09-05-18,01-01-00 19:30,25,25,1299,May,Wednesday,19,Evening,100,32475
HXP,Body Cond 7.30-8.30pm,14-05-18,01-01-00 19:30,25,26,1299,May,Monday,19,Evening,104,33774
HXP,Body Cond 7.30-8.30pm,16-05-18,01-01-00 19:30,25,21,1299,May,Wednesday,19,Evening,84,27279
HXP,Body Cond 7.30-8.30pm,21-05-18,01-01-00 19:30,25,25,1299,May,Monday,19,Evening,100,32475
HXP,Body Cond 7.30-8.30pm,23-05-18,01-01-00 19:30,25,20,1299,May,Wednesday,19,Evening,80,25980
BRP,Body Cond 8.00-9.00pm,09-04-18,01-01-00 20:00,35,32,1299,April,Monday,20,Evening,91.42857143,41568
BRP,Body Cond 8.00-9.00pm,16-04-18,01-01-00 20:00,35,30,1299,April,Monday,20,Evening,85.71428571,38970
BRP,Body Cond 8.00-9.00pm,23-04-18,01-01-00 20:00,35,32,1299,April,Monday,20,Evening,91.42857143,41568
BRP,Body Cond 8.00-9.00pm,30-04-18,01-01-00 20:00,35,34,1299,April,Monday,20,Evening,97.14285714,44166
BRP,Body Cond 8.00-9.00pm,14-05-18,01-01-00 20:00,35,24,1299,May,Monday,20,Evening,68.57142857,31176
BRP,Body Cond 8.00-9.00pm,21-05-18,01-01-00 20:00,35,32,1299,May,Monday,20,Evening,91.42857143,41568
TSC,Body Cond 9.30-10.15am,07-04-18,01-01-00 9:30,24,10,1299,April,Saturday,9,Morning,41.66666667,12990
TSC,Body Cond 9.30-10.15am,14-04-18,01-01-00 9:30,24,9,1299,April,Saturday,9,Morning,37.5,11691
TSC,Body Cond 9.30-10.15am,21-04-18,01-01-00 9:30,24,8,1299,April,Saturday,9,Morning,33.33333333,10392
TSC,Body Cond 9.30-10.15am,28-04-18,01-01-00 9:30,24,12,1299,April,Saturday,9,Morning,50,15588
TSC,Body Cond 9.30-10.15am,05-05-18,01-01-00 9:30,24,18,1299,May,Saturday,9,Morning,75,23382
TSC,Body Cond 9.30-10.15am,12-05-18,01-01-00 9:30,24,12,1299,May,Saturday,9,Morning,50,15588
TSC,Body Cond 9.30-10.15am,19-05-18,01-01-00 9:30,24,13,1299,May,Saturday,9,Morning,54.16666667,16887
TSC,Body Cond 9.30-10.15am,26-05-18,01-01-00 9:30,24,17,1299,May,Saturday,9,Morning,70.83333333,22083
HXP,Body Condition 10 -11am,03-04-18,01-01-00 10:00,25,16,1299,April,Tuesday,10,Morning,64,20784
HXP,Body Condition 10 -11am,10-04-18,01-01-00 10:00,25,23,1299,April,Tuesday,10,Morning,92,29877
HXP,Body Condition 10 -11am,17-04-18,01-01-00 10:00,25,25,1299,April,Tuesday,10,Morning,100,32475
HXP,Body Condition 10 -11am,24-04-18,01-01-00 10:00,25,23,1299,April,Tuesday,10,Morning,92,29877
HXP,Body Condition 10 -11am,01-05-18,01-01-00 10:00,25,17,1299,May,Tuesday,10,Morning,68,22083
HXP,Body Condition 10 -11am,08-05-18,01-01-00 10:00,25,21,1299,May,Tuesday,10,Morning,84,27279
HXP,Body Condition 10 -11am,15-05-18,01-01-00 10:00,25,23,1299,May,Tuesday,10,Morning,92,29877
HXP,Body Condition 10 -11am,22-05-18,01-01-00 10:00,25,25,1299,May,Tuesday,10,Morning,100,32475
HXP,Body Condition 10 -11am,29-05-18,01-01-00 10:00,25,20,1299,May,Tuesday,10,Morning,80,25980
BRP,Body Conditioning,03-04-18,01-01-00 18:30,35,29,1299,April,Tuesday,18,Evening,82.85714286,37671
BRP,Body Conditioning,10-04-18,01-01-00 18:30,35,28,1299,April,Tuesday,18,Evening,80,36372
BRP,Body Conditioning,17-04-18,01-01-00 18:30,35,29,1299,April,Tuesday,18,Evening,82.85714286,37671
BRP,Body Conditioning,24-04-18,01-01-00 18:30,35,32,1299,April,Tuesday,18,Evening,91.42857143,41568
BRP,Body Conditioning,01-05-18,01-01-00 18:30,35,30,1299,May,Tuesday,18,Evening,85.71428571,38970
BRP,Body Conditioning,08-05-18,01-01-00 18:30,35,29,1299,May,Tuesday,18,Evening,82.85714286,37671
BRP,Body Conditioning,15-05-18,01-01-00 18:30,35,31,1299,May,Tuesday,18,Evening,88.57142857,40269
BRP,Body Conditioning,22-05-18,01-01-00 18:30,35,31,1299,May,Tuesday,18,Evening,88.57142857,40269
BRP,Body Conditioning,29-05-18,01-01-00 18:30,35,27,1299,May,Tuesday,18,Evening,77.14285714,35073
HXP,Body Conditioning 10-11am,04-04-18,01-01-00 10:00,25,14,1299,April,Wednesday,10,Morning,56,18186
HXP,Body Conditioning 10-11am,11-04-18,01-01-00 10:00,25,12,1299,April,Wednesday,10,Morning,48,15588
HXP,Body Conditioning 10-11am,18-04-18,01-01-00 10:00,25,16,1299,April,Wednesday,10,Morning,64,20784
HXP,Body Conditioning 10-11am,25-04-18,01-01-00 10:00,25,18,1299,April,Wednesday,10,Morning,72,23382
HXP,Body Conditioning 10-11am,02-05-18,01-01-00 10:00,25,12,1299,May,Wednesday,10,Morning,48,15588
HXP,Body Conditioning 10-11am,09-05-18,01-01-00 10:00,25,15,1299,May,Wednesday,10,Morning,60,19485
HXP,Body Conditioning 10-11am,16-05-18,01-01-00 10:00,25,16,1299,May,Wednesday,10,Morning,64,20784
HXP,Body Conditioning 10-11am,23-05-18,01-01-00 10:00,25,20,1299,May,Wednesday,10,Morning,80,25980
HXP,Body Conditioning 10-11am,30-05-18,01-01-00 10:00,25,16,1299,May,Wednesday,10,Morning,64,20784
TSC,Body Conditioning 10-11am,01-04-18,01-01-00 10:00,30,13,1299,April,Sunday,10,Morning,43.33333333,16887
TSC,Body Conditioning 10-11am,06-04-18,01-01-00 10:00,30,14,1299,April,Friday,10,Morning,46.66666667,18186
TSC,Body Conditioning 10-11am,08-04-18,01-01-00 10:00,30,18,1299,April,Sunday,10,Morning,60,23382
TSC,Body Conditioning 10-11am,13-04-18,01-01-00 10:00,30,15,1299,April,Friday,10,Morning,50,19485
TSC,Body Conditioning 10-11am,15-04-18,01-01-00 10:00,30,21,1299,April,Sunday,10,Morning,70,27279
TSC,Body Conditioning 10-11am,20-04-18,01-01-00 10:00,30,13,1299,April,Friday,10,Morning,43.33333333,16887
TSC,Body Conditioning 10-11am,22-04-18,01-01-00 10:00,30,14,1299,April,Sunday,10,Morning,46.66666667,18186
TSC,Body Conditioning 10-11am,27-04-18,01-01-00 10:00,30,13,1299,April,Friday,10,Morning,43.33333333,16887
TSC,Body Conditioning 10-11am,29-04-18,01-01-00 10:00,30,17,1299,April,Sunday,10,Morning,56.66666667,22083
TSC,Body Conditioning 10-11am,04-05-18,01-01-00 10:00,30,15,1299,May,Friday,10,Morning,50,19485
TSC,Body Conditioning 10-11am,06-05-18,01-01-00 10:00,30,15,1299,May,Sunday,10,Morning,50,19485
TSC,Body Conditioning 10-11am,11-05-18,01-01-00 10:00,30,14,1299,May,Friday,10,Morning,46.66666667,18186
TSC,Body Conditioning 10-11am,13-05-18,01-01-00 10:00,30,17,1299,May,Sunday,10,Morning,56.66666667,22083
TSC,Body Conditioning 10-11am,18-05-18,01-01-00 10:00,30,23,1299,May,Friday,10,Morning,76.66666667,29877
TSC,Body Conditioning 10-11am,20-05-18,01-01-00 10:00,30,13,1299,May,Sunday,10,Morning,43.33333333,16887
TSC,Body Conditioning 10-11am,25-05-18,01-01-00 10:00,30,16,1299,May,Friday,10,Morning,53.33333333,20784
TSC,Body Conditioning 10-11am,27-05-18,01-01-00 10:00,30,16,1299,May,Sunday,10,Morning,53.33333333,20784
BRP,Body Conditioning 11.30am,26-05-18,01-01-00 11:30,35,12,1299,May,Saturday,11,Morning,34.28571429,15588
SBP,Body Conditioning 8-9pm,09-04-18,01-01-00 20:00,35,9,1299,April,Monday,20,Evening,25.71428571,11691
SBP,Body Conditioning 8-9pm,16-04-18,01-01-00 20:00,35,14,1299,April,Monday,20,Evening,40,18186
SBP,Body Conditioning 8-9pm,23-04-18,01-01-00 20:00,35,14,1299,April,Monday,20,Evening,40,18186
SBP,Body Conditioning 8-9pm,30-04-18,01-01-00 20:00,35,12,1299,April,Monday,20,Evening,34.28571429,15588
SBP,Body Conditioning 8-9pm,14-05-18,01-01-00 20:00,35,13,1299,May,Monday,20,Evening,37.14285714,16887
SBP,Body Conditioning 8-9pm,21-05-18,01-01-00 20:00,35,13,1299,May,Monday,20,Evening,37.14285714,16887
NBL,Body Pump  5.45-6.45pm,02-04-18,01-01-00 16:30,60,42,1999,April,Monday,16,Afternoon,70,83958
NBL,Body Pump  5.45-6.45pm,09-04-18,01-01-00 17:45,60,41,1999,April,Monday,17,Evening,68.33333333,81959
NBL,Body Pump  5.45-6.45pm,16-04-18,01-01-00 17:45,60,56,1999,April,Monday,17,Evening,93.33333333,111944
NBL,Body Pump  5.45-6.45pm,23-04-18,01-01-00 17:45,60,47,1999,April,Monday,17,Evening,78.33333333,93953
NBL,Body Pump  5.45-6.45pm,30-04-18,01-01-00 17:45,60,36,1999,April,Monday,17,Evening,60,71964
NBL,Body Pump  5.45-6.45pm,07-05-18,01-01-00 16:30,60,17,1999,May,Monday,16,Afternoon,28.33333333,33983
NBL,Body Pump  5.45-6.45pm,14-05-18,01-01-00 17:45,60,35,1999,May,Monday,17,Evening,58.33333333,69965
NBL,Body Pump  5.45-6.45pm,21-05-18,01-01-00 17:45,60,36,1999,May,Monday,17,Evening,60,71964
NBL,Body Pump  5.45-6.45pm,28-05-18,01-01-00 14:00,60,23,1999,May,Monday,14,Afternoon,38.33333333,45977
NBL,Body Pump 12.30-1.30pm,05-04-18,01-01-00 12:30,60,11,1999,April,Thursday,12,Afternoon,18.33333333,21989
NBL,Body Pump 12.30-1.30pm,12-04-18,01-01-00 12:30,60,7,1999,April,Thursday,12,Afternoon,11.66666667,13993
NBL,Body Pump 12.30-1.30pm,19-04-18,01-01-00 12:30,60,8,1999,April,Thursday,12,Afternoon,13.33333333,15992
NBL,Body Pump 12.30-1.30pm,26-04-18,01-01-00 12:30,60,9,1999,April,Thursday,12,Afternoon,15,17991
NBL,Body Pump 12.30-1.30pm,03-05-18,01-01-00 12:30,60,12,1999,May,Thursday,12,Afternoon,20,23988
NBL,Body Pump 12.30-1.30pm,10-05-18,01-01-00 12:30,60,8,1999,May,Thursday,12,Afternoon,13.33333333,15992
NBL,Body Pump 12.30-1.30pm,17-05-18,01-01-00 12:30,60,8,1999,May,Thursday,12,Afternoon,13.33333333,15992
NBL,Body Pump 12.30-1.30pm,24-05-18,01-01-00 12:30,60,9,1999,May,Thursday,12,Afternoon,15,17991
NBL,Body Pump 12.30-1.30pm,31-05-18,01-01-00 12:30,60,5,1999,May,Thursday,12,Afternoon,8.333333333,9995
NBL,Body Pump 8.00-9.00pm,05-04-18,01-01-00 20:00,60,26,1999,April,Thursday,20,Evening,43.33333333,51974
NBL,Body Pump 8.00-9.00pm,12-04-18,01-01-00 20:00,60,15,1999,April,Thursday,20,Evening,25,29985
NBL,Body Pump 8.00-9.00pm,19-04-18,01-01-00 20:00,60,29,1999,April,Thursday,20,Evening,48.33333333,57971
NBL,Body Pump 8.00-9.00pm,26-04-18,01-01-00 20:00,60,22,1999,April,Thursday,20,Evening,36.66666667,43978
NBL,Body Pump 8.00-9.00pm,10-05-18,01-01-00 20:00,60,15,1999,May,Thursday,20,Evening,25,29985
NBL,Body Pump 8.00-9.00pm,17-05-18,01-01-00 20:00,60,30,1999,May,Thursday,20,Evening,50,59970
NBL,Body Pump 8.00-9.00pm,31-05-18,01-01-00 20:00,60,22,1999,May,Thursday,20,Evening,36.66666667,43978
NBL,Body Pump 9.00-10.00am,07-04-18,01-01-00 9:00,60,29,1999,April,Saturday,9,Morning,48.33333333,57971
NBL,Body Pump 9.00-10.00am,14-04-18,01-01-00 9:00,60,50,1999,April,Saturday,9,Morning,83.33333333,99950
NBL,Body Pump 9.00-10.00am,21-04-18,01-01-00 9:00,60,39,1999,April,Saturday,9,Morning,65,77961
NBL,Body Pump 9.00-10.00am,28-04-18,01-01-00 9:00,60,30,1999,April,Saturday,9,Morning,50,59970
NBL,Body Pump 9.00-10.00am,05-05-18,01-01-00 9:00,60,32,1999,May,Saturday,9,Morning,53.33333333,63968
NBL,Body Pump 9.00-10.00am,12-05-18,01-01-00 9:00,60,38,1999,May,Saturday,9,Morning,63.33333333,75962
NBL,Body Pump 9.00-10.00am,19-05-18,01-01-00 9:00,60,38,1999,May,Saturday,9,Morning,63.33333333,75962
NBL,Body Pump 9.00-10.00am,26-05-18,01-01-00 9:00,60,33,1999,May,Saturday,9,Morning,55,65967
HXP,Bodycondition 12.30-13.30,03-04-18,01-01-00 12:30,25,7,1299,April,Tuesday,12,Afternoon,28,9093
HXP,Bodycondition 12.30-13.30,10-04-18,01-01-00 12:30,25,8,1299,April,Tuesday,12,Afternoon,32,10392
HXP,Bodycondition 12.30-13.30,17-04-18,01-01-00 12:30,25,11,1299,April,Tuesday,12,Afternoon,44,14289
HXP,Bodycondition 12.30-13.30,24-04-18,01-01-00 12:30,25,12,1299,April,Tuesday,12,Afternoon,48,15588
HXP,Bodycondition 12.30-13.30,01-05-18,01-01-00 12:30,25,7,1299,May,Tuesday,12,Afternoon,28,9093
HXP,Bodycondition 12.30-13.30,08-05-18,01-01-00 12:30,25,7,1299,May,Tuesday,12,Afternoon,28,9093
HXP,Bodycondition 12.30-13.30,15-05-18,01-01-00 12:30,25,10,1299,May,Tuesday,12,Afternoon,40,12990
HXP,Bodycondition 12.30-13.30,22-05-18,01-01-00 12:30,25,10,1299,May,Tuesday,12,Afternoon,40,12990
HXP,Bodycondition 12.30-13.30,29-05-18,01-01-00 12:30,25,11,1299,May,Tuesday,12,Afternoon,44,14289
NBL,Chair Based Exercise,05-04-18,01-01-00 13:00,50,2,1999,April,Thursday,13,Afternoon,4,3998
NBL,Chair Based Exercise,12-04-18,01-01-00 13:00,50,3,1999,April,Thursday,13,Afternoon,6,5997
NBL,Chair Based Exercise,19-04-18,01-01-00 13:00,50,6,1999,April,Thursday,13,Afternoon,12,11994
NBL,Chair Based Exercise,26-04-18,01-01-00 13:00,50,8,1999,April,Thursday,13,Afternoon,16,15992
NBL,Chair Based Exercise,03-05-18,01-01-00 13:00,50,10,1999,May,Thursday,13,Afternoon,20,19990
NBL,Chair Based Exercise,10-05-18,01-01-00 13:00,50,6,1999,May,Thursday,13,Afternoon,12,11994
NBL,Chair Based Exercise,17-05-18,01-01-00 13:00,50,9,1999,May,Thursday,13,Afternoon,18,17991
NBL,Chair Based Exercise,24-05-18,01-01-00 13:00,50,6,1999,May,Thursday,13,Afternoon,12,11994
NBL,Chair Based Exercise,31-05-18,01-01-00 13:00,50,9,1999,May,Thursday,13,Afternoon,18,17991
TSC,Circuits 5.30-6.30pm,09-04-18,01-01-00 17:30,50,11,2999,April,Monday,17,Evening,22,32989
TSC,Circuits 5.30-6.30pm,16-04-18,01-01-00 17:30,50,14,2999,April,Monday,17,Evening,28,41986
TSC,Circuits 5.30-6.30pm,23-04-18,01-01-00 17:30,50,7,2999,April,Monday,17,Evening,14,20993
TSC,Circuits 5.30-6.30pm,30-04-18,01-01-00 17:30,50,15,2999,April,Monday,17,Evening,30,44985
TSC,Circuits 5.30-6.30pm,14-05-18,01-01-00 17:30,50,7,2999,May,Monday,17,Evening,14,20993
TSC,Circuits 5.30-6.30pm,21-05-18,01-01-00 17:30,50,13,2999,May,Monday,17,Evening,26,38987
SBP,Circuits 7 -7.45 Am,03-04-18,01-01-00 7:00,20,14,2999,April,Tuesday,7,Morning,70,41986
SBP,Circuits 7 -7.45 Am,10-04-18,01-01-00 7:00,20,16,2999,April,Tuesday,7,Morning,80,47984
SBP,Circuits 7 -7.45 Am,17-04-18,01-01-00 7:00,20,12,2999,April,Tuesday,7,Morning,60,35988
SBP,Circuits 7 -7.45 Am,24-04-18,01-01-00 7:00,20,10,2999,April,Tuesday,7,Morning,50,29990
SBP,Circuits 7 -7.45 Am,01-05-18,01-01-00 7:00,20,16,2999,May,Tuesday,7,Morning,80,47984
SBP,Circuits 7 -7.45 Am,08-05-18,01-01-00 7:00,20,7,2999,May,Tuesday,7,Morning,35,20993
SBP,Circuits 7 -7.45 Am,15-05-18,01-01-00 7:00,20,10,2999,May,Tuesday,7,Morning,50,29990
SBP,Circuits 7 -7.45 Am,22-05-18,01-01-00 7:00,20,11,2999,May,Tuesday,7,Morning,55,32989
SBP,Circuits 7 -7.45 Am,29-05-18,01-01-00 7:00,20,9,2999,May,Tuesday,7,Morning,45,26991
TSC,Circuits 7.15-8.15pm,05-04-18,01-01-00 19:15,50,19,2999,April,Thursday,19,Evening,38,56981
TSC,Circuits 7.15-8.15pm,12-04-18,01-01-00 19:15,50,21,2999,April,Thursday,19,Evening,42,62979
TSC,Circuits 7.15-8.15pm,19-04-18,01-01-00 19:15,50,13,2999,April,Thursday,19,Evening,26,38987
TSC,Circuits 7.15-8.15pm,26-04-18,01-01-00 19:15,50,13,2999,April,Thursday,19,Evening,26,38987
TSC,Circuits 7.15-8.15pm,03-05-18,01-01-00 19:15,50,15,2999,May,Thursday,19,Evening,30,44985
TSC,Circuits 7.15-8.15pm,10-05-18,01-01-00 19:15,50,25,2999,May,Thursday,19,Evening,50,74975
TSC,Circuits 7.15-8.15pm,17-05-18,01-01-00 19:15,50,15,2999,May,Thursday,19,Evening,30,44985
TSC,Circuits 7.15-8.15pm,24-05-18,01-01-00 19:15,50,23,2999,May,Thursday,19,Evening,46,68977
TSC,Circuits 7.15-8.15pm,31-05-18,01-01-00 19:15,50,12,2999,May,Thursday,19,Evening,24,35988
NBL,Circuits 8.00-9.00pm Edit,09-04-18,01-01-00 20:00,60,10,2999,April,Monday,20,Evening,16.66666667,29990
NBL,Circuits 8.00-9.00pm Edit,16-04-18,01-01-00 20:00,60,15,2999,April,Monday,20,Evening,25,44985
NBL,Circuits 8.00-9.00pm Edit,23-04-18,01-01-00 20:00,60,19,2999,April,Monday,20,Evening,31.66666667,56981
NBL,Circuits 8.00-9.00pm Edit,30-04-18,01-01-00 20:00,60,20,2999,April,Monday,20,Evening,33.33333333,59980
NBL,Circuits 8.00-9.00pm Edit,07-05-18,01-01-00 18:45,60,2,2999,May,Monday,18,Evening,3.333333333,5998
NBL,Circuits 8.00-9.00pm Edit,14-05-18,01-01-00 20:00,60,9,2999,May,Monday,20,Evening,15,26991
NBL,Circuits 8.00-9.00pm Edit,21-05-18,01-01-00 20:00,60,8,2999,May,Monday,20,Evening,13.33333333,23992
SBP,Ex Better Living Team,16-05-18,01-01-00 14:00,30,1,1499,May,Wednesday,14,Afternoon,3.333333333,1499
TSC,Fitnes Pilate-11.00-12.00,03-04-18,01-01-00 11:00,24,22,2999,April,Tuesday,11,Morning,91.66666667,65978
TSC,Fitnes Pilate-11.00-12.00,10-04-18,01-01-00 11:00,24,23,2999,April,Tuesday,11,Morning,95.83333333,68977
TSC,Fitnes Pilate-11.00-12.00,17-04-18,01-01-00 11:00,24,21,2999,April,Tuesday,11,Morning,87.5,62979
TSC,Fitnes Pilate-11.00-12.00,24-04-18,01-01-00 11:00,24,20,2999,April,Tuesday,11,Morning,83.33333333,59980
TSC,Fitnes Pilate-11.00-12.00,01-05-18,01-01-00 11:00,24,22,2999,May,Tuesday,11,Morning,91.66666667,65978
TSC,Fitnes Pilate-11.00-12.00,08-05-18,01-01-00 11:00,24,18,2999,May,Tuesday,11,Morning,75,53982
TSC,Fitnes Pilate-11.00-12.00,15-05-18,01-01-00 11:00,24,22,2999,May,Tuesday,11,Morning,91.66666667,65978
TSC,Fitnes Pilate-11.00-12.00,22-05-18,01-01-00 11:00,24,24,2999,May,Tuesday,11,Morning,100,71976
TSC,Fitnes Pilate-11.00-12.00,29-05-18,01-01-00 11:00,24,16,2999,May,Tuesday,11,Morning,66.66666667,47984
TSC,Fitnes Pilates2.30-3.15pm,06-04-18,01-01-00 14:30,24,6,2999,April,Friday,14,Afternoon,25,17994
TSC,Fitnes Pilates2.30-3.15pm,13-04-18,01-01-00 14:30,24,10,2999,April,Friday,14,Afternoon,41.66666667,29990
TSC,Fitnes Pilates2.30-3.15pm,20-04-18,01-01-00 14:30,24,10,2999,April,Friday,14,Afternoon,41.66666667,29990
TSC,Fitnes Pilates2.30-3.15pm,27-04-18,01-01-00 14:30,24,12,2999,April,Friday,14,Afternoon,50,35988
TSC,Fitnes Pilates2.30-3.15pm,04-05-18,01-01-00 14:30,24,1,2999,May,Friday,14,Afternoon,4.166666667,2999
TSC,Fitnes Pilates2.30-3.15pm,11-05-18,01-01-00 14:30,24,11,2999,May,Friday,14,Afternoon,45.83333333,32989
TSC,Fitnes Pilates2.30-3.15pm,18-05-18,01-01-00 14:30,24,9,2999,May,Friday,14,Afternoon,37.5,26991
TSC,Fitnes Pilates2.30-3.15pm,25-05-18,01-01-00 14:30,24,12,2999,May,Friday,14,Afternoon,50,35988
SBP,Fusion   6.00-7.00pm,04-04-18,01-01-00 18:00,40,28,999,April,Wednesday,18,Evening,70,27972
SBP,Fusion   6.00-7.00pm,11-04-18,01-01-00 18:00,40,29,999,April,Wednesday,18,Evening,72.5,28971
SBP,Fusion   6.00-7.00pm,18-04-18,01-01-00 18:00,40,31,999,April,Wednesday,18,Evening,77.5,30969
SBP,Fusion   6.00-7.00pm,25-04-18,01-01-00 18:00,40,31,999,April,Wednesday,18,Evening,77.5,30969
SBP,Fusion   6.00-7.00pm,02-05-18,01-01-00 18:00,40,31,999,May,Wednesday,18,Evening,77.5,30969
SBP,Fusion   6.00-7.00pm,09-05-18,01-01-00 18:00,40,32,999,May,Wednesday,18,Evening,80,31968
SBP,Fusion   6.00-7.00pm,16-05-18,01-01-00 18:00,40,29,999,May,Wednesday,18,Evening,72.5,28971
SBP,Fusion   6.00-7.00pm,23-05-18,01-01-00 18:00,40,19,999,May,Wednesday,18,Evening,47.5,18981
SBP,Fusion   6.00-7.00pm,30-05-18,01-01-00 18:00,40,25,999,May,Wednesday,18,Evening,62.5,24975
BRP,Fusion 5pm -6pm,05-04-18,01-01-00 17:00,35,31,999,April,Thursday,17,Evening,88.57142857,30969
BRP,Fusion 5pm -6pm,12-04-18,01-01-00 17:00,35,33,999,April,Thursday,17,Evening,94.28571429,32967
BRP,Fusion 5pm -6pm,19-04-18,01-01-00 17:00,35,25,999,April,Thursday,17,Evening,71.42857143,24975
BRP,Fusion 5pm -6pm,26-04-18,01-01-00 17:00,35,31,999,April,Thursday,17,Evening,88.57142857,30969
BRP,Fusion 5pm -6pm,03-05-18,01-01-00 17:00,35,28,999,May,Thursday,17,Evening,80,27972
BRP,Fusion 5pm -6pm,10-05-18,01-01-00 17:00,35,30,999,May,Thursday,17,Evening,85.71428571,29970
BRP,Fusion 5pm -6pm,17-05-18,01-01-00 17:00,35,30,999,May,Thursday,17,Evening,85.71428571,29970
BRP,Fusion 5pm -6pm,24-05-18,01-01-00 17:00,35,27,999,May,Thursday,17,Evening,77.14285714,26973
BRP,Fusion 5pm -6pm,31-05-18,01-01-00 17:00,35,31,999,May,Thursday,17,Evening,88.57142857,30969
NBL,Gentle Keep Fit 11-12pm,09-04-18,01-01-00 11:00,60,21,999,April,Monday,11,Morning,35,20979
NBL,Gentle Keep Fit 11-12pm,16-04-18,01-01-00 11:00,60,30,999,April,Monday,11,Morning,50,29970
NBL,Gentle Keep Fit 11-12pm,23-04-18,01-01-00 11:00,60,32,999,April,Monday,11,Morning,53.33333333,31968
NBL,Gentle Keep Fit 11-12pm,14-05-18,01-01-00 11:00,60,28,999,May,Monday,11,Morning,46.66666667,27972
NBL,Gentle Keep Fit 11-12pm,21-05-18,01-01-00 11:00,60,24,999,May,Monday,11,Morning,40,23976
HXP,Gentle Keep Fit 11.10-12,05-04-18,01-01-00 11:10,27,16,999,April,Thursday,11,Morning,59.25925926,15984
HXP,Gentle Keep Fit 11.10-12,12-04-18,01-01-00 11:10,27,18,999,April,Thursday,11,Morning,66.66666667,17982
HXP,Gentle Keep Fit 11.10-12,19-04-18,01-01-00 11:10,27,12,999,April,Thursday,11,Morning,44.44444444,11988
HXP,Gentle Keep Fit 11.10-12,26-04-18,01-01-00 11:10,27,19,999,April,Thursday,11,Morning,70.37037037,18981
HXP,Gentle Keep Fit 11.10-12,03-05-18,01-01-00 11:10,27,17,999,May,Thursday,11,Morning,62.96296296,16983
HXP,Gentle Keep Fit 11.10-12,10-05-18,01-01-00 11:10,27,12,999,May,Thursday,11,Morning,44.44444444,11988
HXP,Gentle Keep Fit 11.10-12,17-05-18,01-01-00 11:10,27,12,999,May,Thursday,11,Morning,44.44444444,11988
HXP,Gentle Keep Fit 11.10-12,24-05-18,01-01-00 11:10,27,14,999,May,Thursday,11,Morning,51.85185185,13986
HXP,Gentle Keep Fit 11.10-12,31-05-18,01-01-00 11:10,27,11,999,May,Thursday,11,Morning,40.74074074,10989
HXP,Gentle Keep Fit 2 -3.00pm,03-04-18,01-01-00 14:00,25,12,999,April,Tuesday,14,Afternoon,48,11988
TSC,Gentle Keep Fit 2 -3.00pm,03-04-18,01-01-00 14:00,30,5,999,April,Tuesday,14,Afternoon,16.66666667,4995
TSC,Gentle Keep Fit 2 -3.00pm,04-04-18,01-01-00 14:00,30,10,999,April,Wednesday,14,Afternoon,33.33333333,9990
TSC,Gentle Keep Fit 2 -3.00pm,10-04-18,01-01-00 14:00,30,6,999,April,Tuesday,14,Afternoon,20,5994
TSC,Gentle Keep Fit 2 -3.00pm,11-04-18,01-01-00 14:00,30,12,999,April,Wednesday,14,Afternoon,40,11988
TSC,Gentle Keep Fit 2 -3.00pm,17-04-18,01-01-00 14:00,30,7,999,April,Tuesday,14,Afternoon,23.33333333,6993
TSC,Gentle Keep Fit 2 -3.00pm,18-04-18,01-01-00 14:00,30,14,999,April,Wednesday,14,Afternoon,46.66666667,13986
TSC,Gentle Keep Fit 2 -3.00pm,24-04-18,01-01-00 14:00,30,7,999,April,Tuesday,14,Afternoon,23.33333333,6993
TSC,Gentle Keep Fit 2 -3.00pm,25-04-18,01-01-00 14:00,30,11,999,April,Wednesday,14,Afternoon,36.66666667,10989
TSC,Gentle Keep Fit 2 -3.00pm,01-05-18,01-01-00 14:00,30,12,999,May,Tuesday,14,Afternoon,40,11988
TSC,Gentle Keep Fit 2 -3.00pm,02-05-18,01-01-00 14:00,30,11,999,May,Wednesday,14,Afternoon,36.66666667,10989
TSC,Gentle Keep Fit 2 -3.00pm,08-05-18,01-01-00 14:00,30,7,999,May,Tuesday,14,Afternoon,23.33333333,6993
TSC,Gentle Keep Fit 2 -3.00pm,09-05-18,01-01-00 14:00,30,10,999,May,Wednesday,14,Afternoon,33.33333333,9990
TSC,Gentle Keep Fit 2 -3.00pm,15-05-18,01-01-00 14:00,30,10,999,May,Tuesday,14,Afternoon,33.33333333,9990
TSC,Gentle Keep Fit 2 -3.00pm,16-05-18,01-01-00 14:00,30,6,999,May,Wednesday,14,Afternoon,20,5994
TSC,Gentle Keep Fit 2 -3.00pm,22-05-18,01-01-00 14:00,30,7,999,May,Tuesday,14,Afternoon,23.33333333,6993
TSC,Gentle Keep Fit 2 -3.00pm,23-05-18,01-01-00 14:00,30,9,999,May,Wednesday,14,Afternoon,30,8991
HXP,Gentle Keep Fit 2-3pm,17-04-18,01-01-00 14:00,25,9,999,April,Tuesday,14,Afternoon,36,8991
HXP,Gentle Keep Fit 2-3pm,24-04-18,01-01-00 14:00,25,6,999,April,Tuesday,14,Afternoon,24,5994
HXP,Gentle Keep Fit 2-3pm,01-05-18,01-01-00 14:00,25,10,999,May,Tuesday,14,Afternoon,40,9990
HXP,Gentle Keep Fit 2-3pm,08-05-18,01-01-00 14:00,25,8,999,May,Tuesday,14,Afternoon,32,7992
HXP,Gentle Keep Fit 2-3pm,15-05-18,01-01-00 14:00,25,11,999,May,Tuesday,14,Afternoon,44,10989
HXP,Gentle Keep Fit 2-3pm,22-05-18,01-01-00 14:00,25,5,999,May,Tuesday,14,Afternoon,20,4995
HXP,Gentle Keep Fit 2-3pm,29-05-18,01-01-00 14:00,25,6,999,May,Tuesday,14,Afternoon,24,5994
NBL,Gentlekeepfit 10.30-11.30,05-04-18,01-01-00 10:30,60,18,999,April,Thursday,10,Morning,30,17982
NBL,Gentlekeepfit 10.30-11.30,19-04-18,01-01-00 10:30,60,23,999,April,Thursday,10,Morning,38.33333333,22977
NBL,Gentlekeepfit 10.30-11.30,26-04-18,01-01-00 10:30,60,27,999,April,Thursday,10,Morning,45,26973
NBL,Gentlekeepfit 10.30-11.30,03-05-18,01-01-00 10:30,60,14,999,May,Thursday,10,Morning,23.33333333,13986
NBL,Gentlekeepfit 10.30-11.30,10-05-18,01-01-00 10:30,60,22,999,May,Thursday,10,Morning,36.66666667,21978
NBL,Gentlekeepfit 10.30-11.30,17-05-18,01-01-00 10:30,60,20,999,May,Thursday,10,Morning,33.33333333,19980
NBL,Gentlekeepfit 10.30-11.30,24-05-18,01-01-00 10:30,60,16,999,May,Thursday,10,Morning,26.66666667,15984
NBL,Gentlekeepfit 10.30-11.30,31-05-18,01-01-00 10:30,60,13,999,May,Thursday,10,Morning,21.66666667,12987
BRP,H.I.I.T 7.00-8.00am,04-04-18,01-01-00 7:00,35,10,2499,April,Wednesday,7,Morning,28.57142857,24990
BRP,H.I.I.T 7.00-8.00am,11-04-18,01-01-00 7:00,35,13,2499,April,Wednesday,7,Morning,37.14285714,32487
BRP,H.I.I.T 7.00-8.00am,18-04-18,01-01-00 7:00,35,9,2499,April,Wednesday,7,Morning,25.71428571,22491
BRP,H.I.I.T 7.00-8.00am,25-04-18,01-01-00 7:00,35,11,2499,April,Wednesday,7,Morning,31.42857143,27489
BRP,H.I.I.T 7.00-8.00am,02-05-18,01-01-00 7:00,35,14,2499,May,Wednesday,7,Morning,40,34986
BRP,H.I.I.T 7.00-8.00am,09-05-18,01-01-00 7:00,35,12,2499,May,Wednesday,7,Morning,34.28571429,29988
BRP,H.I.I.T 7.00-8.00am,16-05-18,01-01-00 7:00,35,17,2499,May,Wednesday,7,Morning,48.57142857,42483
BRP,H.I.I.T 7.00-8.00am,23-05-18,01-01-00 7:00,35,10,2499,May,Wednesday,7,Morning,28.57142857,24990
BRP,H.I.I.T 7.00-8.00am,30-05-18,01-01-00 7:00,35,15,2499,May,Wednesday,7,Morning,42.85714286,37485
SBP,H.I.I.T 9.30-10.30am,02-04-18,01-01-00 9:30,35,6,2499,April,Monday,9,Morning,17.14285714,14994
SBP,H.I.I.T 9.30-10.30am,09-04-18,01-01-00 9:30,35,9,2499,April,Monday,9,Morning,25.71428571,22491
SBP,H.I.I.T 9.30-10.30am,16-04-18,01-01-00 9:30,35,16,2499,April,Monday,9,Morning,45.71428571,39984
SBP,H.I.I.T 9.30-10.30am,23-04-18,01-01-00 9:30,35,16,2499,April,Monday,9,Morning,45.71428571,39984
SBP,H.I.I.T 9.30-10.30am,30-04-18,01-01-00 9:30,35,16,2499,April,Monday,9,Morning,45.71428571,39984
SBP,H.I.I.T 9.30-10.30am,07-05-18,01-01-00 9:30,35,8,2499,May,Monday,9,Morning,22.85714286,19992
SBP,H.I.I.T 9.30-10.30am,14-05-18,01-01-00 9:30,35,12,2499,May,Monday,9,Morning,34.28571429,29988
SBP,H.I.I.T 9.30-10.30am,21-05-18,01-01-00 9:30,35,13,2499,May,Monday,9,Morning,37.14285714,32487
SBP,H.I.I.T 9.30-10.30am,28-05-18,01-01-00 9:30,35,13,2499,May,Monday,9,Morning,37.14285714,32487
SBP,H.I.I.T.  5.00-6.00pm,06-04-18,01-01-00 17:00,30,14,2499,April,Friday,17,Evening,46.66666667,34986
SBP,H.I.I.T.  5.00-6.00pm,13-04-18,01-01-00 17:00,30,16,2499,April,Friday,17,Evening,53.33333333,39984
SBP,H.I.I.T.  5.00-6.00pm,20-04-18,01-01-00 17:00,30,14,2499,April,Friday,17,Evening,46.66666667,34986
SBP,H.I.I.T.  5.00-6.00pm,27-04-18,01-01-00 17:00,30,12,2499,April,Friday,17,Evening,40,29988
SBP,H.I.I.T.  5.00-6.00pm,04-05-18,01-01-00 17:00,30,13,2499,May,Friday,17,Evening,43.33333333,32487
SBP,H.I.I.T.  5.00-6.00pm,11-05-18,01-01-00 17:00,30,13,2499,May,Friday,17,Evening,43.33333333,32487
SBP,H.I.I.T.  5.00-6.00pm,18-05-18,01-01-00 17:00,30,6,2499,May,Friday,17,Evening,20,14994
SBP,H.I.I.T.  5.00-6.00pm,25-05-18,01-01-00 17:00,30,11,2499,May,Friday,17,Evening,36.66666667,27489
HXP,H.I.I.T. 6.25-7.25pm,04-04-18,01-01-00 18:25,25,20,2499,April,Wednesday,18,Evening,80,49980
HXP,H.I.I.T. 6.25-7.25pm,11-04-18,01-01-00 18:25,25,20,2499,April,Wednesday,18,Evening,80,49980
HXP,H.I.I.T. 6.25-7.25pm,18-04-18,01-01-00 18:25,25,17,2499,April,Wednesday,18,Evening,68,42483
HXP,H.I.I.T. 6.25-7.25pm,25-04-18,01-01-00 18:25,25,20,2499,April,Wednesday,18,Evening,80,49980
HXP,H.I.I.T. 6.25-7.25pm,02-05-18,01-01-00 18:25,25,17,2499,May,Wednesday,18,Evening,68,42483
HXP,H.I.I.T. 6.25-7.25pm,09-05-18,01-01-00 18:25,25,15,2499,May,Wednesday,18,Evening,60,37485
HXP,H.I.I.T. 6.25-7.25pm,16-05-18,01-01-00 18:25,25,17,2499,May,Wednesday,18,Evening,68,42483
HXP,H.I.I.T. 6.25-7.25pm,23-05-18,01-01-00 18:25,25,14,2499,May,Wednesday,18,Evening,56,34986
BRP,H.I.T.T 6pm - 6.45pm,06-04-18,01-01-00 18:00,35,8,2499,April,Friday,18,Evening,22.85714286,19992
BRP,H.I.T.T 6pm - 6.45pm,13-04-18,01-01-00 18:00,35,9,2499,April,Friday,18,Evening,25.71428571,22491
BRP,H.I.T.T 6pm - 6.45pm,20-04-18,01-01-00 18:00,35,11,2499,April,Friday,18,Evening,31.42857143,27489
BRP,H.I.T.T 6pm - 6.45pm,27-04-18,01-01-00 18:00,35,12,2499,April,Friday,18,Evening,34.28571429,29988
BRP,H.I.T.T 6pm - 6.45pm,04-05-18,01-01-00 18:00,35,10,2499,May,Friday,18,Evening,28.57142857,24990
BRP,H.I.T.T 6pm - 6.45pm,11-05-18,01-01-00 18:00,35,12,2499,May,Friday,18,Evening,34.28571429,29988
BRP,H.I.T.T 6pm - 6.45pm,18-05-18,01-01-00 18:00,35,12,2499,May,Friday,18,Evening,34.28571429,29988
BRP,H.I.T.T 6pm - 6.45pm,25-05-18,01-01-00 18:00,35,11,2499,May,Friday,18,Evening,31.42857143,27489
SBP,Hatton A B C 6-7.00pm,03-04-18,01-01-00 18:00,30,17,1999,April,Tuesday,18,Evening,56.66666667,33983
SBP,Hatton A B C 6-7.00pm,10-04-18,01-01-00 18:00,30,15,1999,April,Tuesday,18,Evening,50,29985
SBP,Hatton A B C 6-7.00pm,17-04-18,01-01-00 18:00,30,21,1999,April,Tuesday,18,Evening,70,41979
SBP,Hatton A B C 6-7.00pm,24-04-18,01-01-00 18:00,30,21,1999,April,Tuesday,18,Evening,70,41979
SBP,Hatton A B C 6-7.00pm,01-05-18,01-01-00 18:00,30,18,1999,May,Tuesday,18,Evening,60,35982
SBP,Hatton A B C 6-7.00pm,08-05-18,01-01-00 18:00,30,17,1999,May,Tuesday,18,Evening,56.66666667,33983
SBP,Hatton A B C 6-7.00pm,15-05-18,01-01-00 18:00,30,22,1999,May,Tuesday,18,Evening,73.33333333,43978
SBP,Hatton A B C 6-7.00pm,22-05-18,01-01-00 18:00,30,19,1999,May,Tuesday,18,Evening,63.33333333,37981
SBP,Hatton A B C 6-7.00pm,29-05-18,01-01-00 18:00,30,12,1999,May,Tuesday,18,Evening,40,23988
SBP,Hatton A B C 7-8am,05-04-18,01-01-00 7:30,20,7,1999,April,Thursday,7,Morning,35,13993
SBP,Hatton A B C 7-8am,12-04-18,01-01-00 7:30,20,7,1999,April,Thursday,7,Morning,35,13993
SBP,Hatton A B C 7-8am,19-04-18,01-01-00 7:30,20,8,1999,April,Thursday,7,Morning,40,15992
SBP,Hatton A B C 7-8am,26-04-18,01-01-00 7:30,20,7,1999,April,Thursday,7,Morning,35,13993
SBP,Hatton A B C 7-8am,03-05-18,01-01-00 7:30,20,7,1999,May,Thursday,7,Morning,35,13993
SBP,Hatton A B C 7-8am,10-05-18,01-01-00 7:30,20,9,1999,May,Thursday,7,Morning,45,17991
SBP,Hatton A B C 7-8am,17-05-18,01-01-00 7:30,20,8,1999,May,Thursday,7,Morning,40,15992
SBP,Hatton A B C 7-8am,24-05-18,01-01-00 7:30,20,7,1999,May,Thursday,7,Morning,35,13993
SBP,Hatton A B C 7-8am,31-05-18,01-01-00 7:30,20,7,1999,May,Thursday,7,Morning,35,13993
BRP,Hatton Abc Box  10-11am,01-04-18,01-01-00 10:00,20,15,1999,April,Sunday,10,Morning,75,29985
BRP,Hatton Abc Box  10-11am,08-04-18,01-01-00 10:00,20,22,1999,April,Sunday,10,Morning,110,43978
BRP,Hatton Abc Box  10-11am,15-04-18,01-01-00 10:00,20,16,1999,April,Sunday,10,Morning,80,31984
BRP,Hatton Abc Box  10-11am,22-04-18,01-01-00 10:00,20,18,1999,April,Sunday,10,Morning,90,35982
BRP,Hatton Abc Box  10-11am,29-04-18,01-01-00 10:00,20,14,1999,April,Sunday,10,Morning,70,27986
BRP,Hatton Abc Box  10-11am,06-05-18,01-01-00 10:00,20,9,1999,May,Sunday,10,Morning,45,17991
BRP,Hatton Abc Box  10-11am,13-05-18,01-01-00 10:00,20,15,1999,May,Sunday,10,Morning,75,29985
BRP,Hatton Abc Box  10-11am,20-05-18,01-01-00 10:00,20,18,1999,May,Sunday,10,Morning,90,35982
BRP,Hatton Abc Box  10-11am,27-05-18,01-01-00 10:00,20,10,1999,May,Sunday,10,Morning,50,19990
SBP,Hiit Circuit 9.30 - 10.30,07-04-18,01-01-00 9:30,25,22,2499,April,Saturday,9,Morning,88,54978
SBP,Hiit Circuit 9.30 - 10.30,14-04-18,01-01-00 9:30,25,20,2499,April,Saturday,9,Morning,80,49980
SBP,Hiit Circuit 9.30 - 10.30,21-04-18,01-01-00 9:30,25,18,2499,April,Saturday,9,Morning,72,44982
SBP,Hiit Circuit 9.30 - 10.30,28-04-18,01-01-00 9:30,25,19,2499,April,Saturday,9,Morning,76,47481
SBP,Hiit Circuit 9.30 - 10.30,05-05-18,01-01-00 9:30,25,14,2499,May,Saturday,9,Morning,56,34986
SBP,Hiit Circuit 9.30 - 10.30,12-05-18,01-01-00 9:30,25,17,2499,May,Saturday,9,Morning,68,42483
SBP,Hiit Circuit 9.30 - 10.30,19-05-18,01-01-00 9:30,25,18,2499,May,Saturday,9,Morning,72,44982
SBP,Hiit Circuit 9.30 - 10.30,26-05-18,01-01-00 9:30,25,16,2499,May,Saturday,9,Morning,64,39984
SBP,Insanity 5:00-6:00pm,05-04-18,01-01-00 17:00,35,11,3999,April,Thursday,17,Evening,31.42857143,43989
SBP,Insanity 5:00-6:00pm,12-04-18,01-01-00 17:00,35,5,3999,April,Thursday,17,Evening,14.28571429,19995
SBP,Insanity 5:00-6:00pm,19-04-18,01-01-00 17:00,35,7,3999,April,Thursday,17,Evening,20,27993
SBP,Insanity 5:00-6:00pm,26-04-18,01-01-00 17:00,35,9,3999,April,Thursday,17,Evening,25.71428571,35991
SBP,Insanity 5:00-6:00pm,03-05-18,01-01-00 17:00,35,9,3999,May,Thursday,17,Evening,25.71428571,35991
SBP,Insanity 5:00-6:00pm,10-05-18,01-01-00 17:00,35,9,3999,May,Thursday,17,Evening,25.71428571,35991
SBP,Insanity 5:00-6:00pm,17-05-18,01-01-00 17:00,35,13,3999,May,Thursday,17,Evening,37.14285714,51987
SBP,Insanity 5:00-6:00pm,24-05-18,01-01-00 17:00,35,8,3999,May,Thursday,17,Evening,22.85714286,31992
SBP,Insanity 5:00-6:00pm,31-05-18,01-01-00 17:00,35,10,3999,May,Thursday,17,Evening,28.57142857,39990
HXP,Jnr Gym Appoint 11-12,07-04-18,01-01-00 11:00,10,4,2999,April,Saturday,11,Morning,40,11996
HXP,Jnr Gym Appoint 11-12,14-04-18,01-01-00 11:00,10,4,2999,April,Saturday,11,Morning,40,11996
HXP,Jnr Gym Appoint 11-12,21-04-18,01-01-00 11:00,10,4,2999,April,Saturday,11,Morning,40,11996
HXP,Jnr Gym Appoint 11-12,28-04-18,01-01-00 11:00,10,7,2999,April,Saturday,11,Morning,70,20993
HXP,Jnr Gym Appoint 11-12,05-05-18,01-01-00 11:00,10,6,2999,May,Saturday,11,Morning,60,17994
HXP,Jnr Gym Appoint 11-12,12-05-18,01-01-00 11:00,10,7,2999,May,Saturday,11,Morning,70,20993
HXP,Jnr Gym Appoint 11-12,19-05-18,01-01-00 11:00,10,2,2999,May,Saturday,11,Morning,20,5998
HXP,Jnr Gym Appoint 11-12,26-05-18,01-01-00 11:00,10,3,2999,May,Saturday,11,Morning,30,8997
HXP,Jnr Gym Appoint 4-5pm,05-04-18,01-01-00 16:00,10,1,2999,April,Thursday,16,Afternoon,10,2999
HXP,Jnr Gym Appoint 4-5pm,06-04-18,01-01-00 16:00,10,1,2999,April,Friday,16,Afternoon,10,2999
HXP,Jnr Gym Appoint 4-5pm,09-04-18,01-01-00 16:00,10,2,2999,April,Monday,16,Afternoon,20,5998
HXP,Jnr Gym Appoint 4-5pm,11-04-18,01-01-00 16:00,10,1,2999,April,Wednesday,16,Afternoon,10,2999
HXP,Jnr Gym Appoint 4-5pm,12-04-18,01-01-00 16:00,10,4,2999,April,Thursday,16,Afternoon,40,11996
HXP,Jnr Gym Appoint 4-5pm,13-04-18,01-01-00 16:00,10,1,2999,April,Friday,16,Afternoon,10,2999
HXP,Jnr Gym Appoint 4-5pm,16-04-18,01-01-00 16:00,10,1,2999,April,Monday,16,Afternoon,10,2999
HXP,Jnr Gym Appoint 4-5pm,17-04-18,01-01-00 16:00,10,1,2999,April,Tuesday,16,Afternoon,10,2999
HXP,Jnr Gym Appoint 4-5pm,20-04-18,01-01-00 16:00,10,2,2999,April,Friday,16,Afternoon,20,5998
HXP,Jnr Gym Appoint 4-5pm,23-04-18,01-01-00 16:00,10,3,2999,April,Monday,16,Afternoon,30,8997
HXP,Jnr Gym Appoint 4-5pm,24-04-18,01-01-00 16:00,10,4,2999,April,Tuesday,16,Afternoon,40,11996
HXP,Jnr Gym Appoint 4-5pm,30-04-18,01-01-00 16:00,10,1,2999,April,Monday,16,Afternoon,10,2999
HXP,Jnr Gym Appoint 4-5pm,01-05-18,01-01-00 16:00,10,3,2999,May,Tuesday,16,Afternoon,30,8997
HXP,Jnr Gym Appoint 4-5pm,02-05-18,01-01-00 16:00,10,2,2999,May,Wednesday,16,Afternoon,20,5998
HXP,Jnr Gym Appoint 4-5pm,04-05-18,01-01-00 16:00,10,1,2999,May,Friday,16,Afternoon,10,2999
HXP,Jnr Gym Appoint 4-5pm,09-05-18,01-01-00 16:00,10,1,2999,May,Wednesday,16,Afternoon,10,2999
HXP,Jnr Gym Appoint 4-5pm,10-05-18,01-01-00 16:00,10,7,2999,May,Thursday,16,Afternoon,70,20993
HXP,Jnr Gym Appoint 4-5pm,11-05-18,01-01-00 16:00,10,2,2999,May,Friday,16,Afternoon,20,5998
HXP,Jnr Gym Appoint 4-5pm,14-05-18,01-01-00 16:00,10,3,2999,May,Monday,16,Afternoon,30,8997
HXP,Jnr Gym Appoint 4-5pm,15-05-18,01-01-00 16:00,10,2,2999,May,Tuesday,16,Afternoon,20,5998
HXP,Jnr Gym Appoint 4-5pm,18-05-18,01-01-00 16:00,10,1,2999,May,Friday,16,Afternoon,10,2999
HXP,Jnr Gym Appoint 4-5pm,24-05-18,01-01-00 16:00,10,2,2999,May,Thursday,16,Afternoon,20,5998
BRP,Jnr Gym Ind 10.30-11.00am,08-04-18,01-01-00 10:30,2,2,3999,April,Sunday,10,Morning,100,7998
BRP,Jnr Gym Ind 10.30-11.00am,22-04-18,01-01-00 10:30,2,1,3999,April,Sunday,10,Morning,50,3999
BRP,Jnr Gym Ind 10.30-11.00am,29-04-18,01-01-00 10:30,2,1,3999,April,Sunday,10,Morning,50,3999
BRP,Jnr Gym Ind 10.30-11.00am,20-05-18,01-01-00 10:30,2,2,3999,May,Sunday,10,Morning,100,7998
BRP,Jnr Gym Ind 10.30-11.00am,27-05-18,01-01-00 10:30,2,2,3999,May,Sunday,10,Morning,100,7998
BRP,Jnr Gym Ind 3.30-4.00pm,04-04-18,01-01-00 15:30,2,2,3999,April,Wednesday,15,Afternoon,100,7998
BRP,Jnr Gym Ind 3.30-4.00pm,12-04-18,01-01-00 15:30,2,1,3999,April,Thursday,15,Afternoon,50,3999
BRP,Jnr Gym Ind 3.30-4.00pm,16-04-18,01-01-00 15:30,2,1,3999,April,Monday,15,Afternoon,50,3999
BRP,Jnr Gym Ind 3.30-4.00pm,26-04-18,01-01-00 15:30,2,1,3999,April,Thursday,15,Afternoon,50,3999
BRP,Jnr Gym Ind 3.30-4.00pm,01-05-18,01-01-00 15:30,2,2,3999,May,Tuesday,15,Afternoon,100,7998
BRP,Jnr Gym Ind 3.30-4.00pm,02-05-18,01-01-00 15:30,2,1,3999,May,Wednesday,15,Afternoon,50,3999
BRP,Jnr Gym Ind 3.30-4.00pm,03-05-18,01-01-00 15:30,2,2,3999,May,Thursday,15,Afternoon,100,7998
BRP,Jnr Gym Ind 3.30-4.00pm,16-05-18,01-01-00 15:30,2,1,3999,May,Wednesday,15,Afternoon,50,3999
BRP,Jnr Gym Ind 3.30-4.00pm,18-05-18,01-01-00 15:30,2,1,3999,May,Friday,15,Afternoon,50,3999
NBL,Jnr Gym Ind 3.30-5.00pm,25-04-18,01-01-00 15:30,2,1,3999,April,Wednesday,15,Afternoon,50,3999
NBL,Jnr Gym Ind 3.30-5.00pm,04-05-18,01-01-00 15:30,2,1,3999,May,Friday,15,Afternoon,50,3999
NBL,Jnr Gym Ind 3.30-5.00pm,09-05-18,01-01-00 15:30,2,1,3999,May,Wednesday,15,Afternoon,50,3999
NBL,Jnr Gym Ind 3.30-5.00pm,25-05-18,01-01-00 15:30,2,1,3999,May,Friday,15,Afternoon,50,3999
SBP,Jun Induction 12.30,07-04-18,01-01-00 12:30,4,2,1999,April,Saturday,12,Afternoon,50,3998
SBP,Jun Induction 12.30,14-04-18,01-01-00 12:30,4,3,1999,April,Saturday,12,Afternoon,75,5997
SBP,Jun Induction 12.30,28-04-18,01-01-00 12:30,4,4,1999,April,Saturday,12,Afternoon,100,7996
SBP,Jun Induction 12.30,05-05-18,01-01-00 12:30,4,4,1999,May,Saturday,12,Afternoon,100,7996
SBP,Jun Induction 12.30,12-05-18,01-01-00 12:30,4,4,1999,May,Saturday,12,Afternoon,100,7996
SBP,Jun Induction 12.30,19-05-18,01-01-00 12:30,4,2,1999,May,Saturday,12,Afternoon,50,3998
SBP,Jun Induction 12.30,26-05-18,01-01-00 12:30,4,1,1999,May,Saturday,12,Afternoon,25,1999
SBP,Junior Gym 1.00-2.00pm,28-04-18,01-01-00 13:00,12,1,2999,April,Saturday,13,Afternoon,8.333333333,2999
SBP,Junior Gym 1.00-2.00pm,19-05-18,01-01-00 13:00,12,2,2999,May,Saturday,13,Afternoon,16.66666667,5998
NBL,Junior Gym 11-12 Noon,08-04-18,01-01-00 11:00,2,1,2999,April,Sunday,11,Morning,50,2999
NBL,Junior Gym 11-12 Noon,15-04-18,01-01-00 11:00,2,1,2999,April,Sunday,11,Morning,50,2999
NBL,Junior Gym 3.30-5.00pm,16-05-18,01-01-00 15:30,2,1,2999,May,Wednesday,15,Afternoon,50,2999
SBP,Junior Gym 3.30-5.00pm,10-05-18,01-01-00 15:30,10,3,2999,May,Thursday,15,Afternoon,30,8997
SBP,Junior Gym 3.30-5.00pm,18-05-18,01-01-00 15:30,10,1,2999,May,Friday,15,Afternoon,10,2999
SBP,Junior Gym 3.30-5.00pm,24-05-18,01-01-00 15:30,10,1,2999,May,Thursday,15,Afternoon,10,2999
TSC,Junior Gym 4-5pm 8-13yrs,03-04-18,01-01-00 16:00,10,1,2999,April,Tuesday,16,Afternoon,10,2999
BRP,Junior Gym 4.00-5.00pm,06-04-18,01-01-00 16:00,10,1,2999,April,Friday,16,Afternoon,10,2999
BRP,Junior Gym 4.00-5.00pm,09-04-18,01-01-00 16:00,10,1,2999,April,Monday,16,Afternoon,10,2999
BRP,Junior Gym 4.00-5.00pm,11-04-18,01-01-00 16:00,10,2,2999,April,Wednesday,16,Afternoon,20,5998
BRP,Junior Gym 4.00-5.00pm,16-04-18,01-01-00 16:00,10,1,2999,April,Monday,16,Afternoon,10,2999
BRP,Junior Gym 4.00-5.00pm,17-04-18,01-01-00 16:00,10,2,2999,April,Tuesday,16,Afternoon,20,5998
BRP,Junior Gym 4.00-5.00pm,18-04-18,01-01-00 16:00,10,1,2999,April,Wednesday,16,Afternoon,10,2999
BRP,Junior Gym 4.00-5.00pm,30-04-18,01-01-00 16:00,10,3,2999,April,Monday,16,Afternoon,30,8997
BRP,Junior Gym 4.00-5.00pm,02-05-18,01-01-00 16:00,10,1,2999,May,Wednesday,16,Afternoon,10,2999
BRP,Junior Gym 4.00-5.00pm,08-05-18,01-01-00 16:00,10,4,2999,May,Tuesday,16,Afternoon,40,11996
BRP,Junior Gym 4.00-5.00pm,15-05-18,01-01-00 16:00,10,1,2999,May,Tuesday,16,Afternoon,10,2999
BRP,Junior Gym 4.00-5.00pm,29-05-18,01-01-00 16:00,10,1,2999,May,Tuesday,16,Afternoon,10,2999
TSC,Junior Gym10-11am 8-13yrs,05-05-18,01-01-00 10:00,10,1,2999,May,Saturday,10,Morning,10,2999
HXP,Junior Swimfit 7pm-8pm,06-04-18,01-01-00 19:00,4,1,3999,April,Friday,19,Evening,25,3999
HXP,Junior Swimfit 7pm-8pm,13-04-18,01-01-00 19:00,4,3,3999,April,Friday,19,Evening,75,11997
HXP,Junior Swimfit 7pm-8pm,27-04-18,01-01-00 19:00,4,1,3999,April,Friday,19,Evening,25,3999
HXP,Junior Swimfit 7pm-8pm,11-05-18,01-01-00 19:00,4,3,3999,May,Friday,19,Evening,75,11997
HXP,Junior Swimfit 7pm-8pm,18-05-18,01-01-00 19:00,4,2,3999,May,Friday,19,Evening,50,7998
HXP,Junior Swimfit 7pm-8pm,25-05-18,01-01-00 19:00,4,2,3999,May,Friday,19,Evening,50,7998
TSC,Leg Bum Tum 5.30-6.30pm,09-04-18,01-01-00 17:30,24,15,1999,April,Monday,17,Evening,62.5,29985
TSC,Leg Bum Tum 5.30-6.30pm,16-04-18,01-01-00 17:30,24,19,1999,April,Monday,17,Evening,79.16666667,37981
TSC,Leg Bum Tum 5.30-6.30pm,23-04-18,01-01-00 17:30,24,15,1999,April,Monday,17,Evening,62.5,29985
TSC,Leg Bum Tum 5.30-6.30pm,30-04-18,01-01-00 17:30,24,18,1999,April,Monday,17,Evening,75,35982
TSC,Leg Bum Tum 5.30-6.30pm,14-05-18,01-01-00 17:30,24,15,1999,May,Monday,17,Evening,62.5,29985
TSC,Leg Bum Tum 5.30-6.30pm,21-05-18,01-01-00 17:30,24,10,1999,May,Monday,17,Evening,41.66666667,19990
TSC,Legs Bums Tum 6.00-7.00pm,04-04-18,01-01-00 18:00,24,15,1999,April,Wednesday,18,Evening,62.5,29985
TSC,Legs Bums Tum 6.00-7.00pm,11-04-18,01-01-00 18:00,24,11,1999,April,Wednesday,18,Evening,45.83333333,21989
TSC,Legs Bums Tum 6.00-7.00pm,18-04-18,01-01-00 18:00,24,14,1999,April,Wednesday,18,Evening,58.33333333,27986
TSC,Legs Bums Tum 6.00-7.00pm,25-04-18,01-01-00 18:00,24,13,1999,April,Wednesday,18,Evening,54.16666667,25987
TSC,Legs Bums Tum 6.00-7.00pm,02-05-18,01-01-00 18:00,24,13,1999,May,Wednesday,18,Evening,54.16666667,25987
TSC,Legs Bums Tum 6.00-7.00pm,09-05-18,01-01-00 18:00,24,12,1999,May,Wednesday,18,Evening,50,23988
TSC,Legs Bums Tum 6.00-7.00pm,16-05-18,01-01-00 18:00,24,14,1999,May,Wednesday,18,Evening,58.33333333,27986
TSC,Legs Bums Tum 6.00-7.00pm,23-05-18,01-01-00 18:00,24,10,1999,May,Wednesday,18,Evening,41.66666667,19990
TSC,Legs Bums Tum 6.00-7.00pm,30-05-18,01-01-00 18:00,24,6,1999,May,Wednesday,18,Evening,25,11994
SBP,Legs Bums Tums 10-11am,03-04-18,01-01-00 10:00,35,20,1999,April,Tuesday,10,Morning,57.14285714,39980
SBP,Legs Bums Tums 10-11am,10-04-18,01-01-00 10:00,35,17,1999,April,Tuesday,10,Morning,48.57142857,33983
SBP,Legs Bums Tums 10-11am,17-04-18,01-01-00 10:00,35,28,1999,April,Tuesday,10,Morning,80,55972
SBP,Legs Bums Tums 10-11am,24-04-18,01-01-00 10:00,35,27,1999,April,Tuesday,10,Morning,77.14285714,53973
SBP,Legs Bums Tums 10-11am,01-05-18,01-01-00 10:00,35,27,1999,May,Tuesday,10,Morning,77.14285714,53973
SBP,Legs Bums Tums 10-11am,08-05-18,01-01-00 10:00,35,19,1999,May,Tuesday,10,Morning,54.28571429,37981
SBP,Legs Bums Tums 10-11am,15-05-18,01-01-00 10:00,35,24,1999,May,Tuesday,10,Morning,68.57142857,47976
SBP,Legs Bums Tums 10-11am,22-05-18,01-01-00 10:00,35,20,1999,May,Tuesday,10,Morning,57.14285714,39980
SBP,Legs Bums Tums 10-11am,29-05-18,01-01-00 10:00,35,17,1999,May,Tuesday,10,Morning,48.57142857,33983
BRP,Legs Bums Tums 12.30-1.30,06-04-18,01-01-00 12:30,35,19,1999,April,Friday,12,Afternoon,54.28571429,37981
BRP,Legs Bums Tums 12.30-1.30,13-04-18,01-01-00 12:30,35,15,1999,April,Friday,12,Afternoon,42.85714286,29985
BRP,Legs Bums Tums 12.30-1.30,20-04-18,01-01-00 12:30,35,15,1999,April,Friday,12,Afternoon,42.85714286,29985
BRP,Legs Bums Tums 12.30-1.30,27-04-18,01-01-00 12:30,35,9,1999,April,Friday,12,Afternoon,25.71428571,17991
BRP,Legs Bums Tums 12.30-1.30,04-05-18,01-01-00 12:30,35,22,1999,May,Friday,12,Afternoon,62.85714286,43978
BRP,Legs Bums Tums 12.30-1.30,11-05-18,01-01-00 12:30,35,20,1999,May,Friday,12,Afternoon,57.14285714,39980
BRP,Legs Bums Tums 12.30-1.30,18-05-18,01-01-00 12:30,35,15,1999,May,Friday,12,Afternoon,42.85714286,29985
BRP,Legs Bums Tums 12.30-1.30,25-05-18,01-01-00 12:30,35,21,1999,May,Friday,12,Afternoon,60,41979
NBL,Line Dance 10.45-11.45am,03-04-18,01-01-00 10:45,70,60,1499,April,Tuesday,10,Morning,85.71428571,89940
NBL,Line Dance 10.45-11.45am,10-04-18,01-01-00 10:45,70,64,1499,April,Tuesday,10,Morning,91.42857143,95936
NBL,Line Dance 10.45-11.45am,17-04-18,01-01-00 10:45,70,55,1499,April,Tuesday,10,Morning,78.57142857,82445
NBL,Line Dance 10.45-11.45am,24-04-18,01-01-00 10:45,70,47,1499,April,Tuesday,10,Morning,67.14285714,70453
NBL,Line Dance 10.45-11.45am,01-05-18,01-01-00 10:45,70,56,1499,May,Tuesday,10,Morning,80,83944
NBL,Line Dance 10.45-11.45am,08-05-18,01-01-00 10:45,70,56,1499,May,Tuesday,10,Morning,80,83944
NBL,Line Dance 10.45-11.45am,15-05-18,01-01-00 10:45,70,54,1499,May,Tuesday,10,Morning,77.14285714,80946
NBL,Line Dance 10.45-11.45am,22-05-18,01-01-00 10:45,70,42,1499,May,Tuesday,10,Morning,60,62958
NBL,Line Dance 10.45-11.45am,29-05-18,01-01-00 10:45,70,47,1499,May,Tuesday,10,Morning,67.14285714,70453
NBL,Line Dance 11.45-12.45pm,03-04-18,01-01-00 11:45,70,33,1499,April,Tuesday,11,Morning,47.14285714,49467
NBL,Line Dance 11.45-12.45pm,10-04-18,01-01-00 11:45,70,36,1499,April,Tuesday,11,Morning,51.42857143,53964
NBL,Line Dance 11.45-12.45pm,17-04-18,01-01-00 11:45,70,36,1499,April,Tuesday,11,Morning,51.42857143,53964
NBL,Line Dance 11.45-12.45pm,24-04-18,01-01-00 11:45,70,26,1499,April,Tuesday,11,Morning,37.14285714,38974
NBL,Line Dance 11.45-12.45pm,01-05-18,01-01-00 11:45,70,34,1499,May,Tuesday,11,Morning,48.57142857,50966
NBL,Line Dance 11.45-12.45pm,08-05-18,01-01-00 11:45,70,31,1499,May,Tuesday,11,Morning,44.28571429,46469
NBL,Line Dance 11.45-12.45pm,15-05-18,01-01-00 11:45,70,23,1499,May,Tuesday,11,Morning,32.85714286,34477
NBL,Line Dance 11.45-12.45pm,22-05-18,01-01-00 11:45,70,31,1499,May,Tuesday,11,Morning,44.28571429,46469
NBL,Line Dance 11.45-12.45pm,29-05-18,01-01-00 11:45,70,35,1499,May,Tuesday,11,Morning,50,52465
NBL,Line Dancing  11-12.30pm,06-04-18,01-01-00 11:00,70,24,1499,April,Friday,11,Morning,34.28571429,35976
NBL,Line Dancing  11-12.30pm,13-04-18,01-01-00 11:00,70,25,1499,April,Friday,11,Morning,35.71428571,37475
NBL,Line Dancing  11-12.30pm,20-04-18,01-01-00 11:00,70,12,1499,April,Friday,11,Morning,17.14285714,17988
NBL,Line Dancing  11-12.30pm,27-04-18,01-01-00 11:00,70,18,1499,April,Friday,11,Morning,25.71428571,26982
NBL,Line Dancing  11-12.30pm,11-05-18,01-01-00 11:00,70,18,1499,May,Friday,11,Morning,25.71428571,26982
NBL,Line Dancing  11-12.30pm,18-05-18,01-01-00 11:00,70,19,1499,May,Friday,11,Morning,27.14285714,28481
NBL,Line Dancing  11-12.30pm,25-05-18,01-01-00 11:00,70,14,1499,May,Friday,11,Morning,20,20986
HXP,Line Dancing 1.15-2.00pm,04-04-18,01-01-00 13:15,21,19,1499,April,Wednesday,13,Afternoon,90.47619048,28481
HXP,Line Dancing 1.15-2.00pm,11-04-18,01-01-00 13:15,21,11,1499,April,Wednesday,13,Afternoon,52.38095238,16489
HXP,Line Dancing 1.15-2.00pm,18-04-18,01-01-00 13:15,21,13,1499,April,Wednesday,13,Afternoon,61.9047619,19487
HXP,Line Dancing 1.15-2.00pm,25-04-18,01-01-00 13:15,21,9,1499,April,Wednesday,13,Afternoon,42.85714286,13491
HXP,Line Dancing 1.15-2.00pm,02-05-18,01-01-00 13:15,21,14,1499,May,Wednesday,13,Afternoon,66.66666667,20986
HXP,Line Dancing 1.15-2.00pm,09-05-18,01-01-00 13:15,21,10,1499,May,Wednesday,13,Afternoon,47.61904762,14990
HXP,Line Dancing 1.15-2.00pm,16-05-18,01-01-00 13:15,21,10,1499,May,Wednesday,13,Afternoon,47.61904762,14990
HXP,Line Dancing 1.15-2.00pm,23-05-18,01-01-00 13:15,21,7,1499,May,Wednesday,13,Afternoon,33.33333333,10493
HXP,Line Dancing 1.15-2.00pm,30-05-18,01-01-00 13:15,21,7,1499,May,Wednesday,13,Afternoon,33.33333333,10493
SBP,Line Dancing 1.30-2.30pm,06-04-18,01-01-00 13:30,35,8,1499,April,Friday,13,Afternoon,22.85714286,11992
SBP,Line Dancing 1.30-2.30pm,13-04-18,01-01-00 13:30,35,10,1499,April,Friday,13,Afternoon,28.57142857,14990
SBP,Line Dancing 1.30-2.30pm,20-04-18,01-01-00 13:30,35,8,1499,April,Friday,13,Afternoon,22.85714286,11992
SBP,Line Dancing 1.30-2.30pm,27-04-18,01-01-00 13:30,35,10,1499,April,Friday,13,Afternoon,28.57142857,14990
SBP,Line Dancing 1.30-2.30pm,04-05-18,01-01-00 13:30,35,9,1499,May,Friday,13,Afternoon,25.71428571,13491
SBP,Line Dancing 1.30-2.30pm,11-05-18,01-01-00 13:30,35,10,1499,May,Friday,13,Afternoon,28.57142857,14990
SBP,Line Dancing 1.30-2.30pm,18-05-18,01-01-00 13:30,35,8,1499,May,Friday,13,Afternoon,22.85714286,11992
SBP,Line Dancing 1.30-2.30pm,25-05-18,01-01-00 13:30,35,9,1499,May,Friday,13,Afternoon,25.71428571,13491
HXP,Line Dancing 2pm -3pm,04-04-18,01-01-00 14:00,21,13,1499,April,Wednesday,14,Afternoon,61.9047619,19487
HXP,Line Dancing 2pm -3pm,11-04-18,01-01-00 14:00,21,12,1499,April,Wednesday,14,Afternoon,57.14285714,17988
HXP,Line Dancing 2pm -3pm,18-04-18,01-01-00 14:00,21,15,1499,April,Wednesday,14,Afternoon,71.42857143,22485
HXP,Line Dancing 2pm -3pm,25-04-18,01-01-00 14:00,21,14,1499,April,Wednesday,14,Afternoon,66.66666667,20986
HXP,Line Dancing 2pm -3pm,02-05-18,01-01-00 14:00,21,11,1499,May,Wednesday,14,Afternoon,52.38095238,16489
HXP,Line Dancing 2pm -3pm,09-05-18,01-01-00 14:00,21,14,1499,May,Wednesday,14,Afternoon,66.66666667,20986
HXP,Line Dancing 2pm -3pm,16-05-18,01-01-00 14:00,21,15,1499,May,Wednesday,14,Afternoon,71.42857143,22485
HXP,Line Dancing 2pm -3pm,23-05-18,01-01-00 14:00,21,11,1499,May,Wednesday,14,Afternoon,52.38095238,16489
HXP,Line Dancing 2pm -3pm,30-05-18,01-01-00 14:00,21,12,1499,May,Wednesday,14,Afternoon,57.14285714,17988
SBP,M M A Cond 8.30-9.30am,07-04-18,01-01-00 8:30,20,14,3999,April,Saturday,8,Morning,70,55986
SBP,M M A Cond 8.30-9.30am,14-04-18,01-01-00 8:30,20,17,3999,April,Saturday,8,Morning,85,67983
SBP,M M A Cond 8.30-9.30am,21-04-18,01-01-00 8:30,20,11,3999,April,Saturday,8,Morning,55,43989
SBP,M M A Cond 8.30-9.30am,28-04-18,01-01-00 8:30,20,14,3999,April,Saturday,8,Morning,70,55986
SBP,M M A Cond 8.30-9.30am,05-05-18,01-01-00 8:30,20,7,3999,May,Saturday,8,Morning,35,27993
SBP,M M A Cond 8.30-9.30am,12-05-18,01-01-00 8:30,20,15,3999,May,Saturday,8,Morning,75,59985
SBP,M M A Cond 8.30-9.30am,19-05-18,01-01-00 8:30,20,16,3999,May,Saturday,8,Morning,80,63984
SBP,M M A Cond 8.30-9.30am,26-05-18,01-01-00 8:30,20,10,3999,May,Saturday,8,Morning,50,39990
SBP,Metafit 4.30-5.00pm,05-04-18,01-01-00 16:30,35,5,1999,April,Thursday,16,Afternoon,14.28571429,9995
SBP,Metafit 4.30-5.00pm,12-04-18,01-01-00 16:30,35,6,1999,April,Thursday,16,Afternoon,17.14285714,11994
SBP,Metafit 4.30-5.00pm,19-04-18,01-01-00 16:30,35,8,1999,April,Thursday,16,Afternoon,22.85714286,15992
SBP,Metafit 4.30-5.00pm,26-04-18,01-01-00 16:30,35,7,1999,April,Thursday,16,Afternoon,20,13993
SBP,Metafit 4.30-5.00pm,03-05-18,01-01-00 16:30,35,6,1999,May,Thursday,16,Afternoon,17.14285714,11994
SBP,Metafit 4.30-5.00pm,10-05-18,01-01-00 16:30,35,9,1999,May,Thursday,16,Afternoon,25.71428571,17991
SBP,Metafit 4.30-5.00pm,17-05-18,01-01-00 16:30,35,3,1999,May,Thursday,16,Afternoon,8.571428571,5997
SBP,Metafit 4.30-5.00pm,24-05-18,01-01-00 16:30,35,3,1999,May,Thursday,16,Afternoon,8.571428571,5997
SBP,Metafit 4.30-5.00pm,31-05-18,01-01-00 16:30,35,6,1999,May,Thursday,16,Afternoon,17.14285714,11994
TSC,Metafit 5.30-6.00pm,04-04-18,01-01-00 17:30,24,13,1999,April,Wednesday,17,Evening,54.16666667,25987
TSC,Metafit 5.30-6.00pm,11-04-18,01-01-00 17:30,24,9,1999,April,Wednesday,17,Evening,37.5,17991
TSC,Metafit 5.30-6.00pm,18-04-18,01-01-00 17:30,24,16,1999,April,Wednesday,17,Evening,66.66666667,31984
TSC,Metafit 5.30-6.00pm,25-04-18,01-01-00 17:30,24,15,1999,April,Wednesday,17,Evening,62.5,29985
TSC,Metafit 5.30-6.00pm,02-05-18,01-01-00 17:30,24,7,1999,May,Wednesday,17,Evening,29.16666667,13993
TSC,Metafit 5.30-6.00pm,09-05-18,01-01-00 17:30,24,9,1999,May,Wednesday,17,Evening,37.5,17991
TSC,Metafit 5.30-6.00pm,16-05-18,01-01-00 17:30,24,11,1999,May,Wednesday,17,Evening,45.83333333,21989
TSC,Metafit 5.30-6.00pm,23-05-18,01-01-00 17:30,24,14,1999,May,Wednesday,17,Evening,58.33333333,27986
TSC,Metafit 5.30-6.00pm,30-05-18,01-01-00 17:30,24,13,1999,May,Wednesday,17,Evening,54.16666667,25987
NBL,Nice & Easy 10.00-10.45am,03-04-18,01-01-00 10:00,40,16,999,April,Tuesday,10,Morning,40,15984
NBL,Nice & Easy 10.00-10.45am,10-04-18,01-01-00 10:00,40,16,999,April,Tuesday,10,Morning,40,15984
NBL,Nice & Easy 10.00-10.45am,17-04-18,01-01-00 10:00,40,17,999,April,Tuesday,10,Morning,42.5,16983
NBL,Nice & Easy 10.00-10.45am,24-04-18,01-01-00 10:00,40,10,999,April,Tuesday,10,Morning,25,9990
NBL,Nice & Easy 10.00-10.45am,01-05-18,01-01-00 10:00,40,22,999,May,Tuesday,10,Morning,55,21978
NBL,Nice & Easy 10.00-10.45am,08-05-18,01-01-00 10:00,40,20,999,May,Tuesday,10,Morning,50,19980
NBL,Nice & Easy 10.00-10.45am,15-05-18,01-01-00 10:00,40,16,999,May,Tuesday,10,Morning,40,15984
NBL,Nice & Easy 10.00-10.45am,22-05-18,01-01-00 10:00,40,26,999,May,Tuesday,10,Morning,65,25974
NBL,Nice & Easy 10.00-10.45am,29-05-18,01-01-00 10:00,40,16,999,May,Tuesday,10,Morning,40,15984
NBL,Nice & Easy 11.30-12.30pm,05-04-18,01-01-00 11:30,60,12,999,April,Thursday,11,Morning,20,11988
NBL,Nice & Easy 11.30-12.30pm,12-04-18,01-01-00 11:30,60,11,999,April,Thursday,11,Morning,18.33333333,10989
NBL,Nice & Easy 11.30-12.30pm,19-04-18,01-01-00 11:30,60,8,999,April,Thursday,11,Morning,13.33333333,7992
NBL,Nice & Easy 11.30-12.30pm,26-04-18,01-01-00 11:30,60,15,999,April,Thursday,11,Morning,25,14985
NBL,Nice & Easy 11.30-12.30pm,03-05-18,01-01-00 11:30,60,14,999,May,Thursday,11,Morning,23.33333333,13986
NBL,Nice & Easy 11.30-12.30pm,10-05-18,01-01-00 11:30,60,14,999,May,Thursday,11,Morning,23.33333333,13986
NBL,Nice & Easy 11.30-12.30pm,17-05-18,01-01-00 11:30,60,11,999,May,Thursday,11,Morning,18.33333333,10989
NBL,Nice & Easy 11.30-12.30pm,24-05-18,01-01-00 11:30,60,11,999,May,Thursday,11,Morning,18.33333333,10989
NBL,Nice & Easy 11.30-12.30pm,31-05-18,01-01-00 11:30,60,11,999,May,Thursday,11,Morning,18.33333333,10989
NBL,Nice & Easy 9.15-10.15am,04-04-18,01-01-00 9:15,60,20,999,April,Wednesday,9,Morning,33.33333333,19980
NBL,Nice & Easy 9.15-10.15am,11-04-18,01-01-00 9:15,60,20,999,April,Wednesday,9,Morning,33.33333333,19980
NBL,Nice & Easy 9.15-10.15am,18-04-18,01-01-00 9:15,60,18,999,April,Wednesday,9,Morning,30,17982
NBL,Nice & Easy 9.15-10.15am,25-04-18,01-01-00 9:15,60,21,999,April,Wednesday,9,Morning,35,20979
NBL,Nice & Easy 9.15-10.15am,02-05-18,01-01-00 9:15,60,24,999,May,Wednesday,9,Morning,40,23976
NBL,Nice & Easy 9.15-10.15am,09-05-18,01-01-00 9:15,60,19,999,May,Wednesday,9,Morning,31.66666667,18981
NBL,Nice & Easy 9.15-10.15am,16-05-18,01-01-00 9:15,60,20,999,May,Wednesday,9,Morning,33.33333333,19980
NBL,Nice & Easy 9.15-10.15am,23-05-18,01-01-00 9:15,60,22,999,May,Wednesday,9,Morning,36.66666667,21978
NBL,Nice & Easy 9.15-10.15am,30-05-18,01-01-00 9:15,60,16,999,May,Wednesday,9,Morning,26.66666667,15984
BRP,Nice N Easy 9.30-10.30am,04-04-18,01-01-00 9:30,35,19,999,April,Wednesday,9,Morning,54.28571429,18981
BRP,Nice N Easy 9.30-10.30am,11-04-18,01-01-00 9:30,35,20,999,April,Wednesday,9,Morning,57.14285714,19980
BRP,Nice N Easy 9.30-10.30am,18-04-18,01-01-00 9:30,35,25,999,April,Wednesday,9,Morning,71.42857143,24975
BRP,Nice N Easy 9.30-10.30am,25-04-18,01-01-00 9:30,35,23,999,April,Wednesday,9,Morning,65.71428571,22977
BRP,Nice N Easy 9.30-10.30am,02-05-18,01-01-00 9:30,35,19,999,May,Wednesday,9,Morning,54.28571429,18981
BRP,Nice N Easy 9.30-10.30am,16-05-18,01-01-00 9:30,35,23,999,May,Wednesday,9,Morning,65.71428571,22977
BRP,Nice N Easy 9.30-10.30am,23-05-18,01-01-00 9:30,35,24,999,May,Wednesday,9,Morning,68.57142857,23976
BRP,Nice N Easy 9.30-10.30am,30-05-18,01-01-00 9:30,35,18,999,May,Wednesday,9,Morning,51.42857143,17982
HXP,Pilates   9.00-10.00am,03-04-18,01-01-00 9:00,25,23,2999,April,Tuesday,9,Morning,92,68977
HXP,Pilates   9.00-10.00am,10-04-18,01-01-00 9:00,25,21,2999,April,Tuesday,9,Morning,84,62979
HXP,Pilates   9.00-10.00am,17-04-18,01-01-00 9:00,25,25,2999,April,Tuesday,9,Morning,100,74975
HXP,Pilates   9.00-10.00am,24-04-18,01-01-00 9:00,25,25,2999,April,Tuesday,9,Morning,100,74975
HXP,Pilates   9.00-10.00am,01-05-18,01-01-00 9:00,25,25,2999,May,Tuesday,9,Morning,100,74975
HXP,Pilates   9.00-10.00am,08-05-18,01-01-00 9:00,25,23,2999,May,Tuesday,9,Morning,92,68977
HXP,Pilates   9.00-10.00am,15-05-18,01-01-00 9:00,25,23,2999,May,Tuesday,9,Morning,92,68977
HXP,Pilates   9.00-10.00am,22-05-18,01-01-00 9:00,25,24,2999,May,Tuesday,9,Morning,96,71976
HXP,Pilates   9.00-10.00am,29-05-18,01-01-00 9:00,25,23,2999,May,Tuesday,9,Morning,92,68977
BRP,Pilates 1.45-2.45pm,04-04-18,01-01-00 13:45,35,22,2999,April,Wednesday,13,Afternoon,62.85714286,65978
BRP,Pilates 1.45-2.45pm,11-04-18,01-01-00 13:45,35,25,2999,April,Wednesday,13,Afternoon,71.42857143,74975
BRP,Pilates 1.45-2.45pm,18-04-18,01-01-00 13:45,35,22,2999,April,Wednesday,13,Afternoon,62.85714286,65978
BRP,Pilates 1.45-2.45pm,25-04-18,01-01-00 13:45,35,23,2999,April,Wednesday,13,Afternoon,65.71428571,68977
BRP,Pilates 1.45-2.45pm,02-05-18,01-01-00 13:45,35,19,2999,May,Wednesday,13,Afternoon,54.28571429,56981
BRP,Pilates 1.45-2.45pm,09-05-18,01-01-00 13:45,35,20,2999,May,Wednesday,13,Afternoon,57.14285714,59980
BRP,Pilates 1.45-2.45pm,16-05-18,01-01-00 13:45,35,18,2999,May,Wednesday,13,Afternoon,51.42857143,53982
BRP,Pilates 1.45-2.45pm,23-05-18,01-01-00 13:45,35,20,2999,May,Wednesday,13,Afternoon,57.14285714,59980
BRP,Pilates 1.45-2.45pm,30-05-18,01-01-00 13:45,35,19,2999,May,Wednesday,13,Afternoon,54.28571429,56981
NBL,Pilates 1.45-2.45pm,03-04-18,01-01-00 13:45,60,39,2999,April,Tuesday,13,Afternoon,65,116961
NBL,Pilates 1.45-2.45pm,10-04-18,01-01-00 13:45,60,38,2999,April,Tuesday,13,Afternoon,63.33333333,113962
NBL,Pilates 1.45-2.45pm,17-04-18,01-01-00 13:45,60,45,2999,April,Tuesday,13,Afternoon,75,134955
NBL,Pilates 1.45-2.45pm,24-04-18,01-01-00 13:45,60,38,2999,April,Tuesday,13,Afternoon,63.33333333,113962
NBL,Pilates 1.45-2.45pm,01-05-18,01-01-00 13:45,60,45,2999,May,Tuesday,13,Afternoon,75,134955
NBL,Pilates 1.45-2.45pm,08-05-18,01-01-00 13:45,60,41,2999,May,Tuesday,13,Afternoon,68.33333333,122959
NBL,Pilates 1.45-2.45pm,15-05-18,01-01-00 13:45,60,33,2999,May,Tuesday,13,Afternoon,55,98967
NBL,Pilates 1.45-2.45pm,22-05-18,01-01-00 13:45,60,37,2999,May,Tuesday,13,Afternoon,61.66666667,110963
NBL,Pilates 1.45-2.45pm,29-05-18,01-01-00 13:45,60,31,2999,May,Tuesday,13,Afternoon,51.66666667,92969
NBL,Pilates 10.00-11.00am,06-04-18,01-01-00 10:00,60,17,2999,April,Friday,10,Morning,28.33333333,50983
NBL,Pilates 10.00-11.00am,13-04-18,01-01-00 10:00,60,20,2999,April,Friday,10,Morning,33.33333333,59980
NBL,Pilates 10.00-11.00am,20-04-18,01-01-00 10:00,60,14,2999,April,Friday,10,Morning,23.33333333,41986
NBL,Pilates 10.00-11.00am,27-04-18,01-01-00 10:00,60,19,2999,April,Friday,10,Morning,31.66666667,56981
NBL,Pilates 10.00-11.00am,11-05-18,01-01-00 10:00,60,17,2999,May,Friday,10,Morning,28.33333333,50983
NBL,Pilates 10.00-11.00am,18-05-18,01-01-00 10:00,60,18,2999,May,Friday,10,Morning,30,53982
NBL,Pilates 10.00-11.00am,25-05-18,01-01-00 10:00,60,26,2999,May,Friday,10,Morning,43.33333333,77974
BRP,Pilates 11.00-12.00 Noon,03-04-18,01-01-00 11:00,35,35,2999,April,Tuesday,11,Morning,100,104965
BRP,Pilates 11.00-12.00 Noon,10-04-18,01-01-00 11:00,35,34,2999,April,Tuesday,11,Morning,97.14285714,101966
BRP,Pilates 11.00-12.00 Noon,17-04-18,01-01-00 11:00,35,31,2999,April,Tuesday,11,Morning,88.57142857,92969
BRP,Pilates 11.00-12.00 Noon,24-04-18,01-01-00 11:00,35,31,2999,April,Tuesday,11,Morning,88.57142857,92969
BRP,Pilates 11.00-12.00 Noon,01-05-18,01-01-00 11:00,35,25,2999,May,Tuesday,11,Morning,71.42857143,74975
BRP,Pilates 11.00-12.00 Noon,08-05-18,01-01-00 11:00,35,27,2999,May,Tuesday,11,Morning,77.14285714,80973
BRP,Pilates 11.00-12.00 Noon,15-05-18,01-01-00 11:00,35,28,2999,May,Tuesday,11,Morning,80,83972
BRP,Pilates 11.00-12.00 Noon,22-05-18,01-01-00 11:00,35,29,2999,May,Tuesday,11,Morning,82.85714286,86971
BRP,Pilates 11.00-12.00 Noon,29-05-18,01-01-00 11:00,35,22,2999,May,Tuesday,11,Morning,62.85714286,65978
BRP,Pilates 12.15-1.15pm,02-04-18,01-01-00 12:15,35,20,2999,April,Monday,12,Afternoon,57.14285714,59980
BRP,Pilates 12.15-1.15pm,09-04-18,01-01-00 12:15,35,14,2999,April,Monday,12,Afternoon,40,41986
BRP,Pilates 12.15-1.15pm,16-04-18,01-01-00 12:15,35,28,2999,April,Monday,12,Afternoon,80,83972
BRP,Pilates 12.15-1.15pm,23-04-18,01-01-00 12:15,35,16,2999,April,Monday,12,Afternoon,45.71428571,47984
BRP,Pilates 12.15-1.15pm,30-04-18,01-01-00 12:15,35,22,2999,April,Monday,12,Afternoon,62.85714286,65978
BRP,Pilates 12.15-1.15pm,07-05-18,01-01-00 12:15,35,18,2999,May,Monday,12,Afternoon,51.42857143,53982
BRP,Pilates 12.15-1.15pm,14-05-18,01-01-00 12:15,35,22,2999,May,Monday,12,Afternoon,62.85714286,65978
BRP,Pilates 12.15-1.15pm,21-05-18,01-01-00 12:15,35,25,2999,May,Monday,12,Afternoon,71.42857143,74975
BRP,Pilates 12.15-1.15pm,28-05-18,01-01-00 12:15,35,20,2999,May,Monday,12,Afternoon,57.14285714,59980
HXP,Pilates 13.45-14.45,02-04-18,01-01-00 13:45,25,12,2999,April,Monday,13,Afternoon,48,35988
HXP,Pilates 13.45-14.45,09-04-18,01-01-00 13:45,25,12,2999,April,Monday,13,Afternoon,48,35988
HXP,Pilates 13.45-14.45,16-04-18,01-01-00 13:45,25,17,2999,April,Monday,13,Afternoon,68,50983
HXP,Pilates 13.45-14.45,23-04-18,01-01-00 13:45,25,14,2999,April,Monday,13,Afternoon,56,41986
HXP,Pilates 13.45-14.45,30-04-18,01-01-00 13:45,25,13,2999,April,Monday,13,Afternoon,52,38987
HXP,Pilates 13.45-14.45,07-05-18,01-01-00 13:45,25,4,2999,May,Monday,13,Afternoon,16,11996
HXP,Pilates 13.45-14.45,14-05-18,01-01-00 13:45,25,14,2999,May,Monday,13,Afternoon,56,41986
HXP,Pilates 13.45-14.45,21-05-18,01-01-00 13:45,25,15,2999,May,Monday,13,Afternoon,60,44985
NBL,Pilates 14:45- 15:45,05-04-18,01-01-00 14:45,60,12,2999,April,Thursday,14,Afternoon,20,35988
NBL,Pilates 14:45- 15:45,12-04-18,01-01-00 14:45,60,18,2999,April,Thursday,14,Afternoon,30,53982
NBL,Pilates 14:45- 15:45,19-04-18,01-01-00 14:45,60,8,2999,April,Thursday,14,Afternoon,13.33333333,23992
NBL,Pilates 14:45- 15:45,26-04-18,01-01-00 14:45,60,14,2999,April,Thursday,14,Afternoon,23.33333333,41986
NBL,Pilates 14:45- 15:45,03-05-18,01-01-00 14:45,60,8,2999,May,Thursday,14,Afternoon,13.33333333,23992
NBL,Pilates 14:45- 15:45,10-05-18,01-01-00 14:45,60,10,2999,May,Thursday,14,Afternoon,16.66666667,29990
NBL,Pilates 14:45- 15:45,17-05-18,01-01-00 14:45,60,11,2999,May,Thursday,14,Afternoon,18.33333333,32989
NBL,Pilates 14:45- 15:45,24-05-18,01-01-00 14:45,60,7,2999,May,Thursday,14,Afternoon,11.66666667,20993
NBL,Pilates 14:45- 15:45,31-05-18,01-01-00 14:45,60,9,2999,May,Thursday,14,Afternoon,15,26991
NBL,Pilates 5.00-5.45pm,04-04-18,01-01-00 17:00,60,35,2999,April,Wednesday,17,Evening,58.33333333,104965
NBL,Pilates 5.00-5.45pm,11-04-18,01-01-00 17:00,60,31,2999,April,Wednesday,17,Evening,51.66666667,92969
NBL,Pilates 5.00-5.45pm,18-04-18,01-01-00 17:00,60,31,2999,April,Wednesday,17,Evening,51.66666667,92969
NBL,Pilates 5.00-5.45pm,25-04-18,01-01-00 17:00,60,22,2999,April,Wednesday,17,Evening,36.66666667,65978
NBL,Pilates 5.00-5.45pm,02-05-18,01-01-00 17:00,60,25,2999,May,Wednesday,17,Evening,41.66666667,74975
NBL,Pilates 5.00-5.45pm,09-05-18,01-01-00 17:00,60,19,2999,May,Wednesday,17,Evening,31.66666667,56981
NBL,Pilates 5.00-5.45pm,16-05-18,01-01-00 17:00,60,30,2999,May,Wednesday,17,Evening,50,89970
NBL,Pilates 5.00-5.45pm,23-05-18,01-01-00 17:00,60,19,2999,May,Wednesday,17,Evening,31.66666667,56981
NBL,Pilates 5.00-5.45pm,30-05-18,01-01-00 17:00,60,22,2999,May,Wednesday,17,Evening,36.66666667,65978
NBL,Pilates 6.45-7.45pm,05-04-18,01-01-00 18:45,60,13,2999,April,Thursday,18,Evening,21.66666667,38987
NBL,Pilates 6.45-7.45pm,12-04-18,01-01-00 18:45,60,19,2999,April,Thursday,18,Evening,31.66666667,56981
NBL,Pilates 6.45-7.45pm,19-04-18,01-01-00 18:45,60,14,2999,April,Thursday,18,Evening,23.33333333,41986
NBL,Pilates 6.45-7.45pm,26-04-18,01-01-00 18:45,60,25,2999,April,Thursday,18,Evening,41.66666667,74975
NBL,Pilates 6.45-7.45pm,10-05-18,01-01-00 18:45,60,22,2999,May,Thursday,18,Evening,36.66666667,65978
NBL,Pilates 6.45-7.45pm,17-05-18,01-01-00 18:45,60,15,2999,May,Thursday,18,Evening,25,44985
NBL,Pilates 6.45-7.45pm,24-05-18,01-01-00 18:45,60,10,2999,May,Thursday,18,Evening,16.66666667,29990
NBL,Pilates 6.45-7.45pm,31-05-18,01-01-00 18:45,60,25,2999,May,Thursday,18,Evening,41.66666667,74975
BRP,Pilates 7.30-8.30pm,04-04-18,01-01-00 19:30,35,16,2999,April,Wednesday,19,Evening,45.71428571,47984
BRP,Pilates 7.30-8.30pm,11-04-18,01-01-00 19:30,35,23,2999,April,Wednesday,19,Evening,65.71428571,68977
BRP,Pilates 7.30-8.30pm,18-04-18,01-01-00 19:30,35,24,2999,April,Wednesday,19,Evening,68.57142857,71976
BRP,Pilates 7.30-8.30pm,25-04-18,01-01-00 19:30,35,27,2999,April,Wednesday,19,Evening,77.14285714,80973
BRP,Pilates 7.30-8.30pm,09-05-18,01-01-00 19:30,35,31,2999,May,Wednesday,19,Evening,88.57142857,92969
BRP,Pilates 7.30-8.30pm,23-05-18,01-01-00 19:30,35,24,2999,May,Wednesday,19,Evening,68.57142857,71976
BRP,Pilates 7.30-8.30pm,30-05-18,01-01-00 19:30,35,20,2999,May,Wednesday,19,Evening,57.14285714,59980
SBP,Pilates 8.00pm-9.00pm,03-04-18,01-01-00 20:00,35,31,2999,April,Tuesday,20,Evening,88.57142857,92969
SBP,Pilates 8.00pm-9.00pm,10-04-18,01-01-00 20:00,35,22,2999,April,Tuesday,20,Evening,62.85714286,65978
SBP,Pilates 8.00pm-9.00pm,17-04-18,01-01-00 20:00,35,27,2999,April,Tuesday,20,Evening,77.14285714,80973
SBP,Pilates 8.00pm-9.00pm,24-04-18,01-01-00 20:00,35,29,2999,April,Tuesday,20,Evening,82.85714286,86971
SBP,Pilates 8.00pm-9.00pm,01-05-18,01-01-00 20:00,35,29,2999,May,Tuesday,20,Evening,82.85714286,86971
SBP,Pilates 8.00pm-9.00pm,08-05-18,01-01-00 20:00,35,22,2999,May,Tuesday,20,Evening,62.85714286,65978
SBP,Pilates 8.00pm-9.00pm,15-05-18,01-01-00 20:00,35,17,2999,May,Tuesday,20,Evening,48.57142857,50983
SBP,Pilates 8.00pm-9.00pm,22-05-18,01-01-00 20:00,35,24,2999,May,Tuesday,20,Evening,68.57142857,71976
SBP,Pilates 8.00pm-9.00pm,29-05-18,01-01-00 20:00,35,18,2999,May,Tuesday,20,Evening,51.42857143,53982
HXP,Pilates 9-10am,04-04-18,01-01-00 9:00,25,21,2999,April,Wednesday,9,Morning,84,62979
HXP,Pilates 9-10am,11-04-18,01-01-00 9:00,25,21,2999,April,Wednesday,9,Morning,84,62979
HXP,Pilates 9-10am,18-04-18,01-01-00 9:00,25,25,2999,April,Wednesday,9,Morning,100,74975
HXP,Pilates 9-10am,25-04-18,01-01-00 9:00,25,25,2999,April,Wednesday,9,Morning,100,74975
HXP,Pilates 9-10am,02-05-18,01-01-00 9:00,25,24,2999,May,Wednesday,9,Morning,96,71976
HXP,Pilates 9-10am,09-05-18,01-01-00 9:00,25,22,2999,May,Wednesday,9,Morning,88,65978
HXP,Pilates 9-10am,16-05-18,01-01-00 9:00,25,23,2999,May,Wednesday,9,Morning,92,68977
HXP,Pilates 9-10am,23-05-18,01-01-00 9:00,25,25,2999,May,Wednesday,9,Morning,100,74975
HXP,Pilates 9-10am,30-05-18,01-01-00 9:00,25,21,2999,May,Wednesday,9,Morning,84,62979
HXP,Pilates 9.00-9.50am,05-04-18,01-01-00 9:00,25,22,2999,April,Thursday,9,Morning,88,65978
HXP,Pilates 9.00-9.50am,12-04-18,01-01-00 9:00,25,24,2999,April,Thursday,9,Morning,96,71976
HXP,Pilates 9.00-9.50am,19-04-18,01-01-00 9:00,25,22,2999,April,Thursday,9,Morning,88,65978
HXP,Pilates 9.00-9.50am,26-04-18,01-01-00 9:00,25,24,2999,April,Thursday,9,Morning,96,71976
HXP,Pilates 9.00-9.50am,03-05-18,01-01-00 9:00,25,25,2999,May,Thursday,9,Morning,100,74975
HXP,Pilates 9.00-9.50am,10-05-18,01-01-00 9:00,25,25,2999,May,Thursday,9,Morning,100,74975
HXP,Pilates 9.00-9.50am,17-05-18,01-01-00 9:00,25,25,2999,May,Thursday,9,Morning,100,74975
HXP,Pilates 9.00-9.50am,24-05-18,01-01-00 9:00,25,24,2999,May,Thursday,9,Morning,96,71976
HXP,Pilates 9.00-9.50am,31-05-18,01-01-00 9:00,25,25,2999,May,Thursday,9,Morning,100,74975
TSC,Pilates 9.30-10.30am,04-04-18,01-01-00 9:30,24,24,2999,April,Wednesday,9,Morning,100,71976
TSC,Pilates 9.30-10.30am,06-04-18,01-01-00 9:30,24,24,2999,April,Friday,9,Morning,100,71976
TSC,Pilates 9.30-10.30am,11-04-18,01-01-00 9:30,24,24,2999,April,Wednesday,9,Morning,100,71976
TSC,Pilates 9.30-10.30am,13-04-18,01-01-00 9:30,24,24,2999,April,Friday,9,Morning,100,71976
TSC,Pilates 9.30-10.30am,18-04-18,01-01-00 9:30,24,24,2999,April,Wednesday,9,Morning,100,71976
TSC,Pilates 9.30-10.30am,20-04-18,01-01-00 9:30,24,21,2999,April,Friday,9,Morning,87.5,62979
TSC,Pilates 9.30-10.30am,25-04-18,01-01-00 9:30,24,24,2999,April,Wednesday,9,Morning,100,71976
TSC,Pilates 9.30-10.30am,27-04-18,01-01-00 9:30,24,23,2999,April,Friday,9,Morning,95.83333333,68977
TSC,Pilates 9.30-10.30am,02-05-18,01-01-00 9:30,24,24,2999,May,Wednesday,9,Morning,100,71976
TSC,Pilates 9.30-10.30am,04-05-18,01-01-00 9:30,24,24,2999,May,Friday,9,Morning,100,71976
TSC,Pilates 9.30-10.30am,09-05-18,01-01-00 9:30,24,24,2999,May,Wednesday,9,Morning,100,71976
TSC,Pilates 9.30-10.30am,11-05-18,01-01-00 9:30,24,20,2999,May,Friday,9,Morning,83.33333333,59980
TSC,Pilates 9.30-10.30am,16-05-18,01-01-00 9:30,24,24,2999,May,Wednesday,9,Morning,100,71976
TSC,Pilates 9.30-10.30am,18-05-18,01-01-00 9:30,24,24,2999,May,Friday,9,Morning,100,71976
TSC,Pilates 9.30-10.30am,23-05-18,01-01-00 9:30,24,24,2999,May,Wednesday,9,Morning,100,71976
TSC,Pilates 9.30-10.30am,25-05-18,01-01-00 9:30,24,24,2999,May,Friday,9,Morning,100,71976
TSC,Pilates 9.30-10.30am,30-05-18,01-01-00 9:30,24,22,2999,May,Wednesday,9,Morning,91.66666667,65978
NBL,Power Yoga 10.00-11.00am,09-04-18,01-01-00 10:00,70,9,2499,April,Monday,10,Morning,12.85714286,22491
NBL,Power Yoga 10.00-11.00am,16-04-18,01-01-00 10:00,70,25,2499,April,Monday,10,Morning,35.71428571,62475
NBL,Power Yoga 10.00-11.00am,23-04-18,01-01-00 10:00,70,25,2499,April,Monday,10,Morning,35.71428571,62475
NBL,Power Yoga 10.00-11.00am,14-05-18,01-01-00 10:00,70,20,2499,May,Monday,10,Morning,28.57142857,49980
NBL,Power Yoga 10.00-11.00am,21-05-18,01-01-00 10:00,70,18,2499,May,Monday,10,Morning,25.71428571,44982
NBL,Power Yoga 10.15-11.15am,04-04-18,01-01-00 10:15,60,20,2499,April,Wednesday,10,Morning,33.33333333,49980
NBL,Power Yoga 10.15-11.15am,11-04-18,01-01-00 10:15,60,17,2499,April,Wednesday,10,Morning,28.33333333,42483
NBL,Power Yoga 10.15-11.15am,18-04-18,01-01-00 10:15,60,21,2499,April,Wednesday,10,Morning,35,52479
NBL,Power Yoga 10.15-11.15am,25-04-18,01-01-00 10:15,60,18,2499,April,Wednesday,10,Morning,30,44982
NBL,Power Yoga 10.15-11.15am,09-05-18,01-01-00 10:15,60,21,2499,May,Wednesday,10,Morning,35,52479
NBL,Power Yoga 10.15-11.15am,16-05-18,01-01-00 10:15,60,23,2499,May,Wednesday,10,Morning,38.33333333,57477
NBL,Power Yoga 10.15-11.15am,23-05-18,01-01-00 10:15,60,29,2499,May,Wednesday,10,Morning,48.33333333,72471
NBL,Pump  8.15-9.15pm,03-04-18,01-01-00 20:15,60,17,2999,April,Tuesday,20,Evening,28.33333333,50983
NBL,Pump  8.15-9.15pm,10-04-18,01-01-00 20:15,60,14,2999,April,Tuesday,20,Evening,23.33333333,41986
NBL,Pump  8.15-9.15pm,17-04-18,01-01-00 20:15,60,20,2999,April,Tuesday,20,Evening,33.33333333,59980
NBL,Pump  8.15-9.15pm,24-04-18,01-01-00 20:15,60,15,2999,April,Tuesday,20,Evening,25,44985
NBL,Pump  8.15-9.15pm,01-05-18,01-01-00 20:15,60,24,2999,May,Tuesday,20,Evening,40,71976
NBL,Pump  8.15-9.15pm,08-05-18,01-01-00 20:15,60,16,2999,May,Tuesday,20,Evening,26.66666667,47984
NBL,Pump  8.15-9.15pm,15-05-18,01-01-00 20:15,60,11,2999,May,Tuesday,20,Evening,18.33333333,32989
NBL,Pump  8.15-9.15pm,22-05-18,01-01-00 20:15,60,13,2999,May,Tuesday,20,Evening,21.66666667,38987
NBL,Pump  8.15-9.15pm,29-05-18,01-01-00 20:15,60,13,2999,May,Tuesday,20,Evening,21.66666667,38987
BRP,Pure Stretch  11.00 12.00,01-04-18,01-01-00 11:00,35,26,999,April,Sunday,11,Morning,74.28571429,25974
BRP,Pure Stretch  11.00 12.00,08-04-18,01-01-00 11:00,35,29,999,April,Sunday,11,Morning,82.85714286,28971
BRP,Pure Stretch  11.00 12.00,22-04-18,01-01-00 11:00,35,26,999,April,Sunday,11,Morning,74.28571429,25974
BRP,Pure Stretch  11.00 12.00,29-04-18,01-01-00 11:00,35,23,999,April,Sunday,11,Morning,65.71428571,22977
BRP,Pure Stretch  11.00 12.00,06-05-18,01-01-00 11:00,35,20,999,May,Sunday,11,Morning,57.14285714,19980
BRP,Pure Stretch  11.00 12.00,13-05-18,01-01-00 11:00,35,29,999,May,Sunday,11,Morning,82.85714286,28971
BRP,Pure Stretch  11.00 12.00,20-05-18,01-01-00 11:00,35,22,999,May,Sunday,11,Morning,62.85714286,21978
BRP,Pure Stretch  11.00 12.00,27-05-18,01-01-00 11:00,35,20,999,May,Sunday,11,Morning,57.14285714,19980
SBP,Pure Stretch 12.00-1.00pm,05-04-18,01-01-00 12:00,35,18,999,April,Thursday,12,Afternoon,51.42857143,17982
SBP,Pure Stretch 12.00-1.00pm,12-04-18,01-01-00 12:00,35,19,999,April,Thursday,12,Afternoon,54.28571429,18981
SBP,Pure Stretch 12.00-1.00pm,19-04-18,01-01-00 12:00,35,20,999,April,Thursday,12,Afternoon,57.14285714,19980
SBP,Pure Stretch 12.00-1.00pm,26-04-18,01-01-00 12:00,35,17,999,April,Thursday,12,Afternoon,48.57142857,16983
SBP,Pure Stretch 12.00-1.00pm,03-05-18,01-01-00 12:00,35,19,999,May,Thursday,12,Afternoon,54.28571429,18981
SBP,Pure Stretch 12.00-1.00pm,10-05-18,01-01-00 12:00,35,20,999,May,Thursday,12,Afternoon,57.14285714,19980
SBP,Pure Stretch 12.00-1.00pm,17-05-18,01-01-00 12:00,35,19,999,May,Thursday,12,Afternoon,54.28571429,18981
SBP,Pure Stretch 12.00-1.00pm,24-05-18,01-01-00 12:00,35,16,999,May,Thursday,12,Afternoon,45.71428571,15984
SBP,Pure Stretch 12.00-1.00pm,31-05-18,01-01-00 12:00,35,22,999,May,Thursday,12,Afternoon,62.85714286,21978
SBP,Pure Stretch 8-9pm,04-04-18,01-01-00 20:00,35,13,999,April,Wednesday,20,Evening,37.14285714,12987
SBP,Pure Stretch 8-9pm,11-04-18,01-01-00 20:00,35,20,999,April,Wednesday,20,Evening,57.14285714,19980
SBP,Pure Stretch 8-9pm,18-04-18,01-01-00 20:00,35,22,999,April,Wednesday,20,Evening,62.85714286,21978
SBP,Pure Stretch 8-9pm,25-04-18,01-01-00 20:00,35,27,999,April,Wednesday,20,Evening,77.14285714,26973
SBP,Pure Stretch 8-9pm,02-05-18,01-01-00 20:00,35,21,999,May,Wednesday,20,Evening,60,20979
SBP,Pure Stretch 8-9pm,09-05-18,01-01-00 20:00,35,25,999,May,Wednesday,20,Evening,71.42857143,24975
SBP,Pure Stretch 8-9pm,16-05-18,01-01-00 20:00,35,21,999,May,Wednesday,20,Evening,60,20979
SBP,Pure Stretch 8-9pm,23-05-18,01-01-00 20:00,35,20,999,May,Wednesday,20,Evening,57.14285714,19980
SBP,Pure Stretch 8-9pm,30-05-18,01-01-00 20:00,35,19,999,May,Wednesday,20,Evening,54.28571429,18981
HXP,Rock Roll Dancing 3 - 4pm,04-04-18,01-01-00 15:00,24,11,1999,April,Wednesday,15,Afternoon,45.83333333,21989
HXP,Rock Roll Dancing 3 - 4pm,11-04-18,01-01-00 15:00,24,9,1999,April,Wednesday,15,Afternoon,37.5,17991
HXP,Rock Roll Dancing 3 - 4pm,18-04-18,01-01-00 15:00,24,8,1999,April,Wednesday,15,Afternoon,33.33333333,15992
HXP,Rock Roll Dancing 3 - 4pm,25-04-18,01-01-00 15:00,24,8,1999,April,Wednesday,15,Afternoon,33.33333333,15992
HXP,Rock Roll Dancing 3 - 4pm,02-05-18,01-01-00 15:00,24,6,1999,May,Wednesday,15,Afternoon,25,11994
HXP,Rock Roll Dancing 3 - 4pm,09-05-18,01-01-00 15:00,24,9,1999,May,Wednesday,15,Afternoon,37.5,17991
HXP,Rock Roll Dancing 3 - 4pm,16-05-18,01-01-00 15:00,24,3,1999,May,Wednesday,15,Afternoon,12.5,5997
HXP,Rock Roll Dancing 3 - 4pm,23-05-18,01-01-00 15:00,24,10,1999,May,Wednesday,15,Afternoon,41.66666667,19990
HXP,Rock Roll Dancing 3 - 4pm,30-05-18,01-01-00 15:00,24,8,1999,May,Wednesday,15,Afternoon,33.33333333,15992
NBL,Sh`Bam   6.30-7.30pm,06-04-18,01-01-00 18:30,70,37,999,April,Friday,18,Evening,52.85714286,36963
NBL,Sh`Bam   6.30-7.30pm,13-04-18,01-01-00 18:30,70,23,999,April,Friday,18,Evening,32.85714286,22977
NBL,Sh`Bam   6.30-7.30pm,20-04-18,01-01-00 18:30,70,40,999,April,Friday,18,Evening,57.14285714,39960
NBL,Sh`Bam   6.30-7.30pm,27-04-18,01-01-00 18:30,70,32,999,April,Friday,18,Evening,45.71428571,31968
NBL,Sh`Bam   6.30-7.30pm,04-05-18,01-01-00 18:30,70,23,999,May,Friday,18,Evening,32.85714286,22977
NBL,Sh`Bam   6.30-7.30pm,11-05-18,01-01-00 18:30,70,25,999,May,Friday,18,Evening,35.71428571,24975
NBL,Sh`Bam   6.30-7.30pm,18-05-18,01-01-00 18:30,70,23,999,May,Friday,18,Evening,32.85714286,22977
NBL,Sh`Bam   6.30-7.30pm,25-05-18,01-01-00 18:30,70,16,999,May,Friday,18,Evening,22.85714286,15984
NBL,Sh`Bam  7.30-8.15pm,03-04-18,01-01-00 19:30,70,30,999,April,Tuesday,19,Evening,42.85714286,29970
NBL,Sh`Bam  7.30-8.15pm,10-04-18,01-01-00 19:30,70,30,999,April,Tuesday,19,Evening,42.85714286,29970
NBL,Sh`Bam  7.30-8.15pm,17-04-18,01-01-00 19:30,70,32,999,April,Tuesday,19,Evening,45.71428571,31968
NBL,Sh`Bam  7.30-8.15pm,24-04-18,01-01-00 19:30,70,32,999,April,Tuesday,19,Evening,45.71428571,31968
NBL,Sh`Bam  7.30-8.15pm,01-05-18,01-01-00 19:30,70,35,999,May,Tuesday,19,Evening,50,34965
NBL,Sh`Bam  7.30-8.15pm,08-05-18,01-01-00 19:30,70,28,999,May,Tuesday,19,Evening,40,27972
NBL,Sh`Bam  7.30-8.15pm,15-05-18,01-01-00 19:30,70,22,999,May,Tuesday,19,Evening,31.42857143,21978
NBL,Sh`Bam  7.30-8.15pm,22-05-18,01-01-00 19:30,70,32,999,May,Tuesday,19,Evening,45.71428571,31968
NBL,Sh`Bam  7.30-8.15pm,29-05-18,01-01-00 19:30,70,25,999,May,Tuesday,19,Evening,35.71428571,24975
NBL,Sha`Bam  11.00-12.00pm,07-04-18,01-01-00 11:00,70,15,999,April,Saturday,11,Morning,21.42857143,14985
NBL,Sha`Bam  11.00-12.00pm,21-04-18,01-01-00 11:00,70,12,999,April,Saturday,11,Morning,17.14285714,11988
NBL,Sha`Bam  11.00-12.00pm,28-04-18,01-01-00 11:00,70,11,999,April,Saturday,11,Morning,15.71428571,10989
NBL,Sha`Bam  11.00-12.00pm,05-05-18,01-01-00 11:00,70,14,999,May,Saturday,11,Morning,20,13986
NBL,Sha`Bam  11.00-12.00pm,12-05-18,01-01-00 11:00,70,18,999,May,Saturday,11,Morning,25.71428571,17982
NBL,Sha`Bam  11.00-12.00pm,19-05-18,01-01-00 11:00,70,13,999,May,Saturday,11,Morning,18.57142857,12987
NBL,Sha`Bam  11.00-12.00pm,26-05-18,01-01-00 11:00,70,12,999,May,Saturday,11,Morning,17.14285714,11988
TSC,Step 6-7pm,05-04-18,01-01-00 18:00,14,15,1999,April,Thursday,18,Evening,107.1428571,29985
TSC,Step 6-7pm,12-04-18,01-01-00 18:00,14,14,1999,April,Thursday,18,Evening,100,27986
TSC,Step 6-7pm,19-04-18,01-01-00 18:00,14,11,1999,April,Thursday,18,Evening,78.57142857,21989
TSC,Step 6-7pm,26-04-18,01-01-00 18:00,14,11,1999,April,Thursday,18,Evening,78.57142857,21989
TSC,Step 6-7pm,03-05-18,01-01-00 18:00,14,14,1999,May,Thursday,18,Evening,100,27986
TSC,Step 6-7pm,10-05-18,01-01-00 18:00,14,14,1999,May,Thursday,18,Evening,100,27986
TSC,Step 6-7pm,17-05-18,01-01-00 18:00,14,15,1999,May,Thursday,18,Evening,107.1428571,29985
TSC,Step 6-7pm,24-05-18,01-01-00 18:00,14,14,1999,May,Thursday,18,Evening,100,27986
TSC,Step 6-7pm,31-05-18,01-01-00 18:00,14,13,1999,May,Thursday,18,Evening,92.85714286,25987
NBL,Step Aerobics 10-11.00am,07-04-18,01-01-00 10:00,60,19,1999,April,Saturday,10,Morning,31.66666667,37981
NBL,Step Aerobics 10-11.00am,21-04-18,01-01-00 10:00,60,18,1999,April,Saturday,10,Morning,30,35982
NBL,Step Aerobics 10-11.00am,28-04-18,01-01-00 10:00,60,25,1999,April,Saturday,10,Morning,41.66666667,49975
NBL,Step Aerobics 10-11.00am,05-05-18,01-01-00 10:00,60,19,1999,May,Saturday,10,Morning,31.66666667,37981
NBL,Step Aerobics 10-11.00am,12-05-18,01-01-00 10:00,60,23,1999,May,Saturday,10,Morning,38.33333333,45977
NBL,Step Aerobics 10-11.00am,19-05-18,01-01-00 10:00,60,17,1999,May,Saturday,10,Morning,28.33333333,33983
NBL,Step Aerobics 10-11.00am,26-05-18,01-01-00 10:00,60,26,1999,May,Saturday,10,Morning,43.33333333,51974
NBL,Step Aerobics 5.45-6.30pm,03-04-18,01-01-00 17:45,60,21,1999,April,Tuesday,17,Evening,35,41979
NBL,Step Aerobics 5.45-6.30pm,10-04-18,01-01-00 17:45,60,23,1999,April,Tuesday,17,Evening,38.33333333,45977
NBL,Step Aerobics 5.45-6.30pm,17-04-18,01-01-00 17:45,60,32,1999,April,Tuesday,17,Evening,53.33333333,63968
NBL,Step Aerobics 5.45-6.30pm,24-04-18,01-01-00 17:45,60,31,1999,April,Tuesday,17,Evening,51.66666667,61969
NBL,Step Aerobics 5.45-6.30pm,01-05-18,01-01-00 17:45,60,27,1999,May,Tuesday,17,Evening,45,53973
NBL,Step Aerobics 5.45-6.30pm,08-05-18,01-01-00 17:45,60,22,1999,May,Tuesday,17,Evening,36.66666667,43978
NBL,Step Aerobics 5.45-6.30pm,15-05-18,01-01-00 17:45,60,27,1999,May,Tuesday,17,Evening,45,53973
NBL,Step Aerobics 5.45-6.30pm,22-05-18,01-01-00 17:45,60,25,1999,May,Tuesday,17,Evening,41.66666667,49975
NBL,Step Aerobics 5.45-6.30pm,29-05-18,01-01-00 17:45,60,18,1999,May,Tuesday,17,Evening,30,35982
SBP,Step Heidi (from Nb)10.30,14-04-18,01-01-00 10:30,30,18,1999,April,Saturday,10,Morning,60,35982
SBP,Step Zumba 6.00-7.00pm,05-04-18,01-01-00 18:00,30,13,1999,April,Thursday,18,Evening,43.33333333,25987
SBP,Step Zumba 6.00-7.00pm,12-04-18,01-01-00 18:00,30,13,1999,April,Thursday,18,Evening,43.33333333,25987
SBP,Step Zumba 6.00-7.00pm,19-04-18,01-01-00 18:00,30,14,1999,April,Thursday,18,Evening,46.66666667,27986
SBP,Step Zumba 6.00-7.00pm,26-04-18,01-01-00 18:00,30,15,1999,April,Thursday,18,Evening,50,29985
SBP,Step Zumba 6.00-7.00pm,03-05-18,01-01-00 18:00,30,20,1999,May,Thursday,18,Evening,66.66666667,39980
SBP,Step Zumba 6.00-7.00pm,10-05-18,01-01-00 18:00,30,17,1999,May,Thursday,18,Evening,56.66666667,33983
SBP,Step Zumba 6.00-7.00pm,17-05-18,01-01-00 18:00,30,13,1999,May,Thursday,18,Evening,43.33333333,25987
SBP,Step Zumba 6.00-7.00pm,24-05-18,01-01-00 18:00,30,10,1999,May,Thursday,18,Evening,33.33333333,19990
SBP,Step Zumba 6.00-7.00pm,31-05-18,01-01-00 18:00,30,11,1999,May,Thursday,18,Evening,36.66666667,21989
TSC,Step- 10.00-11.00am,03-04-18,01-01-00 10:00,20,14,1999,April,Tuesday,10,Morning,70,27986
TSC,Step- 10.00-11.00am,10-04-18,01-01-00 10:00,20,14,1999,April,Tuesday,10,Morning,70,27986
TSC,Step- 10.00-11.00am,17-04-18,01-01-00 10:00,20,12,1999,April,Tuesday,10,Morning,60,23988
TSC,Step- 10.00-11.00am,24-04-18,01-01-00 10:00,20,11,1999,April,Tuesday,10,Morning,55,21989
TSC,Step- 10.00-11.00am,01-05-18,01-01-00 10:00,20,13,1999,May,Tuesday,10,Morning,65,25987
TSC,Step- 10.00-11.00am,08-05-18,01-01-00 10:00,20,9,1999,May,Tuesday,10,Morning,45,17991
TSC,Step- 10.00-11.00am,15-05-18,01-01-00 10:00,20,11,1999,May,Tuesday,10,Morning,55,21989
TSC,Step- 10.00-11.00am,22-05-18,01-01-00 10:00,20,12,1999,May,Tuesday,10,Morning,60,23988
TSC,Step- 10.00-11.00am,29-05-18,01-01-00 10:00,20,9,1999,May,Tuesday,10,Morning,45,17991
NBL,Strength&stretch1230-1330,04-04-18,01-01-00 12:30,60,8,2999,April,Wednesday,12,Afternoon,13.33333333,23992
NBL,Strength&stretch1230-1330,11-04-18,01-01-00 12:30,60,11,2999,April,Wednesday,12,Afternoon,18.33333333,32989
NBL,Strength&stretch1230-1330,18-04-18,01-01-00 12:30,60,6,2999,April,Wednesday,12,Afternoon,10,17994
NBL,Strength&stretch1230-1330,25-04-18,01-01-00 12:30,60,6,2999,April,Wednesday,12,Afternoon,10,17994
NBL,Strength&stretch1230-1330,02-05-18,01-01-00 12:30,60,4,2999,May,Wednesday,12,Afternoon,6.666666667,11996
NBL,Strength&stretch1230-1330,09-05-18,01-01-00 12:30,60,5,2999,May,Wednesday,12,Afternoon,8.333333333,14995
NBL,Strength&stretch1230-1330,16-05-18,01-01-00 12:30,60,8,2999,May,Wednesday,12,Afternoon,13.33333333,23992
NBL,Strength&stretch1230-1330,23-05-18,01-01-00 12:30,60,8,2999,May,Wednesday,12,Afternoon,13.33333333,23992
NBL,Strength&stretch1230-1330,30-05-18,01-01-00 12:30,60,6,2999,May,Wednesday,12,Afternoon,10,17994
SBP,Stretch   11.30-12.30pm,04-04-18,01-01-00 11:30,35,16,999,April,Wednesday,11,Morning,45.71428571,15984
SBP,Stretch   11.30-12.30pm,18-04-18,01-01-00 11:30,35,16,999,April,Wednesday,11,Morning,45.71428571,15984
SBP,Stretch   11.30-12.30pm,25-04-18,01-01-00 11:30,35,19,999,April,Wednesday,11,Morning,54.28571429,18981
SBP,Stretch   11.30-12.30pm,02-05-18,01-01-00 11:30,35,21,999,May,Wednesday,11,Morning,60,20979
SBP,Stretch   11.30-12.30pm,09-05-18,01-01-00 11:30,35,17,999,May,Wednesday,11,Morning,48.57142857,16983
SBP,Stretch   11.30-12.30pm,16-05-18,01-01-00 11:30,35,12,999,May,Wednesday,11,Morning,34.28571429,11988
SBP,Stretch   11.30-12.30pm,23-05-18,01-01-00 11:30,35,13,999,May,Wednesday,11,Morning,37.14285714,12987
SBP,Stretch   11.30-12.30pm,30-05-18,01-01-00 11:30,35,11,999,May,Wednesday,11,Morning,31.42857143,10989
SBP,Stretch 11-12.00,22-05-18,01-01-00 11:00,30,9,999,May,Tuesday,11,Morning,30,8991
SBP,Stretch 11-12.00,29-05-18,01-01-00 11:00,30,10,999,May,Tuesday,11,Morning,33.33333333,9990
SBP,Stretch 11-12pm,18-05-18,01-01-00 11:00,35,13,999,May,Friday,11,Morning,37.14285714,12987
SBP,Stretch 6pm -7pm,09-04-18,01-01-00 18:00,35,20,999,April,Monday,18,Evening,57.14285714,19980
SBP,Stretch 6pm -7pm,16-04-18,01-01-00 18:00,35,18,999,April,Monday,18,Evening,51.42857143,17982
SBP,Stretch 6pm -7pm,23-04-18,01-01-00 18:00,35,19,999,April,Monday,18,Evening,54.28571429,18981
SBP,Stretch 6pm -7pm,30-04-18,01-01-00 18:00,35,21,999,April,Monday,18,Evening,60,20979
SBP,Stretch 6pm -7pm,14-05-18,01-01-00 18:00,35,17,999,May,Monday,18,Evening,48.57142857,16983
SBP,Stretch 6pm -7pm,21-05-18,01-01-00 18:00,35,21,999,May,Monday,18,Evening,60,20979
BRP,Stretch And Tone 12-1pm,03-04-18,01-01-00 12:00,35,12,1499,April,Tuesday,12,Afternoon,34.28571429,17988
BRP,Stretch And Tone 12-1pm,10-04-18,01-01-00 12:00,35,9,1499,April,Tuesday,12,Afternoon,25.71428571,13491
BRP,Stretch And Tone 12-1pm,17-04-18,01-01-00 12:00,35,12,1499,April,Tuesday,12,Afternoon,34.28571429,17988
BRP,Stretch And Tone 12-1pm,24-04-18,01-01-00 12:00,35,10,1499,April,Tuesday,12,Afternoon,28.57142857,14990
BRP,Stretch And Tone 12-1pm,01-05-18,01-01-00 12:00,35,8,1499,May,Tuesday,12,Afternoon,22.85714286,11992
BRP,Stretch And Tone 12-1pm,08-05-18,01-01-00 12:00,35,8,1499,May,Tuesday,12,Afternoon,22.85714286,11992
BRP,Stretch And Tone 12-1pm,15-05-18,01-01-00 12:00,35,5,1499,May,Tuesday,12,Afternoon,14.28571429,7495
BRP,Stretch And Tone 12-1pm,22-05-18,01-01-00 12:00,35,9,1499,May,Tuesday,12,Afternoon,25.71428571,13491
BRP,Stretch And Tone 12-1pm,29-05-18,01-01-00 12:00,35,9,1499,May,Tuesday,12,Afternoon,25.71428571,13491
TSC,Stretch Ntone12.30-1.30pm,04-04-18,01-01-00 12:30,24,9,1499,April,Wednesday,12,Afternoon,37.5,13491
TSC,Stretch Ntone12.30-1.30pm,11-04-18,01-01-00 12:30,24,5,1499,April,Wednesday,12,Afternoon,20.83333333,7495
TSC,Stretch Ntone12.30-1.30pm,18-04-18,01-01-00 12:30,24,9,1499,April,Wednesday,12,Afternoon,37.5,13491
TSC,Stretch Ntone12.30-1.30pm,25-04-18,01-01-00 12:30,24,10,1499,April,Wednesday,12,Afternoon,41.66666667,14990
TSC,Stretch Ntone12.30-1.30pm,02-05-18,01-01-00 12:30,24,13,1499,May,Wednesday,12,Afternoon,54.16666667,19487
TSC,Stretch Ntone12.30-1.30pm,09-05-18,01-01-00 12:30,24,12,1499,May,Wednesday,12,Afternoon,50,17988
TSC,Stretch Ntone12.30-1.30pm,16-05-18,01-01-00 12:30,24,8,1499,May,Wednesday,12,Afternoon,33.33333333,11992
TSC,Stretch Ntone12.30-1.30pm,23-05-18,01-01-00 12:30,24,10,1499,May,Wednesday,12,Afternoon,41.66666667,14990
TSC,Stretch Ntone12.30-1.30pm,30-05-18,01-01-00 12:30,24,8,1499,May,Wednesday,12,Afternoon,33.33333333,11992
TSC,Stroke Skill19.15-20.15pm,05-04-18,01-01-00 19:15,12,7,2999,April,Thursday,19,Evening,58.33333333,20993
TSC,Stroke Skill19.15-20.15pm,12-04-18,01-01-00 19:15,12,7,2999,April,Thursday,19,Evening,58.33333333,20993
TSC,Stroke Skill19.15-20.15pm,19-04-18,01-01-00 19:15,12,9,2999,April,Thursday,19,Evening,75,26991
TSC,Stroke Skill19.15-20.15pm,26-04-18,01-01-00 19:15,12,10,2999,April,Thursday,19,Evening,83.33333333,29990
TSC,Stroke Skill19.15-20.15pm,03-05-18,01-01-00 19:15,12,8,2999,May,Thursday,19,Evening,66.66666667,23992
TSC,Stroke Skill19.15-20.15pm,10-05-18,01-01-00 19:15,12,8,2999,May,Thursday,19,Evening,66.66666667,23992
TSC,Stroke Skill19.15-20.15pm,17-05-18,01-01-00 19:15,12,1,2999,May,Thursday,19,Evening,8.333333333,2999
TSC,Stroke Skill19.15-20.15pm,24-05-18,01-01-00 19:15,12,9,2999,May,Thursday,19,Evening,75,26991
TSC,Stroke Skill19.15-20.15pm,31-05-18,01-01-00 19:15,12,7,2999,May,Thursday,19,Evening,58.33333333,20993
HXP,Strokeskills 6 -7pm,04-04-18,01-01-00 18:00,15,6,2999,April,Wednesday,18,Evening,40,17994
HXP,Strokeskills 6 -7pm,11-04-18,01-01-00 18:00,15,7,2999,April,Wednesday,18,Evening,46.66666667,20993
HXP,Strokeskills 6 -7pm,18-04-18,01-01-00 18:00,15,3,2999,April,Wednesday,18,Evening,20,8997
HXP,Strokeskills 6 -7pm,25-04-18,01-01-00 18:00,15,5,2999,April,Wednesday,18,Evening,33.33333333,14995
HXP,Strokeskills 6 -7pm,02-05-18,01-01-00 18:00,15,4,2999,May,Wednesday,18,Evening,26.66666667,11996
HXP,Strokeskills 6 -7pm,09-05-18,01-01-00 18:00,15,5,2999,May,Wednesday,18,Evening,33.33333333,14995
HXP,Strokeskills 6 -7pm,16-05-18,01-01-00 18:00,15,3,2999,May,Wednesday,18,Evening,20,8997
HXP,Strokeskills 6 -7pm,23-05-18,01-01-00 18:00,15,7,2999,May,Wednesday,18,Evening,46.66666667,20993
HXP,Strokeskills 6pm - 7pm,06-04-18,01-01-00 18:00,10,6,2999,April,Friday,18,Evening,60,17994
HXP,Strokeskills 6pm - 7pm,13-04-18,01-01-00 18:00,10,8,2999,April,Friday,18,Evening,80,23992
HXP,Strokeskills 6pm - 7pm,20-04-18,01-01-00 18:00,10,9,2999,April,Friday,18,Evening,90,26991
HXP,Strokeskills 6pm - 7pm,27-04-18,01-01-00 18:00,10,10,2999,April,Friday,18,Evening,100,29990
HXP,Strokeskills 6pm - 7pm,04-05-18,01-01-00 18:00,10,8,2999,May,Friday,18,Evening,80,23992
HXP,Strokeskills 6pm - 7pm,11-05-18,01-01-00 18:00,10,10,2999,May,Friday,18,Evening,100,29990
HXP,Strokeskills 6pm - 7pm,18-05-18,01-01-00 18:00,10,10,2999,May,Friday,18,Evening,100,29990
HXP,Strokeskills 6pm - 7pm,25-05-18,01-01-00 18:00,10,9,2999,May,Friday,18,Evening,90,26991
BRP,Strokeskills 7.15-8.15pm,06-04-18,01-01-00 19:15,10,5,2999,April,Friday,19,Evening,50,14995
BRP,Strokeskills 7.15-8.15pm,13-04-18,01-01-00 19:15,10,3,2999,April,Friday,19,Evening,30,8997
BRP,Strokeskills 7.15-8.15pm,20-04-18,01-01-00 19:15,10,5,2999,April,Friday,19,Evening,50,14995
BRP,Strokeskills 7.15-8.15pm,27-04-18,01-01-00 19:15,10,3,2999,April,Friday,19,Evening,30,8997
BRP,Strokeskills 7.15-8.15pm,04-05-18,01-01-00 19:15,10,1,2999,May,Friday,19,Evening,10,2999
BRP,Strokeskills 7.15-8.15pm,18-05-18,01-01-00 19:15,10,4,2999,May,Friday,19,Evening,40,11996
BRP,Strokeskills 7.15-8.15pm,25-05-18,01-01-00 19:15,10,3,2999,May,Friday,19,Evening,30,8997
BRP,Strokeskills 7pm -8pm,04-04-18,01-01-00 19:00,10,7,2999,April,Wednesday,19,Evening,70,20993
BRP,Strokeskills 7pm -8pm,11-04-18,01-01-00 19:00,10,7,2999,April,Wednesday,19,Evening,70,20993
BRP,Strokeskills 7pm -8pm,18-04-18,01-01-00 19:00,10,10,2999,April,Wednesday,19,Evening,100,29990
BRP,Strokeskills 7pm -8pm,25-04-18,01-01-00 19:00,10,9,2999,April,Wednesday,19,Evening,90,26991
BRP,Strokeskills 7pm -8pm,02-05-18,01-01-00 19:00,10,10,2999,May,Wednesday,19,Evening,100,29990
BRP,Strokeskills 7pm -8pm,09-05-18,01-01-00 19:00,10,10,2999,May,Wednesday,19,Evening,100,29990
BRP,Strokeskills 7pm -8pm,16-05-18,01-01-00 19:00,10,10,2999,May,Wednesday,19,Evening,100,29990
BRP,Strokeskills 7pm -8pm,23-05-18,01-01-00 19:00,10,9,2999,May,Wednesday,19,Evening,90,26991
BRP,Strokeskills 7pm -8pm,30-05-18,01-01-00 19:00,10,8,2999,May,Wednesday,19,Evening,80,23992
HXP,Studio Cyc 1.10 - 2.00pm,06-04-18,01-01-00 13:10,27,27,1999,April,Friday,13,Afternoon,100,53973
HXP,Studio Cyc 1.10 - 2.00pm,13-04-18,01-01-00 13:10,27,27,1999,April,Friday,13,Afternoon,100,53973
HXP,Studio Cyc 1.10 - 2.00pm,20-04-18,01-01-00 13:10,27,20,1999,April,Friday,13,Afternoon,74.07407407,39980
HXP,Studio Cyc 1.10 - 2.00pm,27-04-18,01-01-00 13:10,27,25,1999,April,Friday,13,Afternoon,92.59259259,49975
HXP,Studio Cyc 1.10 - 2.00pm,04-05-18,01-01-00 13:10,27,25,1999,May,Friday,13,Afternoon,92.59259259,49975
HXP,Studio Cyc 1.10 - 2.00pm,11-05-18,01-01-00 13:10,27,26,1999,May,Friday,13,Afternoon,96.2962963,51974
HXP,Studio Cyc 1.10 - 2.00pm,18-05-18,01-01-00 13:10,27,23,1999,May,Friday,13,Afternoon,85.18518519,45977
HXP,Studio Cyc 1.10 - 2.00pm,25-05-18,01-01-00 13:10,27,24,1999,May,Friday,13,Afternoon,88.88888889,47976
HXP,Studio Cyc 10.00 -10.50am,01-04-18,01-01-00 10:00,27,20,1999,April,Sunday,10,Morning,74.07407407,39980
HXP,Studio Cyc 10.00 -10.50am,08-04-18,01-01-00 10:00,27,26,1999,April,Sunday,10,Morning,96.2962963,51974
HXP,Studio Cyc 10.00 -10.50am,15-04-18,01-01-00 10:00,27,24,1999,April,Sunday,10,Morning,88.88888889,47976
HXP,Studio Cyc 10.00 -10.50am,22-04-18,01-01-00 10:00,27,21,1999,April,Sunday,10,Morning,77.77777778,41979
HXP,Studio Cyc 10.00 -10.50am,29-04-18,01-01-00 10:00,27,22,1999,April,Sunday,10,Morning,81.48148148,43978
HXP,Studio Cyc 10.00 -10.50am,06-05-18,01-01-00 10:00,27,17,1999,May,Sunday,10,Morning,62.96296296,33983
HXP,Studio Cyc 10.00 -10.50am,13-05-18,01-01-00 10:00,27,22,1999,May,Sunday,10,Morning,81.48148148,43978
HXP,Studio Cyc 10.00 -10.50am,20-05-18,01-01-00 10:00,27,25,1999,May,Sunday,10,Morning,92.59259259,49975
HXP,Studio Cyc 10.00 -10.50am,27-05-18,01-01-00 10:00,27,22,1999,May,Sunday,10,Morning,81.48148148,43978
HXP,Studio Cyc 10.00-10.50am,05-04-18,01-01-00 10:00,27,24,1999,April,Thursday,10,Morning,88.88888889,47976
HXP,Studio Cyc 10.00-10.50am,12-04-18,01-01-00 10:00,27,25,1999,April,Thursday,10,Morning,92.59259259,49975
HXP,Studio Cyc 10.00-10.50am,19-04-18,01-01-00 10:00,27,24,1999,April,Thursday,10,Morning,88.88888889,47976
HXP,Studio Cyc 10.00-10.50am,26-04-18,01-01-00 10:00,27,22,1999,April,Thursday,10,Morning,81.48148148,43978
HXP,Studio Cyc 10.00-10.50am,03-05-18,01-01-00 10:00,27,27,1999,May,Thursday,10,Morning,100,53973
HXP,Studio Cyc 10.00-10.50am,10-05-18,01-01-00 10:00,27,27,1999,May,Thursday,10,Morning,100,53973
HXP,Studio Cyc 10.00-10.50am,17-05-18,01-01-00 10:00,27,26,1999,May,Thursday,10,Morning,96.2962963,51974
HXP,Studio Cyc 10.00-10.50am,24-05-18,01-01-00 10:00,27,23,1999,May,Thursday,10,Morning,85.18518519,45977
HXP,Studio Cyc 10.00-10.50am,31-05-18,01-01-00 10:00,27,25,1999,May,Thursday,10,Morning,92.59259259,49975
HXP,Studio Cyc 11.30 - 12.20,02-04-18,01-01-00 11:30,27,18,1999,April,Monday,11,Morning,66.66666667,35982
HXP,Studio Cyc 11.30 - 12.20,09-04-18,01-01-00 11:30,27,23,1999,April,Monday,11,Morning,85.18518519,45977
HXP,Studio Cyc 11.30 - 12.20,16-04-18,01-01-00 11:30,27,22,1999,April,Monday,11,Morning,81.48148148,43978
HXP,Studio Cyc 11.30 - 12.20,23-04-18,01-01-00 11:30,27,20,1999,April,Monday,11,Morning,74.07407407,39980
HXP,Studio Cyc 11.30 - 12.20,30-04-18,01-01-00 11:30,27,27,1999,April,Monday,11,Morning,100,53973
HXP,Studio Cyc 11.30 - 12.20,07-05-18,01-01-00 11:30,27,22,1999,May,Monday,11,Morning,81.48148148,43978
HXP,Studio Cyc 11.30 - 12.20,14-05-18,01-01-00 11:30,27,18,1999,May,Monday,11,Morning,66.66666667,35982
HXP,Studio Cyc 11.30 - 12.20,21-05-18,01-01-00 11:30,27,18,1999,May,Monday,11,Morning,66.66666667,35982
HXP,Studio Cyc 11.30 - 12.20,28-05-18,01-01-00 11:30,27,17,1999,May,Monday,11,Morning,62.96296296,33983
HXP,Studio Cyc 12.10-1.00pm,04-04-18,01-01-00 12:10,27,18,1999,April,Wednesday,12,Afternoon,66.66666667,35982
HXP,Studio Cyc 12.10-1.00pm,11-04-18,01-01-00 12:10,27,23,1999,April,Wednesday,12,Afternoon,85.18518519,45977
HXP,Studio Cyc 12.10-1.00pm,18-04-18,01-01-00 12:10,27,26,1999,April,Wednesday,12,Afternoon,96.2962963,51974
HXP,Studio Cyc 12.10-1.00pm,25-04-18,01-01-00 12:10,27,19,1999,April,Wednesday,12,Afternoon,70.37037037,37981
HXP,Studio Cyc 12.10-1.00pm,02-05-18,01-01-00 12:10,27,21,1999,May,Wednesday,12,Afternoon,77.77777778,41979
HXP,Studio Cyc 12.10-1.00pm,09-05-18,01-01-00 12:10,27,20,1999,May,Wednesday,12,Afternoon,74.07407407,39980
HXP,Studio Cyc 12.10-1.00pm,16-05-18,01-01-00 12:10,27,16,1999,May,Wednesday,12,Afternoon,59.25925926,31984
HXP,Studio Cyc 12.10-1.00pm,23-05-18,01-01-00 12:10,27,17,1999,May,Wednesday,12,Afternoon,62.96296296,33983
HXP,Studio Cyc 12.10-1.00pm,30-05-18,01-01-00 12:10,27,15,1999,May,Wednesday,12,Afternoon,55.55555556,29985
HXP,Studio Cyc 12.30-1.20pm,02-04-18,01-01-00 12:30,27,17,1999,April,Monday,12,Afternoon,62.96296296,33983
HXP,Studio Cyc 12.30-1.20pm,09-04-18,01-01-00 12:30,27,17,1999,April,Monday,12,Afternoon,62.96296296,33983
HXP,Studio Cyc 12.30-1.20pm,16-04-18,01-01-00 12:30,27,19,1999,April,Monday,12,Afternoon,70.37037037,37981
HXP,Studio Cyc 12.30-1.20pm,23-04-18,01-01-00 12:30,27,17,1999,April,Monday,12,Afternoon,62.96296296,33983
HXP,Studio Cyc 12.30-1.20pm,30-04-18,01-01-00 12:30,27,9,1999,April,Monday,12,Afternoon,33.33333333,17991
HXP,Studio Cyc 12.30-1.20pm,07-05-18,01-01-00 12:30,27,12,1999,May,Monday,12,Afternoon,44.44444444,23988
HXP,Studio Cyc 12.30-1.20pm,14-05-18,01-01-00 12:30,27,12,1999,May,Monday,12,Afternoon,44.44444444,23988
HXP,Studio Cyc 12.30-1.20pm,21-05-18,01-01-00 12:30,27,14,1999,May,Monday,12,Afternoon,51.85185185,27986
HXP,Studio Cyc 12.30-1.20pm,28-05-18,01-01-00 12:30,27,14,1999,May,Monday,12,Afternoon,51.85185185,27986
HXP,Studio Cyc 4.20-5.10pm,04-04-18,01-01-00 16:20,27,27,1999,April,Wednesday,16,Afternoon,100,53973
HXP,Studio Cyc 4.20-5.10pm,11-04-18,01-01-00 16:20,27,27,1999,April,Wednesday,16,Afternoon,100,53973
HXP,Studio Cyc 4.20-5.10pm,18-04-18,01-01-00 16:20,27,26,1999,April,Wednesday,16,Afternoon,96.2962963,51974
HXP,Studio Cyc 4.20-5.10pm,25-04-18,01-01-00 16:20,27,24,1999,April,Wednesday,16,Afternoon,88.88888889,47976
HXP,Studio Cyc 4.20-5.10pm,02-05-18,01-01-00 16:20,27,21,1999,May,Wednesday,16,Afternoon,77.77777778,41979
HXP,Studio Cyc 4.20-5.10pm,09-05-18,01-01-00 16:20,27,24,1999,May,Wednesday,16,Afternoon,88.88888889,47976
HXP,Studio Cyc 4.20-5.10pm,16-05-18,01-01-00 16:20,27,21,1999,May,Wednesday,16,Afternoon,77.77777778,41979
HXP,Studio Cyc 4.20-5.10pm,23-05-18,01-01-00 16:20,27,14,1999,May,Wednesday,16,Afternoon,51.85185185,27986
HXP,Studio Cyc 4.20-5.10pm,30-05-18,01-01-00 16:20,27,13,1999,May,Wednesday,16,Afternoon,48.14814815,25987
HXP,Studio Cyc 5.00-5.50pm,03-04-18,01-01-00 17:00,27,25,1999,April,Tuesday,17,Evening,92.59259259,49975
HXP,Studio Cyc 5.00-5.50pm,05-04-18,01-01-00 17:00,27,16,1999,April,Thursday,17,Evening,59.25925926,31984
HXP,Studio Cyc 5.00-5.50pm,10-04-18,01-01-00 17:00,27,22,1999,April,Tuesday,17,Evening,81.48148148,43978
HXP,Studio Cyc 5.00-5.50pm,12-04-18,01-01-00 17:00,27,14,1999,April,Thursday,17,Evening,51.85185185,27986
HXP,Studio Cyc 5.00-5.50pm,17-04-18,01-01-00 17:00,27,26,1999,April,Tuesday,17,Evening,96.2962963,51974
HXP,Studio Cyc 5.00-5.50pm,19-04-18,01-01-00 17:00,27,14,1999,April,Thursday,17,Evening,51.85185185,27986
HXP,Studio Cyc 5.00-5.50pm,24-04-18,01-01-00 17:00,27,25,1999,April,Tuesday,17,Evening,92.59259259,49975
HXP,Studio Cyc 5.00-5.50pm,26-04-18,01-01-00 17:00,27,14,1999,April,Thursday,17,Evening,51.85185185,27986
HXP,Studio Cyc 5.00-5.50pm,01-05-18,01-01-00 17:00,27,27,1999,May,Tuesday,17,Evening,100,53973
HXP,Studio Cyc 5.00-5.50pm,03-05-18,01-01-00 17:00,27,18,1999,May,Thursday,17,Evening,66.66666667,35982
HXP,Studio Cyc 5.00-5.50pm,08-05-18,01-01-00 17:00,27,26,1999,May,Tuesday,17,Evening,96.2962963,51974
HXP,Studio Cyc 5.00-5.50pm,10-05-18,01-01-00 17:00,27,20,1999,May,Thursday,17,Evening,74.07407407,39980
HXP,Studio Cyc 5.00-5.50pm,15-05-18,01-01-00 17:00,27,24,1999,May,Tuesday,17,Evening,88.88888889,47976
HXP,Studio Cyc 5.00-5.50pm,17-05-18,01-01-00 17:00,27,15,1999,May,Thursday,17,Evening,55.55555556,29985
HXP,Studio Cyc 5.00-5.50pm,22-05-18,01-01-00 17:00,27,26,1999,May,Tuesday,17,Evening,96.2962963,51974
HXP,Studio Cyc 5.00-5.50pm,24-05-18,01-01-00 17:00,27,19,1999,May,Thursday,17,Evening,70.37037037,37981
HXP,Studio Cyc 5.00-5.50pm,29-05-18,01-01-00 17:00,27,26,1999,May,Tuesday,17,Evening,96.2962963,51974
HXP,Studio Cyc 5.00-5.50pm,31-05-18,01-01-00 17:00,27,12,1999,May,Thursday,17,Evening,44.44444444,23988
HXP,Studio Cyc 5.10-6.00pm,06-04-18,01-01-00 17:10,27,20,1999,April,Friday,17,Evening,74.07407407,39980
HXP,Studio Cyc 5.10-6.00pm,13-04-18,01-01-00 17:10,27,22,1999,April,Friday,17,Evening,81.48148148,43978
HXP,Studio Cyc 5.10-6.00pm,20-04-18,01-01-00 17:10,27,23,1999,April,Friday,17,Evening,85.18518519,45977
HXP,Studio Cyc 5.10-6.00pm,27-04-18,01-01-00 17:10,27,23,1999,April,Friday,17,Evening,85.18518519,45977
HXP,Studio Cyc 5.10-6.00pm,04-05-18,01-01-00 17:10,27,21,1999,May,Friday,17,Evening,77.77777778,41979
HXP,Studio Cyc 5.10-6.00pm,11-05-18,01-01-00 17:10,27,25,1999,May,Friday,17,Evening,92.59259259,49975
HXP,Studio Cyc 5.10-6.00pm,18-05-18,01-01-00 17:10,27,16,1999,May,Friday,17,Evening,59.25925926,31984
HXP,Studio Cyc 5.10-6.00pm,25-05-18,01-01-00 17:10,27,21,1999,May,Friday,17,Evening,77.77777778,41979
HXP,Studio Cyc 5.20-6.10pm,04-04-18,01-01-00 17:20,27,18,1999,April,Wednesday,17,Evening,66.66666667,35982
HXP,Studio Cyc 5.20-6.10pm,09-04-18,01-01-00 17:20,27,25,1999,April,Monday,17,Evening,92.59259259,49975
HXP,Studio Cyc 5.20-6.10pm,11-04-18,01-01-00 17:20,27,25,1999,April,Wednesday,17,Evening,92.59259259,49975
HXP,Studio Cyc 5.20-6.10pm,16-04-18,01-01-00 17:20,27,27,1999,April,Monday,17,Evening,100,53973
HXP,Studio Cyc 5.20-6.10pm,18-04-18,01-01-00 17:20,27,25,1999,April,Wednesday,17,Evening,92.59259259,49975
HXP,Studio Cyc 5.20-6.10pm,23-04-18,01-01-00 17:20,27,26,1999,April,Monday,17,Evening,96.2962963,51974
HXP,Studio Cyc 5.20-6.10pm,25-04-18,01-01-00 17:20,27,25,1999,April,Wednesday,17,Evening,92.59259259,49975
HXP,Studio Cyc 5.20-6.10pm,30-04-18,01-01-00 17:20,27,22,1999,April,Monday,17,Evening,81.48148148,43978
HXP,Studio Cyc 5.20-6.10pm,02-05-18,01-01-00 17:20,27,22,1999,May,Wednesday,17,Evening,81.48148148,43978
HXP,Studio Cyc 5.20-6.10pm,09-05-18,01-01-00 17:20,27,22,1999,May,Wednesday,17,Evening,81.48148148,43978
HXP,Studio Cyc 5.20-6.10pm,14-05-18,01-01-00 17:20,27,24,1999,May,Monday,17,Evening,88.88888889,47976
HXP,Studio Cyc 5.20-6.10pm,16-05-18,01-01-00 17:20,27,27,1999,May,Wednesday,17,Evening,100,53973
HXP,Studio Cyc 5.20-6.10pm,21-05-18,01-01-00 17:20,27,23,1999,May,Monday,17,Evening,85.18518519,45977
HXP,Studio Cyc 5.20-6.10pm,23-05-18,01-01-00 17:20,27,19,1999,May,Wednesday,17,Evening,70.37037037,37981
HXP,Studio Cyc 5.20-6.10pm,30-05-18,01-01-00 17:20,27,24,1999,May,Wednesday,17,Evening,88.88888889,47976
HXP,Studio Cyc 5.55-6.45pm,05-04-18,01-01-00 17:55,27,18,1999,April,Thursday,17,Evening,66.66666667,35982
HXP,Studio Cyc 5.55-6.45pm,12-04-18,01-01-00 17:55,27,21,1999,April,Thursday,17,Evening,77.77777778,41979
HXP,Studio Cyc 5.55-6.45pm,19-04-18,01-01-00 17:55,27,19,1999,April,Thursday,17,Evening,70.37037037,37981
HXP,Studio Cyc 5.55-6.45pm,26-04-18,01-01-00 17:55,27,20,1999,April,Thursday,17,Evening,74.07407407,39980
HXP,Studio Cyc 5.55-6.45pm,03-05-18,01-01-00 17:55,27,18,1999,May,Thursday,17,Evening,66.66666667,35982
HXP,Studio Cyc 5.55-6.45pm,10-05-18,01-01-00 17:55,27,24,1999,May,Thursday,17,Evening,88.88888889,47976
HXP,Studio Cyc 5.55-6.45pm,17-05-18,01-01-00 17:55,27,22,1999,May,Thursday,17,Evening,81.48148148,43978
HXP,Studio Cyc 5.55-6.45pm,24-05-18,01-01-00 17:55,27,22,1999,May,Thursday,17,Evening,81.48148148,43978
HXP,Studio Cyc 5.55-6.45pm,31-05-18,01-01-00 17:55,27,23,1999,May,Thursday,17,Evening,85.18518519,45977
HXP,Studio Cyc 6.10-7.00pm,06-04-18,01-01-00 18:10,27,20,1999,April,Friday,18,Evening,74.07407407,39980
HXP,Studio Cyc 6.10-7.00pm,13-04-18,01-01-00 18:10,27,23,1999,April,Friday,18,Evening,85.18518519,45977
HXP,Studio Cyc 6.10-7.00pm,20-04-18,01-01-00 18:10,27,23,1999,April,Friday,18,Evening,85.18518519,45977
HXP,Studio Cyc 6.10-7.00pm,27-04-18,01-01-00 18:10,27,17,1999,April,Friday,18,Evening,62.96296296,33983
HXP,Studio Cyc 6.10-7.00pm,04-05-18,01-01-00 18:10,27,20,1999,May,Friday,18,Evening,74.07407407,39980
HXP,Studio Cyc 6.10-7.00pm,11-05-18,01-01-00 18:10,27,25,1999,May,Friday,18,Evening,92.59259259,49975
HXP,Studio Cyc 6.10-7.00pm,18-05-18,01-01-00 18:10,27,22,1999,May,Friday,18,Evening,81.48148148,43978
HXP,Studio Cyc 6.10-7.00pm,25-05-18,01-01-00 18:10,27,12,1999,May,Friday,18,Evening,44.44444444,23988
HXP,Studio Cyc 6.15-7.05pm,09-04-18,01-01-00 18:15,27,24,1999,April,Monday,18,Evening,88.88888889,47976
HXP,Studio Cyc 6.15-7.05pm,16-04-18,01-01-00 18:15,27,26,1999,April,Monday,18,Evening,96.2962963,51974
HXP,Studio Cyc 6.15-7.05pm,23-04-18,01-01-00 18:15,27,22,1999,April,Monday,18,Evening,81.48148148,43978
HXP,Studio Cyc 6.15-7.05pm,30-04-18,01-01-00 18:15,27,27,1999,April,Monday,18,Evening,100,53973
HXP,Studio Cyc 6.15-7.05pm,14-05-18,01-01-00 18:15,27,26,1999,May,Monday,18,Evening,96.2962963,51974
HXP,Studio Cyc 6.15-7.05pm,21-05-18,01-01-00 18:15,27,26,1999,May,Monday,18,Evening,96.2962963,51974
HXP,Studio Cyc 7.00-7.50pm,05-04-18,01-01-00 19:00,27,23,1999,April,Thursday,19,Evening,85.18518519,45977
HXP,Studio Cyc 7.00-7.50pm,12-04-18,01-01-00 19:00,27,19,1999,April,Thursday,19,Evening,70.37037037,37981
HXP,Studio Cyc 7.00-7.50pm,19-04-18,01-01-00 19:00,27,27,1999,April,Thursday,19,Evening,100,53973
HXP,Studio Cyc 7.00-7.50pm,26-04-18,01-01-00 19:00,27,27,1999,April,Thursday,19,Evening,100,53973
HXP,Studio Cyc 7.00-7.50pm,03-05-18,01-01-00 19:00,27,27,1999,May,Thursday,19,Evening,100,53973
HXP,Studio Cyc 7.00-7.50pm,10-05-18,01-01-00 19:00,27,27,1999,May,Thursday,19,Evening,100,53973
HXP,Studio Cyc 7.00-7.50pm,17-05-18,01-01-00 19:00,27,25,1999,May,Thursday,19,Evening,92.59259259,49975
HXP,Studio Cyc 7.00-7.50pm,24-05-18,01-01-00 19:00,27,25,1999,May,Thursday,19,Evening,92.59259259,49975
HXP,Studio Cyc 7.00-7.50pm,31-05-18,01-01-00 19:00,27,21,1999,May,Thursday,19,Evening,77.77777778,41979
HXP,Studio Cyc 7.05-7.55am,02-04-18,01-01-00 7:05,27,16,1999,April,Monday,7,Morning,59.25925926,31984
HXP,Studio Cyc 7.05-7.55am,04-04-18,01-01-00 7:05,27,20,1999,April,Wednesday,7,Morning,74.07407407,39980
HXP,Studio Cyc 7.05-7.55am,09-04-18,01-01-00 7:05,27,20,1999,April,Monday,7,Morning,74.07407407,39980
HXP,Studio Cyc 7.05-7.55am,11-04-18,01-01-00 7:05,27,18,1999,April,Wednesday,7,Morning,66.66666667,35982
HXP,Studio Cyc 7.05-7.55am,16-04-18,01-01-00 7:05,27,16,1999,April,Monday,7,Morning,59.25925926,31984
HXP,Studio Cyc 7.05-7.55am,18-04-18,01-01-00 7:05,27,21,1999,April,Wednesday,7,Morning,77.77777778,41979
HXP,Studio Cyc 7.05-7.55am,23-04-18,01-01-00 7:05,27,19,1999,April,Monday,7,Morning,70.37037037,37981
HXP,Studio Cyc 7.05-7.55am,25-04-18,01-01-00 7:05,27,19,1999,April,Wednesday,7,Morning,70.37037037,37981
HXP,Studio Cyc 7.05-7.55am,30-04-18,01-01-00 7:05,27,17,1999,April,Monday,7,Morning,62.96296296,33983
HXP,Studio Cyc 7.05-7.55am,02-05-18,01-01-00 7:05,27,15,1999,May,Wednesday,7,Morning,55.55555556,29985
HXP,Studio Cyc 7.05-7.55am,07-05-18,01-01-00 7:05,27,12,1999,May,Monday,7,Morning,44.44444444,23988
HXP,Studio Cyc 7.05-7.55am,09-05-18,01-01-00 7:05,27,8,1999,May,Wednesday,7,Morning,29.62962963,15992
HXP,Studio Cyc 7.05-7.55am,14-05-18,01-01-00 7:05,27,11,1999,May,Monday,7,Morning,40.74074074,21989
HXP,Studio Cyc 7.05-7.55am,16-05-18,01-01-00 7:05,27,12,1999,May,Wednesday,7,Morning,44.44444444,23988
HXP,Studio Cyc 7.05-7.55am,21-05-18,01-01-00 7:05,27,13,1999,May,Monday,7,Morning,48.14814815,25987
HXP,Studio Cyc 7.05-7.55am,23-05-18,01-01-00 7:05,27,12,1999,May,Wednesday,7,Morning,44.44444444,23988
HXP,Studio Cyc 7.05-7.55am,28-05-18,01-01-00 7:05,27,14,1999,May,Monday,7,Morning,51.85185185,27986
HXP,Studio Cyc 7.05-7.55am,30-05-18,01-01-00 7:05,27,20,1999,May,Wednesday,7,Morning,74.07407407,39980
HXP,Studio Cyc 7.30-8.20pm,03-04-18,01-01-00 19:30,27,27,1999,April,Tuesday,19,Evening,100,53973
HXP,Studio Cyc 7.30-8.20pm,10-04-18,01-01-00 19:30,27,26,1999,April,Tuesday,19,Evening,96.2962963,51974
HXP,Studio Cyc 7.30-8.20pm,17-04-18,01-01-00 19:30,27,27,1999,April,Tuesday,19,Evening,100,53973
HXP,Studio Cyc 7.30-8.20pm,24-04-18,01-01-00 19:30,27,27,1999,April,Tuesday,19,Evening,100,53973
HXP,Studio Cyc 7.30-8.20pm,01-05-18,01-01-00 19:30,27,23,1999,May,Tuesday,19,Evening,85.18518519,45977
HXP,Studio Cyc 7.30-8.20pm,08-05-18,01-01-00 19:30,27,23,1999,May,Tuesday,19,Evening,85.18518519,45977
HXP,Studio Cyc 7.30-8.20pm,15-05-18,01-01-00 19:30,27,24,1999,May,Tuesday,19,Evening,88.88888889,47976
HXP,Studio Cyc 7.30-8.20pm,22-05-18,01-01-00 19:30,27,22,1999,May,Tuesday,19,Evening,81.48148148,43978
HXP,Studio Cyc 7.30-8.20pm,29-05-18,01-01-00 19:30,27,21,1999,May,Tuesday,19,Evening,77.77777778,41979
HXP,Studio Cyc 8.00-8.50am,07-04-18,01-01-00 8:00,27,27,1999,April,Saturday,8,Morning,100,53973
HXP,Studio Cyc 8.00-8.50am,14-04-18,01-01-00 8:00,27,27,1999,April,Saturday,8,Morning,100,53973
HXP,Studio Cyc 8.00-8.50am,21-04-18,01-01-00 8:00,27,25,1999,April,Saturday,8,Morning,92.59259259,49975
HXP,Studio Cyc 8.00-8.50am,28-04-18,01-01-00 8:00,27,26,1999,April,Saturday,8,Morning,96.2962963,51974
HXP,Studio Cyc 8.00-8.50am,05-05-18,01-01-00 8:00,27,23,1999,May,Saturday,8,Morning,85.18518519,45977
HXP,Studio Cyc 8.00-8.50am,12-05-18,01-01-00 8:00,27,25,1999,May,Saturday,8,Morning,92.59259259,49975
HXP,Studio Cyc 8.00-8.50am,19-05-18,01-01-00 8:00,27,26,1999,May,Saturday,8,Morning,96.2962963,51974
HXP,Studio Cyc 8.00-8.50am,26-05-18,01-01-00 8:00,27,23,1999,May,Saturday,8,Morning,85.18518519,45977
HXP,Studio Cyc 8.00-8.50pm,05-04-18,01-01-00 20:00,27,20,1999,April,Thursday,20,Evening,74.07407407,39980
HXP,Studio Cyc 8.00-8.50pm,12-04-18,01-01-00 20:00,27,25,1999,April,Thursday,20,Evening,92.59259259,49975
HXP,Studio Cyc 8.00-8.50pm,19-04-18,01-01-00 20:00,27,25,1999,April,Thursday,20,Evening,92.59259259,49975
HXP,Studio Cyc 8.00-8.50pm,26-04-18,01-01-00 20:00,27,26,1999,April,Thursday,20,Evening,96.2962963,51974
HXP,Studio Cyc 8.00-8.50pm,03-05-18,01-01-00 20:00,27,26,1999,May,Thursday,20,Evening,96.2962963,51974
HXP,Studio Cyc 8.00-8.50pm,10-05-18,01-01-00 20:00,27,24,1999,May,Thursday,20,Evening,88.88888889,47976
HXP,Studio Cyc 8.00-8.50pm,17-05-18,01-01-00 20:00,27,24,1999,May,Thursday,20,Evening,88.88888889,47976
HXP,Studio Cyc 8.00-8.50pm,24-05-18,01-01-00 20:00,27,20,1999,May,Thursday,20,Evening,74.07407407,39980
HXP,Studio Cyc 8.00-8.50pm,31-05-18,01-01-00 20:00,27,18,1999,May,Thursday,20,Evening,66.66666667,35982
HXP,Studio Cyc 8.50-9.40am,07-04-18,01-01-00 8:50,27,27,1999,April,Saturday,8,Morning,100,53973
HXP,Studio Cyc 8.50-9.40am,14-04-18,01-01-00 8:50,27,26,1999,April,Saturday,8,Morning,96.2962963,51974
HXP,Studio Cyc 8.50-9.40am,21-04-18,01-01-00 8:50,27,25,1999,April,Saturday,8,Morning,92.59259259,49975
HXP,Studio Cyc 8.50-9.40am,28-04-18,01-01-00 8:50,27,25,1999,April,Saturday,8,Morning,92.59259259,49975
HXP,Studio Cyc 8.50-9.40am,05-05-18,01-01-00 8:50,27,26,1999,May,Saturday,8,Morning,96.2962963,51974
HXP,Studio Cyc 8.50-9.40am,12-05-18,01-01-00 8:50,27,23,1999,May,Saturday,8,Morning,85.18518519,45977
HXP,Studio Cyc 8.50-9.40am,19-05-18,01-01-00 8:50,27,20,1999,May,Saturday,8,Morning,74.07407407,39980
HXP,Studio Cyc 8.50-9.40am,26-05-18,01-01-00 8:50,27,21,1999,May,Saturday,8,Morning,77.77777778,41979
HXP,Studio Cyc 9.05-9.55am,01-04-18,01-01-00 9:05,27,27,1999,April,Sunday,9,Morning,100,53973
HXP,Studio Cyc 9.05-9.55am,08-04-18,01-01-00 9:05,27,24,1999,April,Sunday,9,Morning,88.88888889,47976
HXP,Studio Cyc 9.05-9.55am,15-04-18,01-01-00 9:05,27,25,1999,April,Sunday,9,Morning,92.59259259,49975
HXP,Studio Cyc 9.05-9.55am,22-04-18,01-01-00 9:05,27,24,1999,April,Sunday,9,Morning,88.88888889,47976
HXP,Studio Cyc 9.05-9.55am,29-04-18,01-01-00 9:05,27,21,1999,April,Sunday,9,Morning,77.77777778,41979
HXP,Studio Cyc 9.05-9.55am,06-05-18,01-01-00 9:05,27,18,1999,May,Sunday,9,Morning,66.66666667,35982
HXP,Studio Cyc 9.05-9.55am,13-05-18,01-01-00 9:05,27,19,1999,May,Sunday,9,Morning,70.37037037,37981
HXP,Studio Cyc 9.05-9.55am,20-05-18,01-01-00 9:05,27,27,1999,May,Sunday,9,Morning,100,53973
HXP,Studio Cyc 9.05-9.55am,27-05-18,01-01-00 9:05,27,23,1999,May,Sunday,9,Morning,85.18518519,45977
HXP,Studio Cycling 7.05 -7.55,03-04-18,01-01-00 7:05,27,12,1999,April,Tuesday,7,Morning,44.44444444,23988
HXP,Studio Cycling 7.05 -7.55,10-04-18,01-01-00 7:05,27,24,1999,April,Tuesday,7,Morning,88.88888889,47976
HXP,Studio Cycling 7.05 -7.55,17-04-18,01-01-00 7:05,27,16,1999,April,Tuesday,7,Morning,59.25925926,31984
HXP,Studio Cycling 7.05 -7.55,24-04-18,01-01-00 7:05,27,12,1999,April,Tuesday,7,Morning,44.44444444,23988
HXP,Studio Cycling 7.05 -7.55,01-05-18,01-01-00 7:05,27,12,1999,May,Tuesday,7,Morning,44.44444444,23988
HXP,Studio Cycling 7.05 -7.55,08-05-18,01-01-00 7:05,27,11,1999,May,Tuesday,7,Morning,40.74074074,21989
HXP,Studio Cycling 7.05 -7.55,15-05-18,01-01-00 7:05,27,9,1999,May,Tuesday,7,Morning,33.33333333,17991
HXP,Studio Cycling 7.05 -7.55,22-05-18,01-01-00 7:05,27,9,1999,May,Tuesday,7,Morning,33.33333333,17991
HXP,Studio Cycling 7.05 -7.55,29-05-18,01-01-00 7:05,27,17,1999,May,Tuesday,7,Morning,62.96296296,33983
TSC,Swim Fit-20.15-21.15pm,05-04-18,01-01-00 20:15,18,10,1499,April,Thursday,20,Evening,55.55555556,14990
TSC,Swim Fit-20.15-21.15pm,12-04-18,01-01-00 20:15,18,6,1499,April,Thursday,20,Evening,33.33333333,8994
TSC,Swim Fit-20.15-21.15pm,19-04-18,01-01-00 20:15,18,8,1499,April,Thursday,20,Evening,44.44444444,11992
TSC,Swim Fit-20.15-21.15pm,26-04-18,01-01-00 20:15,18,13,1499,April,Thursday,20,Evening,72.22222222,19487
TSC,Swim Fit-20.15-21.15pm,03-05-18,01-01-00 20:15,18,12,1499,May,Thursday,20,Evening,66.66666667,17988
TSC,Swim Fit-20.15-21.15pm,10-05-18,01-01-00 20:15,18,11,1499,May,Thursday,20,Evening,61.11111111,16489
TSC,Swim Fit-20.15-21.15pm,17-05-18,01-01-00 20:15,18,1,1499,May,Thursday,20,Evening,5.555555556,1499
TSC,Swim Fit-20.15-21.15pm,24-05-18,01-01-00 20:15,18,11,1499,May,Thursday,20,Evening,61.11111111,16489
TSC,Swim Fit-20.15-21.15pm,31-05-18,01-01-00 20:15,18,8,1499,May,Thursday,20,Evening,44.44444444,11992
SBP,Swimfit  7am - 8am,07-04-18,01-01-00 7:30,29,22,1499,April,Saturday,7,Morning,75.86206897,32978
SBP,Swimfit  7am - 8am,14-04-18,01-01-00 7:30,29,22,1499,April,Saturday,7,Morning,75.86206897,32978
SBP,Swimfit  7am - 8am,21-04-18,01-01-00 7:30,29,20,1499,April,Saturday,7,Morning,68.96551724,29980
SBP,Swimfit  7am - 8am,28-04-18,01-01-00 7:30,29,29,1499,April,Saturday,7,Morning,100,43471
SBP,Swimfit  7am - 8am,05-05-18,01-01-00 7:30,29,24,1499,May,Saturday,7,Morning,82.75862069,35976
SBP,Swimfit  7am - 8am,12-05-18,01-01-00 7:30,29,20,1499,May,Saturday,7,Morning,68.96551724,29980
SBP,Swimfit  7am - 8am,19-05-18,01-01-00 7:30,29,18,1499,May,Saturday,7,Morning,62.06896552,26982
SBP,Swimfit  7am - 8am,26-05-18,01-01-00 7:30,29,18,1499,May,Saturday,7,Morning,62.06896552,26982
BRP,Swimfit  8pm - 9pm,04-04-18,01-01-00 20:00,10,8,1499,April,Wednesday,20,Evening,80,11992
BRP,Swimfit  8pm - 9pm,11-04-18,01-01-00 20:00,10,8,1499,April,Wednesday,20,Evening,80,11992
BRP,Swimfit  8pm - 9pm,18-04-18,01-01-00 20:00,10,10,1499,April,Wednesday,20,Evening,100,14990
BRP,Swimfit  8pm - 9pm,25-04-18,01-01-00 20:00,10,9,1499,April,Wednesday,20,Evening,90,13491
BRP,Swimfit  8pm - 9pm,02-05-18,01-01-00 20:00,10,10,1499,May,Wednesday,20,Evening,100,14990
BRP,Swimfit  8pm - 9pm,09-05-18,01-01-00 20:00,10,10,1499,May,Wednesday,20,Evening,100,14990
BRP,Swimfit  8pm - 9pm,16-05-18,01-01-00 20:00,10,10,1499,May,Wednesday,20,Evening,100,14990
BRP,Swimfit  8pm - 9pm,23-05-18,01-01-00 20:00,10,8,1499,May,Wednesday,20,Evening,80,11992
BRP,Swimfit  8pm - 9pm,30-05-18,01-01-00 20:00,10,10,1499,May,Wednesday,20,Evening,100,14990
HXP,Swimfit 6.30 -7.30pm,09-04-18,01-01-00 18:30,15,9,1499,April,Monday,18,Evening,60,13491
HXP,Swimfit 6.30 -7.30pm,16-04-18,01-01-00 18:30,15,11,1499,April,Monday,18,Evening,73.33333333,16489
HXP,Swimfit 6.30 -7.30pm,23-04-18,01-01-00 18:30,15,15,1499,April,Monday,18,Evening,100,22485
HXP,Swimfit 6.30 -7.30pm,30-04-18,01-01-00 18:30,15,11,1499,April,Monday,18,Evening,73.33333333,16489
HXP,Swimfit 6.30 -7.30pm,14-05-18,01-01-00 18:30,15,7,1499,May,Monday,18,Evening,46.66666667,10493
HXP,Swimfit 6.30 -7.30pm,21-05-18,01-01-00 18:30,15,15,1499,May,Monday,18,Evening,100,22485
HXP,Swimfit 6.30-7.30am,09-04-18,01-01-00 6:30,15,11,1499,April,Monday,6,Morning,73.33333333,16489
HXP,Swimfit 6.30-7.30am,16-04-18,01-01-00 6:30,15,15,1499,April,Monday,6,Morning,100,22485
HXP,Swimfit 6.30-7.30am,23-04-18,01-01-00 6:30,15,15,1499,April,Monday,6,Morning,100,22485
HXP,Swimfit 6.30-7.30am,30-04-18,01-01-00 6:30,15,11,1499,April,Monday,6,Morning,73.33333333,16489
HXP,Swimfit 6.30-7.30am,14-05-18,01-01-00 6:30,15,13,1499,May,Monday,6,Morning,86.66666667,19487
HXP,Swimfit 6.30-7.30am,21-05-18,01-01-00 6:30,15,13,1499,May,Monday,6,Morning,86.66666667,19487
HXP,Swimfit 6.30am -7.30am,04-04-18,01-01-00 6:30,15,15,1499,April,Wednesday,6,Morning,100,22485
HXP,Swimfit 6.30am -7.30am,11-04-18,01-01-00 6:30,15,14,1499,April,Wednesday,6,Morning,93.33333333,20986
HXP,Swimfit 6.30am -7.30am,18-04-18,01-01-00 6:30,15,15,1499,April,Wednesday,6,Morning,100,22485
HXP,Swimfit 6.30am -7.30am,25-04-18,01-01-00 6:30,15,15,1499,April,Wednesday,6,Morning,100,22485
HXP,Swimfit 6.30am -7.30am,02-05-18,01-01-00 6:30,15,13,1499,May,Wednesday,6,Morning,86.66666667,19487
HXP,Swimfit 6.30am -7.30am,09-05-18,01-01-00 6:30,15,14,1499,May,Wednesday,6,Morning,93.33333333,20986
HXP,Swimfit 6.30am -7.30am,16-05-18,01-01-00 6:30,15,13,1499,May,Wednesday,6,Morning,86.66666667,19487
HXP,Swimfit 6.30am -7.30am,23-05-18,01-01-00 6:30,15,11,1499,May,Wednesday,6,Morning,73.33333333,16489
HXP,Swimfit 6.30am -7.30am,30-05-18,01-01-00 6:30,15,14,1499,May,Wednesday,6,Morning,93.33333333,20986
BRP,Swimfit 7am-8am,03-04-18,01-01-00 7:00,15,9,1499,April,Tuesday,7,Morning,60,13491
BRP,Swimfit 7am-8am,10-04-18,01-01-00 7:00,15,9,1499,April,Tuesday,7,Morning,60,13491
BRP,Swimfit 7am-8am,17-04-18,01-01-00 7:00,15,7,1499,April,Tuesday,7,Morning,46.66666667,10493
BRP,Swimfit 7am-8am,24-04-18,01-01-00 7:00,15,6,1499,April,Tuesday,7,Morning,40,8994
BRP,Swimfit 7am-8am,01-05-18,01-01-00 7:00,15,7,1499,May,Tuesday,7,Morning,46.66666667,10493
BRP,Swimfit 7am-8am,08-05-18,01-01-00 7:00,15,7,1499,May,Tuesday,7,Morning,46.66666667,10493
BRP,Swimfit 7am-8am,15-05-18,01-01-00 7:00,15,8,1499,May,Tuesday,7,Morning,53.33333333,11992
BRP,Swimfit 7am-8am,22-05-18,01-01-00 7:00,15,8,1499,May,Tuesday,7,Morning,53.33333333,11992
BRP,Swimfit 7am-8am,29-05-18,01-01-00 7:00,15,7,1499,May,Tuesday,7,Morning,46.66666667,10493
HXP,Swimfit 7pm - 8pm,04-04-18,01-01-00 19:00,15,11,1499,April,Wednesday,19,Evening,73.33333333,16489
HXP,Swimfit 7pm - 8pm,06-04-18,01-01-00 19:00,15,9,1499,April,Friday,19,Evening,60,13491
HXP,Swimfit 7pm - 8pm,11-04-18,01-01-00 19:00,15,10,1499,April,Wednesday,19,Evening,66.66666667,14990
HXP,Swimfit 7pm - 8pm,13-04-18,01-01-00 19:00,15,12,1499,April,Friday,19,Evening,80,17988
HXP,Swimfit 7pm - 8pm,18-04-18,01-01-00 19:00,15,9,1499,April,Wednesday,19,Evening,60,13491
HXP,Swimfit 7pm - 8pm,20-04-18,01-01-00 19:00,15,10,1499,April,Friday,19,Evening,66.66666667,14990
HXP,Swimfit 7pm - 8pm,25-04-18,01-01-00 19:00,15,10,1499,April,Wednesday,19,Evening,66.66666667,14990
HXP,Swimfit 7pm - 8pm,27-04-18,01-01-00 19:00,15,14,1499,April,Friday,19,Evening,93.33333333,20986
HXP,Swimfit 7pm - 8pm,02-05-18,01-01-00 19:00,15,12,1499,May,Wednesday,19,Evening,80,17988
HXP,Swimfit 7pm - 8pm,04-05-18,01-01-00 19:00,15,15,1499,May,Friday,19,Evening,100,22485
HXP,Swimfit 7pm - 8pm,09-05-18,01-01-00 19:00,15,11,1499,May,Wednesday,19,Evening,73.33333333,16489
HXP,Swimfit 7pm - 8pm,11-05-18,01-01-00 19:00,15,14,1499,May,Friday,19,Evening,93.33333333,20986
HXP,Swimfit 7pm - 8pm,16-05-18,01-01-00 19:00,15,10,1499,May,Wednesday,19,Evening,66.66666667,14990
HXP,Swimfit 7pm - 8pm,18-05-18,01-01-00 19:00,15,15,1499,May,Friday,19,Evening,100,22485
HXP,Swimfit 7pm - 8pm,23-05-18,01-01-00 19:00,15,10,1499,May,Wednesday,19,Evening,66.66666667,14990
HXP,Swimfit 7pm - 8pm,25-05-18,01-01-00 19:00,15,14,1499,May,Friday,19,Evening,93.33333333,20986
NBL,Tai Chi 2.00-3.00pm,09-04-18,01-01-00 14:00,60,10,3999,April,Monday,14,Afternoon,16.66666667,39990
NBL,Tai Chi 2.00-3.00pm,16-04-18,01-01-00 14:00,60,19,3999,April,Monday,14,Afternoon,31.66666667,75981
NBL,Tai Chi 2.00-3.00pm,23-04-18,01-01-00 14:00,60,18,3999,April,Monday,14,Afternoon,30,71982
NBL,Tai Chi 2.00-3.00pm,30-04-18,01-01-00 14:00,60,19,3999,April,Monday,14,Afternoon,31.66666667,75981
NBL,Tai Chi 2.00-3.00pm,14-05-18,01-01-00 14:00,60,21,3999,May,Monday,14,Afternoon,35,83979
NBL,Tai Chi 2.00-3.00pm,21-05-18,01-01-00 14:00,60,19,3999,May,Monday,14,Afternoon,31.66666667,75981
HXP,Tai-Chi  12 -1pm,05-04-18,01-01-00 12:00,25,9,3999,April,Thursday,12,Afternoon,36,35991
HXP,Tai-Chi  12 -1pm,12-04-18,01-01-00 12:00,25,10,3999,April,Thursday,12,Afternoon,40,39990
HXP,Tai-Chi  12 -1pm,19-04-18,01-01-00 12:00,25,6,3999,April,Thursday,12,Afternoon,24,23994
HXP,Tai-Chi  12 -1pm,26-04-18,01-01-00 12:00,25,7,3999,April,Thursday,12,Afternoon,28,27993
HXP,Tai-Chi  12 -1pm,03-05-18,01-01-00 12:00,25,10,3999,May,Thursday,12,Afternoon,40,39990
HXP,Tai-Chi  12 -1pm,10-05-18,01-01-00 12:00,25,9,3999,May,Thursday,12,Afternoon,36,35991
HXP,Tai-Chi  12 -1pm,17-05-18,01-01-00 12:00,25,11,3999,May,Thursday,12,Afternoon,44,43989
HXP,Tai-Chi  12 -1pm,24-05-18,01-01-00 12:00,25,12,3999,May,Thursday,12,Afternoon,48,47988
HXP,Tai-Chi  12 -1pm,31-05-18,01-01-00 12:00,25,13,3999,May,Thursday,12,Afternoon,52,51987
NBL,Tap Dancing 11.15-12.15pm,04-04-18,01-01-00 11:15,60,13,1999,April,Wednesday,11,Morning,21.66666667,25987
NBL,Tap Dancing 11.15-12.15pm,11-04-18,01-01-00 11:15,60,14,1999,April,Wednesday,11,Morning,23.33333333,27986
NBL,Tap Dancing 11.15-12.15pm,18-04-18,01-01-00 11:15,60,14,1999,April,Wednesday,11,Morning,23.33333333,27986
NBL,Tap Dancing 11.15-12.15pm,25-04-18,01-01-00 11:15,60,9,1999,April,Wednesday,11,Morning,15,17991
NBL,Tap Dancing 11.15-12.15pm,09-05-18,01-01-00 11:15,60,14,1999,May,Wednesday,11,Morning,23.33333333,27986
NBL,Tap Dancing 11.15-12.15pm,16-05-18,01-01-00 11:15,60,13,1999,May,Wednesday,11,Morning,21.66666667,25987
NBL,Tap Dancing 11.15-12.15pm,23-05-18,01-01-00 11:15,60,12,1999,May,Wednesday,11,Morning,20,23988
NBL,Tap Dancing 12-1.30pm,21-05-18,01-01-00 12:00,60,11,1999,May,Monday,12,Afternoon,18.33333333,21989
NBL,Tap Dancing 12.00-1.30pm,09-04-18,01-01-00 12:00,60,7,1999,April,Monday,12,Afternoon,11.66666667,13993
NBL,Tap Dancing 12.00-1.30pm,16-04-18,01-01-00 12:00,60,15,1999,April,Monday,12,Afternoon,25,29985
NBL,Tap Dancing 12.00-1.30pm,23-04-18,01-01-00 12:00,60,11,1999,April,Monday,12,Afternoon,18.33333333,21989
NBL,Tap Dancing 12.00-1.30pm,14-05-18,01-01-00 12:00,60,14,1999,May,Monday,12,Afternoon,23.33333333,27986
TSC,Yoga 1.45-2.45pm,02-04-18,01-01-00 13:45,24,4,1999,April,Monday,13,Afternoon,16.66666667,7996
TSC,Yoga 1.45-2.45pm,09-04-18,01-01-00 13:45,24,4,1999,April,Monday,13,Afternoon,16.66666667,7996
TSC,Yoga 1.45-2.45pm,16-04-18,01-01-00 13:45,24,8,1999,April,Monday,13,Afternoon,33.33333333,15992
TSC,Yoga 1.45-2.45pm,23-04-18,01-01-00 13:45,24,8,1999,April,Monday,13,Afternoon,33.33333333,15992
TSC,Yoga 1.45-2.45pm,30-04-18,01-01-00 13:45,24,13,1999,April,Monday,13,Afternoon,54.16666667,25987
TSC,Yoga 1.45-2.45pm,07-05-18,01-01-00 13:45,24,4,1999,May,Monday,13,Afternoon,16.66666667,7996
TSC,Yoga 1.45-2.45pm,14-05-18,01-01-00 13:45,24,2,1999,May,Monday,13,Afternoon,8.333333333,3998
TSC,Yoga 1.45-2.45pm,21-05-18,01-01-00 13:45,24,9,1999,May,Monday,13,Afternoon,37.5,17991
TSC,Yoga 1.45-2.45pm,28-05-18,01-01-00 13:45,24,4,1999,May,Monday,13,Afternoon,16.66666667,7996
TSC,Yoga 10.30-11.30am,04-04-18,01-01-00 10:30,24,21,1999,April,Wednesday,10,Morning,87.5,41979
TSC,Yoga 10.30-11.30am,06-04-18,01-01-00 10:30,24,22,1999,April,Friday,10,Morning,91.66666667,43978
TSC,Yoga 10.30-11.30am,11-04-18,01-01-00 10:30,24,23,1999,April,Wednesday,10,Morning,95.83333333,45977
TSC,Yoga 10.30-11.30am,13-04-18,01-01-00 10:30,24,23,1999,April,Friday,10,Morning,95.83333333,45977
TSC,Yoga 10.30-11.30am,18-04-18,01-01-00 10:30,24,23,1999,April,Wednesday,10,Morning,95.83333333,45977
TSC,Yoga 10.30-11.30am,20-04-18,01-01-00 10:30,24,21,1999,April,Friday,10,Morning,87.5,41979
TSC,Yoga 10.30-11.30am,25-04-18,01-01-00 10:30,24,24,1999,April,Wednesday,10,Morning,100,47976
TSC,Yoga 10.30-11.30am,27-04-18,01-01-00 10:30,24,24,1999,April,Friday,10,Morning,100,47976
TSC,Yoga 10.30-11.30am,02-05-18,01-01-00 10:30,24,24,1999,May,Wednesday,10,Morning,100,47976
TSC,Yoga 10.30-11.30am,04-05-18,01-01-00 10:30,24,24,1999,May,Friday,10,Morning,100,47976
TSC,Yoga 10.30-11.30am,09-05-18,01-01-00 10:30,24,24,1999,May,Wednesday,10,Morning,100,47976
TSC,Yoga 10.30-11.30am,11-05-18,01-01-00 10:30,24,23,1999,May,Friday,10,Morning,95.83333333,45977
TSC,Yoga 10.30-11.30am,16-05-18,01-01-00 10:30,24,24,1999,May,Wednesday,10,Morning,100,47976
TSC,Yoga 10.30-11.30am,18-05-18,01-01-00 10:30,24,24,1999,May,Friday,10,Morning,100,47976
TSC,Yoga 10.30-11.30am,23-05-18,01-01-00 10:30,24,24,1999,May,Wednesday,10,Morning,100,47976
TSC,Yoga 10.30-11.30am,25-05-18,01-01-00 10:30,24,24,1999,May,Friday,10,Morning,100,47976
TSC,Yoga 10.30-11.30am,30-05-18,01-01-00 10:30,24,22,1999,May,Wednesday,10,Morning,91.66666667,43978
TSC,Yoga 12.45-1.45pm,02-04-18,01-01-00 12:45,24,8,1999,April,Monday,12,Afternoon,33.33333333,15992
TSC,Yoga 12.45-1.45pm,09-04-18,01-01-00 12:45,24,12,1999,April,Monday,12,Afternoon,50,23988
TSC,Yoga 12.45-1.45pm,16-04-18,01-01-00 12:45,24,10,1999,April,Monday,12,Afternoon,41.66666667,19990
TSC,Yoga 12.45-1.45pm,23-04-18,01-01-00 12:45,24,8,1999,April,Monday,12,Afternoon,33.33333333,15992
TSC,Yoga 12.45-1.45pm,30-04-18,01-01-00 12:45,24,7,1999,April,Monday,12,Afternoon,29.16666667,13993
TSC,Yoga 12.45-1.45pm,07-05-18,01-01-00 12:45,24,6,1999,May,Monday,12,Afternoon,25,11994
TSC,Yoga 12.45-1.45pm,14-05-18,01-01-00 12:45,24,9,1999,May,Monday,12,Afternoon,37.5,17991
TSC,Yoga 12.45-1.45pm,21-05-18,01-01-00 12:45,24,9,1999,May,Monday,12,Afternoon,37.5,17991
TSC,Yoga 12.45-1.45pm,28-05-18,01-01-00 12:45,24,11,1999,May,Monday,12,Afternoon,45.83333333,21989
BRP,Yogalates  6.30-7.30pm,04-04-18,01-01-00 18:30,35,29,2999,April,Wednesday,18,Evening,82.85714286,86971
BRP,Yogalates  6.30-7.30pm,11-04-18,01-01-00 18:30,35,31,2999,April,Wednesday,18,Evening,88.57142857,92969
BRP,Yogalates  6.30-7.30pm,18-04-18,01-01-00 18:30,35,30,2999,April,Wednesday,18,Evening,85.71428571,89970
BRP,Yogalates  6.30-7.30pm,25-04-18,01-01-00 18:30,35,35,2999,April,Wednesday,18,Evening,100,104965
BRP,Yogalates  6.30-7.30pm,02-05-18,01-01-00 18:30,35,31,2999,May,Wednesday,18,Evening,88.57142857,92969
BRP,Yogalates  6.30-7.30pm,09-05-18,01-01-00 18:30,35,19,2999,May,Wednesday,18,Evening,54.28571429,56981
BRP,Yogalates  6.30-7.30pm,16-05-18,01-01-00 18:30,35,20,2999,May,Wednesday,18,Evening,57.14285714,59980
TSC,Yogalates 10.00-11.00am,05-04-18,01-01-00 10:00,24,9,2999,April,Thursday,10,Morning,37.5,26991
TSC,Yogalates 10.00-11.00am,12-04-18,01-01-00 10:00,24,13,2999,April,Thursday,10,Morning,54.16666667,38987
TSC,Yogalates 10.00-11.00am,19-04-18,01-01-00 10:00,24,11,2999,April,Thursday,10,Morning,45.83333333,32989
TSC,Yogalates 10.00-11.00am,26-04-18,01-01-00 10:00,24,8,2999,April,Thursday,10,Morning,33.33333333,23992
TSC,Yogalates 10.00-11.00am,03-05-18,01-01-00 10:00,24,11,2999,May,Thursday,10,Morning,45.83333333,32989
TSC,Yogalates 10.00-11.00am,10-05-18,01-01-00 10:00,24,12,2999,May,Thursday,10,Morning,50,35988
TSC,Yogalates 10.00-11.00am,17-05-18,01-01-00 10:00,24,11,2999,May,Thursday,10,Morning,45.83333333,32989
TSC,Yogalates 10.00-11.00am,24-05-18,01-01-00 10:00,24,13,2999,May,Thursday,10,Morning,54.16666667,38987
TSC,Yogalates 10.00-11.00am,31-05-18,01-01-00 10:00,24,17,2999,May,Thursday,10,Morning,70.83333333,50983
TSC,Yogalates 10.30-11.30am,02-04-18,01-01-00 10:30,24,10,2999,April,Monday,10,Morning,41.66666667,29990
TSC,Yogalates 10.30-11.30am,09-04-18,01-01-00 10:30,24,13,2999,April,Monday,10,Morning,54.16666667,38987
TSC,Yogalates 10.30-11.30am,16-04-18,01-01-00 10:30,24,13,2999,April,Monday,10,Morning,54.16666667,38987
TSC,Yogalates 10.30-11.30am,23-04-18,01-01-00 10:30,24,10,2999,April,Monday,10,Morning,41.66666667,29990
TSC,Yogalates 10.30-11.30am,30-04-18,01-01-00 10:30,24,11,2999,April,Monday,10,Morning,45.83333333,32989
TSC,Yogalates 10.30-11.30am,07-05-18,01-01-00 10:30,24,9,2999,May,Monday,10,Morning,37.5,26991
TSC,Yogalates 10.30-11.30am,14-05-18,01-01-00 10:30,24,11,2999,May,Monday,10,Morning,45.83333333,32989
TSC,Yogalates 10.30-11.30am,21-05-18,01-01-00 10:30,24,14,2999,May,Monday,10,Morning,58.33333333,41986
TSC,Yogalates 10.30-11.30am,28-05-18,01-01-00 10:30,24,8,2999,May,Monday,10,Morning,33.33333333,23992
BRP,Yogalates 10.30am,06-04-18,01-01-00 10:30,35,32,2999,April,Friday,10,Morning,91.42857143,95968
BRP,Yogalates 10.30am,13-04-18,01-01-00 10:30,35,31,2999,April,Friday,10,Morning,88.57142857,92969
BRP,Yogalates 10.30am,20-04-18,01-01-00 10:30,35,29,2999,April,Friday,10,Morning,82.85714286,86971
BRP,Yogalates 10.30am,27-04-18,01-01-00 10:30,35,25,2999,April,Friday,10,Morning,71.42857143,74975
BRP,Yogalates 10.30am,04-05-18,01-01-00 10:30,35,25,2999,May,Friday,10,Morning,71.42857143,74975
BRP,Yogalates 10.30am,11-05-18,01-01-00 10:30,35,23,2999,May,Friday,10,Morning,65.71428571,68977
BRP,Yogalates 10.30am,18-05-18,01-01-00 10:30,35,20,2999,May,Friday,10,Morning,57.14285714,59980
BRP,Yogalates 10.30am,25-05-18,01-01-00 10:30,35,24,2999,May,Friday,10,Morning,68.57142857,71976
BRP,Yogalates 11.00-12.00,05-04-18,01-01-00 11:00,35,16,2999,April,Thursday,11,Morning,45.71428571,47984
BRP,Yogalates 11.00-12.00,12-04-18,01-01-00 11:00,35,9,2999,April,Thursday,11,Morning,25.71428571,26991
BRP,Yogalates 11.00-12.00,19-04-18,01-01-00 11:00,35,13,2999,April,Thursday,11,Morning,37.14285714,38987
BRP,Yogalates 11.00-12.00,26-04-18,01-01-00 11:00,35,16,2999,April,Thursday,11,Morning,45.71428571,47984
BRP,Yogalates 11.00-12.00,03-05-18,01-01-00 11:00,35,21,2999,May,Thursday,11,Morning,60,62979
BRP,Yogalates 11.00-12.00,10-05-18,01-01-00 11:00,35,14,2999,May,Thursday,11,Morning,40,41986
BRP,Yogalates 11.00-12.00,31-05-18,01-01-00 11:00,35,11,2999,May,Thursday,11,Morning,31.42857143,32989
BRP,Yogalates 7.00-8.00pm,05-04-18,01-01-00 19:00,35,33,2999,April,Thursday,19,Evening,94.28571429,98967
BRP,Yogalates 7.00-8.00pm,12-04-18,01-01-00 19:00,35,31,2999,April,Thursday,19,Evening,88.57142857,92969
BRP,Yogalates 7.00-8.00pm,19-04-18,01-01-00 19:00,35,29,2999,April,Thursday,19,Evening,82.85714286,86971
BRP,Yogalates 7.00-8.00pm,26-04-18,01-01-00 19:00,35,30,2999,April,Thursday,19,Evening,85.71428571,89970
BRP,Yogalates 7.00-8.00pm,03-05-18,01-01-00 19:00,35,31,2999,May,Thursday,19,Evening,88.57142857,92969
BRP,Yogalates 7.00-8.00pm,10-05-18,01-01-00 19:00,35,27,2999,May,Thursday,19,Evening,77.14285714,80973
BRP,Yogalates 7.00-8.00pm,17-05-18,01-01-00 19:00,35,28,2999,May,Thursday,19,Evening,80,83972
BRP,Yogalates 7.00-8.00pm,24-05-18,01-01-00 19:00,35,33,2999,May,Thursday,19,Evening,94.28571429,98967
BRP,Yogalates 7.00-8.00pm,31-05-18,01-01-00 19:00,35,33,2999,May,Thursday,19,Evening,94.28571429,98967
TSC,Yogalates 7.45-8.30pm,03-04-18,01-01-00 19:30,24,18,2999,April,Tuesday,19,Evening,75,53982
TSC,Yogalates 7.45-8.30pm,10-04-18,01-01-00 19:30,24,17,2999,April,Tuesday,19,Evening,70.83333333,50983
TSC,Yogalates 7.45-8.30pm,17-04-18,01-01-00 19:30,24,20,2999,April,Tuesday,19,Evening,83.33333333,59980
TSC,Yogalates 7.45-8.30pm,24-04-18,01-01-00 19:30,24,17,2999,April,Tuesday,19,Evening,70.83333333,50983
TSC,Yogalates 7.45-8.30pm,01-05-18,01-01-00 19:30,24,18,2999,May,Tuesday,19,Evening,75,53982
TSC,Yogalates 7.45-8.30pm,08-05-18,01-01-00 19:30,24,15,2999,May,Tuesday,19,Evening,62.5,44985
TSC,Yogalates 7.45-8.30pm,15-05-18,01-01-00 19:30,24,15,2999,May,Tuesday,19,Evening,62.5,44985
TSC,Yogalates 7.45-8.30pm,22-05-18,01-01-00 19:30,24,14,2999,May,Tuesday,19,Evening,58.33333333,41986
TSC,Yogalates 7.45-8.30pm,29-05-18,01-01-00 19:30,24,15,2999,May,Tuesday,19,Evening,62.5,44985
BRP,Zumba,03-04-18,01-01-00 17:30,35,25,1299,April,Tuesday,17,Evening,71.42857143,32475
BRP,Zumba,10-04-18,01-01-00 17:30,35,27,1299,April,Tuesday,17,Evening,77.14285714,35073
BRP,Zumba,17-04-18,01-01-00 17:30,35,31,1299,April,Tuesday,17,Evening,88.57142857,40269
BRP,Zumba,24-04-18,01-01-00 17:30,35,33,1299,April,Tuesday,17,Evening,94.28571429,42867
BRP,Zumba,01-05-18,01-01-00 17:30,35,31,1299,May,Tuesday,17,Evening,88.57142857,40269
BRP,Zumba,08-05-18,01-01-00 17:30,35,24,1299,May,Tuesday,17,Evening,68.57142857,31176
BRP,Zumba,15-05-18,01-01-00 17:30,35,28,1299,May,Tuesday,17,Evening,80,36372
BRP,Zumba,22-05-18,01-01-00 17:30,35,28,1299,May,Tuesday,17,Evening,80,36372
BRP,Zumba,29-05-18,01-01-00 17:30,35,27,1299,May,Tuesday,17,Evening,77.14285714,35073
TSC,Zumba  6.30-7.30pm,09-04-18,01-01-00 18:30,18,13,1299,April,Monday,18,Evening,72.22222222,16887
TSC,Zumba  6.30-7.30pm,16-04-18,01-01-00 18:30,18,15,1299,April,Monday,18,Evening,83.33333333,19485
TSC,Zumba  6.30-7.30pm,23-04-18,01-01-00 18:30,18,11,1299,April,Monday,18,Evening,61.11111111,14289
TSC,Zumba  6.30-7.30pm,30-04-18,01-01-00 18:30,18,12,1299,April,Monday,18,Evening,66.66666667,15588
TSC,Zumba  6.30-7.30pm,14-05-18,01-01-00 18:30,18,13,1299,May,Monday,18,Evening,72.22222222,16887
TSC,Zumba  6.30-7.30pm,21-05-18,01-01-00 18:30,18,5,1299,May,Monday,18,Evening,27.77777778,6495
TSC,Zumba - 6-7pm,26-04-18,01-01-00 18:00,50,17,1299,April,Thursday,18,Evening,34,22083
TSC,Zumba - 6-7pm,03-05-18,01-01-00 18:00,50,14,1299,May,Thursday,18,Evening,28,18186
TSC,Zumba - 6-7pm,10-05-18,01-01-00 18:00,50,15,1299,May,Thursday,18,Evening,30,19485
TSC,Zumba - 6-7pm,17-05-18,01-01-00 18:00,50,1,1299,May,Thursday,18,Evening,2,1299
TSC,Zumba - 6-7pm,31-05-18,01-01-00 18:00,50,13,1299,May,Thursday,18,Evening,26,16887
HXP,Zumba 10.00-10.50.Am,07-04-18,01-01-00 10:00,25,25,1299,April,Saturday,10,Morning,100,32475
HXP,Zumba 10.00-10.50.Am,14-04-18,01-01-00 10:00,25,14,1299,April,Saturday,10,Morning,56,18186
HXP,Zumba 10.00-10.50.Am,21-04-18,01-01-00 10:00,25,20,1299,April,Saturday,10,Morning,80,25980
HXP,Zumba 10.00-10.50.Am,28-04-18,01-01-00 10:00,25,24,1299,April,Saturday,10,Morning,96,31176
HXP,Zumba 10.00-10.50.Am,05-05-18,01-01-00 10:00,25,23,1299,May,Saturday,10,Morning,92,29877
HXP,Zumba 10.00-10.50.Am,12-05-18,01-01-00 10:00,25,25,1299,May,Saturday,10,Morning,100,32475
HXP,Zumba 10.00-10.50.Am,19-05-18,01-01-00 10:00,25,19,1299,May,Saturday,10,Morning,76,24681
HXP,Zumba 10.00-10.50.Am,26-05-18,01-01-00 10:00,25,17,1299,May,Saturday,10,Morning,68,22083
BRP,Zumba 12.45-1.45pm,04-04-18,01-01-00 12:45,35,17,1299,April,Wednesday,12,Afternoon,48.57142857,22083
BRP,Zumba 12.45-1.45pm,11-04-18,01-01-00 12:45,35,14,1299,April,Wednesday,12,Afternoon,40,18186
BRP,Zumba 12.45-1.45pm,25-04-18,01-01-00 12:45,35,19,1299,April,Wednesday,12,Afternoon,54.28571429,24681
BRP,Zumba 12.45-1.45pm,02-05-18,01-01-00 12:45,35,18,1299,May,Wednesday,12,Afternoon,51.42857143,23382
BRP,Zumba 12.45-1.45pm,09-05-18,01-01-00 12:45,35,14,1299,May,Wednesday,12,Afternoon,40,18186
BRP,Zumba 12.45-1.45pm,16-05-18,01-01-00 12:45,35,12,1299,May,Wednesday,12,Afternoon,34.28571429,15588
BRP,Zumba 12.45-1.45pm,23-05-18,01-01-00 12:45,35,12,1299,May,Wednesday,12,Afternoon,34.28571429,15588
BRP,Zumba 12.45-1.45pm,30-05-18,01-01-00 12:45,35,15,1299,May,Wednesday,12,Afternoon,42.85714286,19485
TSC,Zumba 6.00 - 7.00pm,12-04-18,01-01-00 18:00,35,14,1299,April,Thursday,18,Evening,40,18186
TSC,Zumba 6.00 - 7.00pm,19-04-18,01-01-00 18:00,35,8,1299,April,Thursday,18,Evening,22.85714286,10392
HXP,Zumba 6.15-7.15pm,03-04-18,01-01-00 18:15,25,25,1299,April,Tuesday,18,Evening,100,32475
HXP,Zumba 6.15-7.15pm,10-04-18,01-01-00 18:15,25,24,1299,April,Tuesday,18,Evening,96,31176
HXP,Zumba 6.15-7.15pm,17-04-18,01-01-00 18:15,25,26,1299,April,Tuesday,18,Evening,104,33774
HXP,Zumba 6.15-7.15pm,24-04-18,01-01-00 18:15,25,25,1299,April,Tuesday,18,Evening,100,32475
HXP,Zumba 6.15-7.15pm,01-05-18,01-01-00 18:15,25,25,1299,May,Tuesday,18,Evening,100,32475
HXP,Zumba 6.15-7.15pm,08-05-18,01-01-00 18:15,25,25,1299,May,Tuesday,18,Evening,100,32475
HXP,Zumba 6.15-7.15pm,15-05-18,01-01-00 18:15,25,25,1299,May,Tuesday,18,Evening,100,32475
HXP,Zumba 6.15-7.15pm,22-05-18,01-01-00 18:15,25,25,1299,May,Tuesday,18,Evening,100,32475
HXP,Zumba 6.15-7.15pm,29-05-18,01-01-00 18:15,25,23,1299,May,Tuesday,18,Evening,92,29877
NBL,Zumba 9.30-10.30am,01-04-18,01-01-00 9:30,60,27,1299,April,Sunday,9,Morning,45,35073
NBL,Zumba 9.30-10.30am,08-04-18,01-01-00 9:30,60,24,1299,April,Sunday,9,Morning,40,31176
NBL,Zumba 9.30-10.30am,15-04-18,01-01-00 9:30,60,38,1299,April,Sunday,9,Morning,63.33333333,49362
NBL,Zumba 9.30-10.30am,22-04-18,01-01-00 9:30,60,25,1299,April,Sunday,9,Morning,41.66666667,32475
NBL,Zumba 9.30-10.30am,29-04-18,01-01-00 9:30,60,27,1299,April,Sunday,9,Morning,45,35073
NBL,Zumba 9.30-10.30am,06-05-18,01-01-00 9:30,60,20,1299,May,Sunday,9,Morning,33.33333333,25980
NBL,Zumba 9.30-10.30am,13-05-18,01-01-00 9:30,60,35,1299,May,Sunday,9,Morning,58.33333333,45465
NBL,Zumba 9.30-10.30am,20-05-18,01-01-00 9:30,60,21,1299,May,Sunday,9,Morning,35,27279
NBL,Zumba 9.30-10.30am,27-05-18,01-01-00 9:30,60,23,1299,May,Sunday,9,Morning,38.33333333,29877
NBL,Zumba Gold 1.45-2.45pm,05-04-18,01-01-00 13:45,60,20,1999,April,Thursday,13,Afternoon,33.33333333,39980
NBL,Zumba Gold 1.45-2.45pm,12-04-18,01-01-00 13:45,60,26,1999,April,Thursday,13,Afternoon,43.33333333,51974
NBL,Zumba Gold 1.45-2.45pm,19-04-18,01-01-00 13:45,60,10,1999,April,Thursday,13,Afternoon,16.66666667,19990
NBL,Zumba Gold 1.45-2.45pm,26-04-18,01-01-00 13:45,60,34,1999,April,Thursday,13,Afternoon,56.66666667,67966
NBL,Zumba Gold 1.45-2.45pm,03-05-18,01-01-00 13:45,60,17,1999,May,Thursday,13,Afternoon,28.33333333,33983
NBL,Zumba Gold 1.45-2.45pm,10-05-18,01-01-00 13:45,60,25,1999,May,Thursday,13,Afternoon,41.66666667,49975
NBL,Zumba Gold 1.45-2.45pm,17-05-18,01-01-00 13:45,60,17,1999,May,Thursday,13,Afternoon,28.33333333,33983
NBL,Zumba Gold 1.45-2.45pm,24-05-18,01-01-00 13:45,60,17,1999,May,Thursday,13,Afternoon,28.33333333,33983
NBL,Zumba Gold 1.45-2.45pm,31-05-18,01-01-00 13:45,60,23,1999,May,Thursday,13,Afternoon,38.33333333,45977
NBL,Zumba Gold 12.45-1.45pm,03-04-18,01-01-00 12:45,60,43,1999,April,Tuesday,12,Afternoon,71.66666667,85957
NBL,Zumba Gold 12.45-1.45pm,10-04-18,01-01-00 12:45,60,41,1999,April,Tuesday,12,Afternoon,68.33333333,81959
NBL,Zumba Gold 12.45-1.45pm,17-04-18,01-01-00 12:45,60,45,1999,April,Tuesday,12,Afternoon,75,89955
NBL,Zumba Gold 12.45-1.45pm,24-04-18,01-01-00 12:45,60,39,1999,April,Tuesday,12,Afternoon,65,77961
NBL,Zumba Gold 12.45-1.45pm,01-05-18,01-01-00 12:45,60,47,1999,May,Tuesday,12,Afternoon,78.33333333,93953
NBL,Zumba Gold 12.45-1.45pm,08-05-18,01-01-00 12:45,60,42,1999,May,Tuesday,12,Afternoon,70,83958
NBL,Zumba Gold 12.45-1.45pm,15-05-18,01-01-00 12:45,60,38,1999,May,Tuesday,12,Afternoon,63.33333333,75962
NBL,Zumba Gold 12.45-1.45pm,22-05-18,01-01-00 12:45,60,39,1999,May,Tuesday,12,Afternoon,65,77961
NBL,Zumba Gold 12.45-1.45pm,29-05-18,01-01-00 12:45,60,41,1999,May,Tuesday,12,Afternoon,68.33333333,81959
